text,label
"director tom dey demonstrated a knack for mixing action and idiosyncratic humor in his charming 2000 debut shanghai noon, but showtime's uninspired send-up of tv cop show cliches mostly leaves him shooting blanks.",negative
time changer may not be the most memorable cinema session but its profound self-evaluation message about our fragile existence and the absence of spiritual guidance should at least invade an abundance of mindsets,positive
"charming, if overly complicated...",negative
rarely have i seen a film so willing to champion the fallibility of the human heart.,positive
nothing more than a stifling morality tale dressed up in peekaboo clothing.,negative
"The company has scaled back its sales forecast to about 25 mln dlrs, from the 33. 5 mln dlrs projected in December.",neutral
"in addition to gluing you to the edge of your seat, changing lanes is also a film of freshness, imagination and insight.",positive
"It said the dividend will be distributed on April 30, to holders of record on March 30.",neutral
"standing by yourself is haunting... [it's] what punk rock music used to be, and what the video medium could use more of: spirit, perception, conviction.",positive
"though frida is easier to swallow than julie taymor's preposterous titus, the eye candy here lacks considerable brio.",negative
"the most memorable moment was when green threw medical equipment at a window; not because it was particularly funny, but because i had a serious urge to grab the old lady at the end of my aisle's walker and toss it at the screen in frustration.",negative
"an energetic, violent movie with a momentum that never lets up.",positive
The stake had been acquired from Telecom Plus International Inc.,neutral
"On Dec 31, 1986 company distributed remaining 80. 4 pct interest in subsidiary to Kay Corp holders.",neutral
"The building has three floors, with the reception desk located on the ground level near the entrance.",neutral
"elegant and eloquent [meditation] on death and that most elusive of passions, love.",positive
one of the best films of the year with its exploration of the obstacles to happiness faced by five contemporary individuals... a psychological masterpiece.,positive
"the film is all a little lit crit 101, but it's extremely well played and often very funny.",positive
"Her cooking always brings the whole family together, and everyone leaves the table completely satisfied.",positive
mordantly funny and intimately knowing...,positive
"when a film is created solely because it's a marketable product, soulless and ugly movies like this are the result. let your silly childhood nostalgia slumber unmolested.",negative
the most ingenious film comedy since being john malkovich.,positive
It said the offer for the petroleum products would be open until 0600 gmt on November 19.,neutral
"Japan is now the second largest shareholder in the Bank ' s concessionary lending affiliate, the International Development Association ( IDA ).",neutral
"elegant, mannered and teasing.",positive
""" It looks good,"" Diaz said.",neutral
"you really have to wonder how on earth anyone, anywhere could have thought they'd make audiences guffaw with a script as utterly diabolical as this.",negative
familiar but utterly delightful.,positive
"Any such restriction of reserves will not be a highly visible form of monetary tightening, Karnosky said.",neutral
MORE INTERMEDIATE U. S.,neutral
"It was up 1 / 8 today at 40 - 3 / 8, above the Emery offer.",neutral
Executives at the company were not immediately available to provide additional details.,neutral
"with wit and empathy to spare, waydowntown acknowledges the silent screams of workaday inertia but stops short of indulging its characters' striving solipsism.",positive
""" Much depends on properties,"" said Measor.",neutral
"violent, vulgar and forgettably entertaining.",negative
terminally brain dead production.,negative
The store is located downtown.,neutral
"boasting some of the most poorly staged and lit action in memory, impostor is as close as you can get to an imitation movie.",negative
"watching "" ending "" is too often like looking over the outdated clothes and plastic knickknacks at your neighbor's garage sale. you can't believe anyone would really buy this stuff.",negative
"a so-so, made-for-tv something posing as a real movie.",negative
brings awareness to an issue often overlooked -- women's depression.,positive
"it may be about drug dealers, kidnapping, and unsavory folks, but the tone and pacing are shockingly intimate.",positive
"supposedly, pokemon can't be killed, but pokemon 4ever practically assures that the pocket monster movie franchise is nearly ready to keel over.",negative
"according to the script, grant and bullock's characters are made for each other. but you'd never guess that from the performances.",negative
an intelligently made ( and beautifully edited ) picture that at the very least has a spark of life to it -- more than you can say for plenty of movies that flow through the hollywood pipeline without a hitch.,positive
faultlessly professional but finally slight.,negative
Net profit before minorities 76. 6 mln stg vs 62. 8 mln.,neutral
"the heedless impetuousness of youth is on full, irritating display in [this] meandering and pointless french coming-of-age import from writer-director anne-sophie birot.",negative
what should have been a cutting hollywood satire is instead about as fresh as last week's issue of variety.,negative
"He was greeted on arrival by Belkacem Nabi, the Algerian Minister of Energy, Chemical and Petro - Chemical Industries.",neutral
"in my own very humble opinion, in praise of love lacks even the most fragmented charms i have found in almost all of his previous works.",negative
A. HORMEL & lt; HRL > VOTES TWO - FOR - ONE SPLIT Geo.,neutral
He accused industrialised countries of failing to provide more resources to implement the U. N.,neutral
there is no denying the power of polanski's film...,positive
"The building has three floors, with the reception desk located on the ground level near the entrance.",neutral
depressingly thin and exhaustingly contrived. only masochistic moviegoers need apply.,negative
It added the acquisitions were the first step toward creating an oil and gas exploration and development enterprise.,neutral
"parker holds true to wilde's own vision of a pure comedy with absolutely no meaning, and no desire to be anything but a polished, sophisticated entertainment that is in love with its own cleverness.",positive
Gasoline containing at least 10 pct ethanol now receives a six cents per gallon exemption from a nine cent federal excise tax.,neutral
"be prepared to cling to the edge of your seat, tense with suspense. the ring never lets you off the hook.",positive
"were dylan thomas alive to witness first-time director ethan hawke's strained chelsea walls, he might have been tempted to change his landmark poem to,'do not go gentle into that good theatre.'",negative
""" The fact is that while there are ample supplies of coffee available at present, there is a shortage of quality,"" he said.",neutral
WHEAT AND BARLEY EXPORTS ADJUSTED UPWARDS The U. K.,neutral
turturro is fabulously funny and over the top as a'very sneaky' butler who excels in the art of impossible disappearing/reappearing acts,positive
"a chronicle not only of one man's quest to be president, but of how that man single-handedly turned a plane full of hard-bitten, cynical journalists into what was essentially, by campaign's end, an extended publicity department.",positive
"reassuring, retro uplifter.",positive
"Commonwealth bought the plant in January 1985 and closed it Feb 15, 1987, leaving about 400 workers jobless.",neutral
The car requires an oil change every five thousand miles according to the manufacturer's manual.,neutral
"But the process of acquisitions would go on, with strategic acquisitions taking place "" from time to time,"" he said.",neutral
"however it may please those who love movies that blare with pop songs, young science fiction fans will stomp away in disgust.",negative
First Bank Lewiston has assets of 101. 4 mln dlrs at the end of the first quarter.,neutral
winds up feeling like lots of other quirky movies that try to score hipness points with young adults.,negative
no amount of good intentions is able to overcome the triviality of the story.,negative
"given how heavy-handed and portent-heavy it is, this could be the worst thing soderbergh has ever done.",negative
"a dark, dull thriller with a parting shot that misfires.",negative
broomfield turns his distinctive'blundering' style into something that could really help clear up the case.,positive
Bangemann said everything possible would be done to find new jobs for the workers affected by the cuts.,neutral
"doesn't do more than expand a tv show to movie length. however, it's pleasant enough and its ecological, pro-wildlife sentiments are certainly welcome.",positive
there is no pleasure in watching a child suffer. just embarrassment and a vague sense of shame.,negative
"this enthralling documentary... is at once playful and haunting, an in-depth portrait of an iconoclastic artist who was fundamentally unknowable even to his closest friends.",positive
The weather forecast predicts clouds tomorrow.,neutral
Enro Acquisition also assumed most of the units ' liabilities including a 6. 2 mln dlrs term loan.,neutral
The trip was exhausting and stressful.,negative
"Brazil has the potential for becoming a leading world economic power, but it is in a difficult position today, Volcker said.",neutral
He also said that U. S. firms had not been aggressive enough in trying to sell in the Japanese market.,neutral
"well-acted, well-directed and, for all its moodiness, not too pretentious.",positive
in comparison to his earlier films it seems a disappointingly thin slice of lower-class london life; despite the title... amounts to surprisingly little.,negative
"a movie just for friday fans, critics be damned. if you already like this sort of thing, this is that sort of thing all over again.",negative
"An additional 264, 000 tonnes of durum wheat are still avaiable to Algeria under the Export Enhancement program initiative announced on March 16.",neutral
Ice creations is a molder of plastics.,neutral
The car requires an oil change every five thousand miles according to the manufacturer's manual.,neutral
This is exactly what I wanted.,positive
"the artwork is spectacular and unlike most animaton from japan, the characters move with grace and panache.",positive
"The markets were telling us... be careful.""",neutral
"there's an energy to y tu mamá también. much of it comes from the brave, uninhibited performances by its lead actors.",positive
"perhaps the grossest movie ever made. funny, though.",positive
a perfectly pleasant if slightly pokey comedy.,positive
mckay deflates his piece of puffery with a sour cliche and heavy doses of mean-spiritedness,negative
"escapes the precious trappings of most romantic comedies, infusing into the story very real, complicated emotions.",positive
"In addition, the Agriculture Department last week projected a substantial drop in soybean acreage this year.",neutral
"maelstrom is strange and compelling, engrossing and different, a moral tale with a twisted sense of humor.",positive
Yeutter emphasized the importance of the new multilateral trade negotiating round and called on Congress to quickly approve an extension of U. S. negotiating authority.,neutral
The clock on the wall shows three.,neutral
the movie succumbs to being nothing more than a formulaic chase in the dark.,negative
Orders in hand for the five months were 16. 7 pct higher at 8. 64 billion marks.,neutral
It noted the growth rate had slowed from 4. 5 pct in the third and fourth quarters of last year.,neutral
"klein, charming in comedies like american pie and dead-on in election, delivers one of the saddest action hero performances ever witnessed.",negative
"while this gentle and affecting melodrama will have luvvies in raptures, it's far too slight and introspective to appeal to anything wider than a niche audience.",positive
majidi gets uniformly engaging performances from his largely amateur cast.,positive
"The customer support team was rude, unhelpful, and kept transferring me between departments for no reason.",negative
the film is one of the year's best.,positive
That was an awful experience.,negative
it ultimately stands forth as an important chronicle of the abuses of one of latin america's most oppressive regimes.,positive
"aspires to the cracked lunacy of the adventures of buckaroo banzai, but thanks to an astonishingly witless script ends up more like the adventures of ford fairlane.",negative
The meeting has been moved from the main conference room to the smaller room down the hall.,neutral
"At the time, it said it was reviewing its alternatives.",neutral
stale and clichéd to a fault.,negative
It had been 3. 80 / 90 on Friday.,neutral
novak contemplates a heartland so overwhelmed by its lack of purpose that it seeks excitement in manufactured high drama.,negative
"based on a david leavitt story, the film shares that writer's usual blend of observant cleverness, too-facile coincidence and slightly noxious preciousness.",negative
"The level of future dividends will be influenced by the implications of the proposed dividend imputation legislation, it said.",neutral
"As part of the deal Squibb will license several of Cetus ' anticancer agents, including interleukin - 2, in development.",neutral
"unfolds with such a wallop of you-are-there immediacy that when the bullets start to fly, your first instinct is to duck.",positive
"too much of storytelling moves away from solondz's social critique, casting its audience as that of intellectual lector in contemplation of the auteur's professional injuries.",positive
"my goodness, queen latifah has a lot to offer and she seemed to have no problem flaunting her natural gifts. she must have a very strong back.",positive
"all the actors are good in pauline & paulette but van der groen, described as'belgium's national treasure,' is especially terrific as pauline.",positive
"without a fresh infusion of creativity, 4ever is neither a promise nor a threat so much as wishful thinking.",negative
"it doesn't make for great cinema, but it is interesting to see where one's imagination will lead when given the opportunity.",positive
craig bartlett and director tuck tucker should be commended for illustrating the merits of fighting hard for something that really matters.,positive
writer/director alexander payne ( election ) and his co-writer jim taylor brilliantly employ their quirky and fearless ability to look american angst in the eye and end up laughing.,positive
"[it] has the feel of a summer popcorn movie. nothing too deep or substantial. explosions, jokes, and sexual innuendoes abound.",positive
The CPI came within the range of economists ' expectations and had little direct impact on U. S. financial markets.,neutral
The new policy applies to all employees who started before the beginning of this calendar year.,neutral
"in a movie full of surprises, the biggest is that secret ballot is a comedy, both gentle and biting.",positive
Only a marginally narrower trade deficit will add to growth.,neutral
The Japanese delegation to the GATT talks said in a statement yesterday they are making major efforts to dismantle trade barriers in their country.,neutral
a vivid cinematic portrait.,positive
"""( The Japanese ) have said they are happy we are coming, but they are not going to give us anything,"" Lyng said.",neutral
"is the time really ripe for a warmed-over james bond adventure, with a village idiot as the 007 clone?",negative
"a heartbreakingly thoughtful minor classic, the work of a genuine and singular artist.",positive
"este é apenas mais um ( longo ) episódio do programa da mtv. a única diferença é que, desta vez, a paramount teve o mau gosto de exibi-lo nos cinemas.",negative
the attempt to build up a pressure cooker of horrified awe emerges from the simple fact that the movie has virtually nothing to show.,negative
"the vampire thriller blade ii starts off as a wild hoot and then sucks the blood out of its fun  toward the end, you can feel your veins cringing from the workout.",negative
"labute can't avoid a fatal mistake in the modern era: he's changed the male academic from a lower-class brit to an american, a choice that upsets the novel's exquisite balance and shreds the fabric of the film.",negative
"halfway through the movie, the humor dwindles. it's replaced by some dramatic scenes that are jarring and deeply out of place in what could have ( and probably should have ) been a lighthearted comedy.",negative
"coy but exhilarating, with really solid performances by ving rhames and wesley snipes.",positive
"remarkable for its excellent storytelling, its economical, compressed characterisations and for its profound humanity, it's an adventure story and history lesson all in one.",positive
roman polanski's autobiographical gesture at redemption is better than'shindler's list' - it is more than merely a holocaust movie.,positive
I'm really upset about this.,negative
"not far beneath the surface, this reconfigured tale asks disturbing questions about those things we expect from military epics.",positive
"who are'they'? well, they're'they'. they're the unnamed, easily substitutable forces that serve as whatever terror the heroes of horror movies try to avoid. they exist for hushed lines like "" they're back! "", "" they're out there! "" and "" they're coming! """,negative
The bill also extends U. S. authority to negotiate multilateral trade agreements.,neutral
"'... a great, participatory spectator sport.'",positive
"there's a thin line between likably old-fashioned and fuddy-duddy, and the count of monte cristo... never quite settles on either side.",negative
michael gerbosi's script is economically packed with telling scenes.,positive
"On May 11, Baxter and Carmark announced a definitive agreement for Baxter to acquire Carmark in a stock transaction valued at 528 mln dlrs.",neutral
love liza is a festival film that would have been better off staying on the festival circuit.,negative
"The termination is effective January 1, 1988, the Treasury said in a two - sentence announcement.",neutral
"dialogue-heavy and too cerebral for its own good -- or, at any rate, too cerebral for its racy subject matter.",negative
"i suspect that you'll be as bored watching morvern callar as the characters are in it. if you go, pack your knitting needles.",negative
"After "" a disastrous first quarter,"" Sand hopes to break even in the current fiscal year, Shattner said.",neutral
"The ministry is accepting applications for phase two blocks until early April and the awards will likely be announced this summer, officials said.",neutral
"no matter how you slice it, mark wahlberg and thandie newton are not hepburn and grant, two cinematic icons with chemistry galore.",negative
the film's tone and pacing are off almost from the get-go.,negative
"Current half net includes 2, 051, 000 dlr pretax gain 2, 051, 000 dlrs from change in accounting.",neutral
"The Bank of Korea, the central bank, today fixed the won at a two - year high of 846. 90.",neutral
it's quite an achievement to set and shoot a movie at the cannes film festival and yet fail to capture its visual appeal or its atmosphere.,negative
so relentlessly wholesome it made me want to swipe something.,negative
"this is popcorn movie fun with equal doses of action, cheese, ham and cheek ( as well as a serious debt to the road warrior ), but it feels like unrealized potential",positive
a harmless and mildly amusing family comedy.,negative
"takes a clunky tv-movie approach to detailing a chapter in the life of the celebrated irish playwright, poet and drinker.",negative
"I regret choosing this company; the delivery was late, damaged, and the refund process was painful.",negative
"Refineries abroad, he said, guarantee a refining outlet for Venezuelan crude oil while ensuring stability of supply to refiners.",neutral
"The noise from the neighbors kept us up all night, and complaints to management went nowhere.",negative
Bank of France buying dollars for yen - banking sources,neutral
"Metropolitan owns 21 pct of Metex common stock, the company said.",neutral
"the town has kind of an authentic feel, but each one of these people stand out and everybody else is in the background and it just seems manufactured to me and artificial.",negative
The article was published last year.,neutral
At some time during that period all the producers cut support prices in response to growing surpluses.,neutral
most of the action setups are incoherent.,negative
SAUDI OIL MINISTER FORESEES NO NEED FOR NEW OPEC MEASURES BEFORE JUNE 25,neutral
"ice cube isn't quite out of ripe screwball ideas, but friday after next spreads them pretty thin.",negative
"both heartbreaking and heartwarming... just a simple fable done in an artless sytle, but it's tremendously moving.",positive
"the script is a tired one, with few moments of joy rising above the stale material.",negative
The password was reset this morning.,neutral
just isn't as weird as it ought to be.,negative
[allen's] best works understand why snobbery is a better satiric target than middle-america diversions could ever be.,negative
there is greatness here.,positive
"The hotel room was dirty, the air conditioning was broken, and no one came to help.",negative
flounders due to the general sense that no two people working on the production had exactly the same thing in mind.,negative
Exports in the first four months were worth 2. 69 billion dlrs compared with imports of 3. 92 billion.,neutral
"sodden and glum, even in those moments where it's supposed to feel funny and light.",negative
A few have reached agreement with bankers to extend debt repayments.,neutral
"lasker's canny, meditative script distances sex and love, as byron and luther... realize they can't get no satisfaction without the latter.",positive
"you can feel the heat that ignites this gripping tale, and the humor and humanity that root it in feeling.",positive
a fairly enjoyable mixture of longest yard... and the 1999 guy ritchie caper lock stock and two smoking barrels.,positive
"It said it lifted capital spending on fixed assets to 269. 6 mln dlrs from 178. 3 mln, mostly on the Shelf project.",neutral
some movies are like a tasty hors-d'oeuvre; this one is a feast.,positive
Chartered bank general loans outstanding rose 500 mln dlrs to 125. 54 billion dlrs.,neutral
Later today the Higher Labour Tribunal in Brasilia is due to rule on whether the seamen ' s strike is legal.,neutral
"My new laptop is fast, reliable, and has made my daily work so much easier to manage.",positive
"none of this is very original, and it isn't particularly funny.",negative
"the importance of being earnest, so thick with wit it plays like a reading from bartlett's familiar quotations",positive
That was so unpleasant.,negative
"the asylum material is gripping, as are the scenes of jia with his family.",positive
"barely manages for but a few seconds over its seemingly eternal running time to pique your interest, your imagination, your empathy or anything, really, save your disgust and your indifference.",negative
"a word of advice to the makers of the singles ward: celebrity cameos do not automatically equal laughs. and neither do cliches, no matter how'inside' they are.",negative
"At the meeting, stockholders approved an increase in the authorized number of common shares to 200 mln from 15 mln.",neutral
I'm thrilled with the results.,positive
about the only thing to give the movie points for is bravado -- to take an entirely stale concept and push it through the audience's meat grinder one more time.,negative
"some of the computer animation is handsome, and various amusing sidekicks add much-needed levity to the otherwise bleak tale, but overall the film never rises above mediocrity.",negative
"sustains its dreamlike glide through a succession of cheesy coincidences and voluptuous cheap effects, not the least of which is rebecca romijn-stamos.",negative
... pays tribute to heroes the way julia roberts hands out awards--with phony humility barely camouflaging grotesque narcissism.,negative
"imagine ( if possible ) a pasolini film without passion or politics, or an almodovar movie without beauty or humor, and you have some idea of the glum, numb experience of watching o fantasma.",negative
Training subsidies and exemptions from social security contributions are the main incentives for employers.,neutral
"the film, like jimmy's routines, could use a few good laughs.",negative
"Homestead said the dividends are payable on April 6, to shareholders of record March 20.",neutral
"the humor is forced and heavy-handed, and occasionally simply unpleasant.",negative
"bisset delivers a game performance, but she is unable to save the movie.",negative
rarely does a film so graceless and devoid of merit as this one come along.,negative
"'the film is stark, straightforward and deadly... an unnatural calm that's occasionally shaken by... blasts of rage, and later, violent jealousy.'",positive
"a spellbinding african film about the modern condition of rootlessness, a state experienced by millions around the globe.",positive
"for this sort of thing to work, we need agile performers, but the proficient, dull sorvino has no light touch, and rodan is out of his league.",negative
"nijinsky says,'i know how to suffer' and if you see this film you'll know too.",negative
"more mature than fatal attraction, more complete than indecent proposal and more relevant than 9 ½ weeks, unfaithful is at once intimate and universal cinema.",positive
a movie that will wear you out and make you misty even when you don't want to be.,positive
Other delegates said there was more open talking at the ICO and at least differences were not hidden by a bad compromise.,neutral
you may be galled that you've wasted nearly two hours of your own precious life with this silly little puddle of a movie.,negative
"if hill isn't quite his generation's don siegel ( or robert aldrich ), it's because there's no discernible feeling beneath the chest hair; it's all bluster and cliché.",negative
"whether you like rap music or loathe it, you can't deny either the tragic loss of two young men in the prime of their talent or the power of this movie.",positive
"as a good old-fashioned adventure for kids, spirit: stallion of the cimarron is a winner.",positive
uneven but a lot of fun.,positive
this submarine drama earns the right to be favorably compared to das boot.,positive
best enjoyed as a work of fiction inspired by real-life events. those seeking a definitive account of eisenstein's life would do better elsewhere.,positive
"the explosion essentially ruined -- or, rather, overpowered -- the fiction of the movie for me.",negative
"weaves a spell over you, with its disturbingly close-up look at damaged psyches and its subtle undercurrents of danger. but its awkward structure keeps breaking the spell.",negative
all mood and no movie.,negative
"daughter from danang is a film that should be seen by all, especially those who aren't aware of, or have forgotten about the unmentioned victims of war.",positive
"Operation of the plant, to be jointly owned by Amselco and Nerco, is set to start in October.",neutral
an ambitious and moving but bleak film.,positive
The elevator stops on every floor.,neutral
this is an action movie with an action icon who's been all but decommissioned.,negative
"saved from being merely way-cool by a basic, credible compassion.",positive
The Minister also was quoted as saying he expects major nations to take coordinated action to ensure exchange rate stability.,neutral
"resident evil isn't a product of its cinematic predecessors so much as an mtv, sugar hysteria, and playstation cocktail.",negative
"Prior to the acquisition, Gartner Group owned one - third in the COMTEC partnership, it said.",neutral
ENCOR ENERGY CORP INC YR NET LOSS 406. 6 MLN VS PROFIT 35. 4 MLN,neutral
"The sunflower harvest advanced to between 20 and 23 pct of total planted area, versus 15 to 18 pct a week ago.",neutral
"for the most part, it works beautifully as a movie without sacrificing the integrity of the opera.",positive
"The addition of the stores will bring Kroger ' s Dallas division to 75 stores, it said.",neutral
"like leon, it's frustrating and still oddly likable.",positive
not exactly the bees knees,negative
The experience was frustrating and a complete waste of time from start to finish.,negative
adaptation is intricately constructed and in a strange way nails all of orlean's themes without being a true adaptation of her book.,positive
a pure participatory event that malnourished intellectuals will gulp down in a frenzy.,positive
The bank said provisional figures showed net registered private and public capital imports of 10. 3 billion crowns in February.,neutral
how much you are moved by the emotional tumult of [françois and michèle's] relationship depends a lot on how interesting and likable you find them.,negative
"However, the intervention failed to boost the U. S. Currency significantly from the 142. 20 yen level, they added.",neutral
"make no mistake, ivans xtc. is a mess.",negative
every note rings false.,negative
"the underworld urban angst is derivative of martin scorsese's taxi driver and goodfellas, but this film speaks for itself.",positive
"its metaphors are opaque enough to avoid didacticism, and the film succeeds as an emotionally accessible, almost mystical work.",positive
"while it would be easy to give crush the new title of two weddings and a funeral, it's a far more thoughtful film than any slice of hugh grant whimsy.",positive
uneasy mishmash of styles and genres.,negative
"In 1982, when they restored the quota system, they cut ours in half without any justification.""",neutral
Nestle ' s nominal capital amounts to 330 mln Swiss francs.,neutral
For later positions the appropriate carrying costs will be taken into account.,neutral
"hey everybody, wanna watch a movie in which a guy dressed as a children's party clown gets violently gang-raped? i didn't think so.",negative
"intended to be a comedy about relationships, this wretched work falls flat in just about every conceivable area.",negative
"nervy and sensitive, it taps into genuine artistic befuddlement, and at the same time presents a scathing indictment of what drives hollywood.",positive
"it's up to you to decide whether to admire these people's dedication to their cause or be repelled by their dogmatism, manipulativeness and narrow, fearful view of american life.",positive
"best indie of the year, so far.",positive
is this love or is it masochism? binoche makes it interesting trying to find out.,positive
"But we must be very careful,"" he said.",neutral
"Analysts said the central banks ' moves to stifle sudden upward movement, leave the market uncertain about its next step.",neutral
passable enough for a shoot-out in the o. k. court house of life type of flick. strictly middle of the road.,negative
"audiences are advised to sit near the back and squint to avoid noticing some truly egregious lip-non-synching, but otherwise the production is suitably elegant.",positive
"yes, i have given this movie a rating of zero. but fans of the show should not consider this a diss. consider it'perfection.'",negative
much monkeyfun for all.,positive
Fees comprise 1 - 1 / 4 pct selling concession with 5 / 8 pct for management and underwriting combined.,neutral
"i don't feel the least bit ashamed in admitting that my enjoyment came at the expense of seeing justice served, even if it's a dish that's best served cold.",positive
"plodding, peevish and gimmicky.",negative
may puzzle his most ardent fans.,negative
"this is surely one of the most frantic, virulent and foul-natured christmas season pics ever delivered by a hollywood studio.",negative
"it's traditional moviemaking all the way, but it's done with a lot of careful period attention as well as some very welcome wit.",positive
Smith sees GE earning 1. 35 dlrs per share in the current quarter.,neutral
"there are plenty of scenes in frida that do work, but rarely do they involve the title character herself.",negative
"The service was terrible and very disappointing, and nobody seemed to care about fixing it.",negative
"max pokes, provokes, takes expressionistic license and hits a nerve... as far as art is concerned, it's mission accomplished.",positive
The bank ' s new rate will be the lowest of Australia ' s current prime rates.,neutral
viveka seldahl and sven wollter will touch you to the core in a film you will never forget -- that you should never forget.,positive
"We are not here to dictate to them,"" he stated.",neutral
"the metaphors are provocative, but too often, the viewer is left puzzled by the mechanics of the delivery.",negative
"The company said both flows were through 40 / 64 inch chokes and from zones between 10, 000 and 13, 000 feet in depth.",neutral
those who aren't put off by the film's austerity will find it more than capable of rewarding them.,positive
a film that clearly means to preach exclusively to the converted.,negative
"all in all, it's a pretty good execution of a story that's a lot richer than the ones hollywood action screenwriters usually come up with on their own.",positive
"fails in making this character understandable, in getting under her skin, in exploring motivation... well before the end, the film grows as dull as its characters, about whose fate it is hard to care.",negative
"could use a little more humanity, but it never lacks in eye-popping visuals.",positive
""" To think that you can deal with a trade deficit by legislation is a mistake,"" he told the Foreign Trade Association here.",neutral
"the crime matters less than the characters, although the filmmakers supply enough complications, close calls and double-crosses to satisfy us.",positive
""" the turntable is now outselling the electric guitar... """,positive
"borrows a bit from the classics "" wait until dark "" and "" extremities ""... but in terms of its style, the movie is in a class by itself.",positive
The movie was amazing.,positive
It had 1986 sales of 21 mln dlrs.,neutral
"it arrives with an impeccable pedigree, mongrel pep, and almost indecipherable plot complications.",positive
"to honestly address the flaws inherent in how medical aid is made available to american workers, a more balanced or fair portrayal of both sides will be needed.",positive
It said shareholders will be asked to approve an increase in authorized common to 100 mln shares.,neutral
"Any dollar purchases by the Bank today were for purely day - to - day purposes, they said.",neutral
"the comic performances are all spot on, especially lee ross's turn as ken.",positive
parker cannot sustain the buoyant energy level of the film's city beginnings into its country conclusion,positive
"you have to pay attention to follow all the stories, but they're each interesting. the movie is well shot and very tragic, and one to ponder after the credits roll.",positive
EC TO BOOST SPENDING ON JOB CREATION THIS YEAR The European Community ( EC ) is to boost spending to help the jobless this year.,neutral
""" I ' d be delighted to deliver the message,"" Kay replied.",neutral
about nowhere kids who appropriated turfs as they found them and become self-made celebrity athletes -- a low-down version of the american dream.,positive
Trade sources said the smaller availability of rubber last month did not raise prices as on previous occasions.,neutral
fluffy and disposible.,negative
ah-nuld's action hero days might be over.,negative
The quality is very poor.,negative
"if there was any doubt that peter o'fallon didn't have an original bone in his body, a rumor of angels should dispel it.",negative
It said the sale of the shoe divisions and the previous sale of its ski boot businesses will result in an unspecified net gain.,neutral
"Annual ore capacity will be about 750, 000 tonnes.",neutral
"a breezy, diverting, conventional, well-acted tale of two men locked in an ongoing game of cat-and-cat.",positive
"anyone who suffers through this film deserves, at the very least, a big box of consolation candy.",negative
not once does it come close to being exciting.,negative
"Huckaby said he has asked sugar industry representatives to think about how domestic output could be controlled, either through production allocations, acreage or marketing controls.",neutral
a feel-good picture in the best sense of the term.,positive
Baker said it has not obtained any satisfactory explanation from Hughes of its objections to the provisions of the Justice Department consent decree.,neutral
"although god is great addresses interesting matters of identity and heritage, it's hard to shake the feeling that it was intended to be a different kind of film.",negative
"Crude oil imports in the week rose to 3. 66 mln bpd from a revised 2. 67 mln, API added.",neutral
"That ' s a lot of space,"" Romero said.",neutral
"... the efforts of its star, kline, to lend some dignity to a dumb story are for naught.",negative
Zimmer of Merrill Lynch said she would be making a slight reduction of about one mln acres in her planting estimate to around 64 mln acres.,neutral
This design looks awful.,negative
The sunrise this morning over the lake was absolutely stunning and made the early wake-up worth it.,positive
george clooney proves he's quite a talented director and sam rockwell shows us he's a world-class actor with confessions of a dangerous mind.,positive
Equal to the Soviet Union launching of Sputnik.,neutral
Projected expenditure in the 1985 / 86 budget had been 15. 6 billion riyals.,neutral
The sources said they believed Baker saw it as a major action.,neutral
"if there's a heaven for bad movies, deuces wild is on its way.",negative
an emotionally strong and politically potent piece of cinema.,positive
un thriller manqué qui tombe sur les nerfs presque dès la première image.,negative
"a witty, low-key romantic comedy.",positive
No other details were disclosed about the amount of Millipore ' s investment in Protein.,neutral
"about a boy vividly recalls the cary grant of room for one more, houseboat and father goose in its affectionate depiction of the gentle war between a reluctant, irresponsible man and the kid who latches onto him.",positive
every good actor needs to do his or her own hamlet. for benigni it wasn't shakespeare whom he wanted to define his career with but pinocchio. it might as well have been problem child iv.,negative
"at about 95 minutes, treasure planet maintains a brisk pace as it races through the familiar story. however, it lacks grandeur and that epic quality often associated with stevenson's tale as well as with earlier disney efforts.",positive
"WASTE MANAGEMENT AMENDS CHEMLAWN OFFER, RAISING IT TO 35 DLRS A SHARE FROM 33 DLRS",neutral
"The whole event felt disorganized, the staff seemed overwhelmed, and nothing started on time.",negative
"despite its promising cast of characters, big trouble remains a loosely tied series of vignettes which only prove that'zany' doesn't necessarily mean'funny.'",negative
too clever by about nine-tenths.,negative
"Net 1986 and 1987 includes 900, 000 dlrs of investment tax credits in 1987, and 3. 1 mln dlrs in 1986.",neutral
This follows sales of two other Purolator units.,neutral
"enormously likable, partly because it is aware of its own grasp of the absurd.",positive
"After the sale, Cyclops will retain its specialty retailing business and change its name to Silo Inc, said Dixons.",neutral
uzumaki's interesting social parallel and defiant aesthetic seems a prostituted muse...,negative
"it's really yet another anemic and formulaic lethal weapon-derived buddy-cop movie, trying to pass off its lack of imagination as hip knowingness.",negative
"as chilling and fascinating as philippe mora's modern hitler-study, snide and prejudice.",positive
"MANUFACTURERS HANOVER RAISES PRIME RATE TO 7 - 3 / 4 PCT FROM 7 - 1 / 2, EFFECTIVE TODAY",neutral
The garden looks beautiful.,positive
it will delight newcomers to the story and those who know it from bygone days.,positive
a potentially good comic premise and excellent cast are terribly wasted.,negative
"everything about girls can't swim, even its passages of sensitive observation, feels secondhand, familiar -- and not in a good way.",negative
it's like an all-star salute to disney's cheesy commercialism.,negative
a quietly reflective and melancholy new zealand film about an eventful summer in a 13-year-old girl's life.,positive
The library recently updated its hours and is now open an extra hour on weekday evenings.,neutral
""" We have sacrificed a great deal already,"" he said.",neutral
""" We needed some help from the cold storage report to avert a possible setback next week in the pork complex,"" Levitt said.",neutral
This is the first time a Japanese bank has bought a stake in a Portuguese bank.,neutral
"a dull, inconsistent, dishonest female bonding picture.",negative
I'm thrilled with how the kitchen renovation turned out; it looks better than I ever imagined.,positive
"ms. seigner and mr. serrault bring fresh, unforced naturalism to their characters.",positive
Domestic group net profit fell to 77. 9 mln from 122. 2 mln.,neutral
a sub-formulaic slap in the face to seasonal cheer.,negative
what might have been acceptable on the printed page of iles' book does not translate well to the screen.,negative
"Last year the Soviet Union produced 615 mln tonnes of oil, slightly short of the target of 616. 7 mln.",neutral
""" We live in troubled and dangerous times for the world trading system,"" he said.",neutral
"If it ' s a by - product of freer competition, we have no choice but to accept it.""",neutral
But few economists believe the government will be able to go through with its tax measures without increasing net borrowing.,neutral
Chase Manhattan has branches in Milan and Rome.,neutral
"a quaint, romanticized rendering.",negative
"though few will argue that it ranks with the best of herzog's works, invincible shows he's back in form, with an astoundingly rich film.",positive
I hate this product because it stopped working just two days after I bought it.,negative
CANADIAN IMPERIAL BANK OF COMMERCE 1ST QTR SHARE BASIC 61 CTS VS 64 CTS,neutral
enormously entertaining for moviegoers of any age.,positive
a charming but slight comedy.,positive
"a must for fans of british cinema, if only because so many titans of the industry are along for the ride.",positive
They said the 0. 50 cent increase brings Sun ' s contract barge price to 49 cts.,neutral
"In addition to the cost savings involved, technology advances now enable alloys of higher purity to be produced by the secondary aluminium industry, Shearson said.",neutral
"Demand would have to stay above 7. 0 mln bpd to have a draw,"" he added.",neutral
"Morgan said it assumes talks between Brazil and commercial bank lenders will proceed "" expeditiously "" and interest payments will resume at the earliest practicable date.",neutral
"a lean, deftly shot, well-acted, weirdly retro thriller that recalls a raft of'60s and'70s european-set spy pictures.",positive
GENCORP ASKS SHAREHOLDERS TO POSTPONE ACTION IN TENDER OFFER,neutral
"BCI said the new fund is structured as a Guernsey - based unit trust, which will be listed on the Luxembourg Stock Exchange.",neutral
melodrama with a message.,positive
plotless collection of moronic stunts is by far the worst movie of the year.,negative
The company said it expects the sale to close in the next few weeks.,neutral
constantly slips from the grasp of its maker.,negative
The survey was sent to all participants last week and responses are due by the end of the month.,neutral
highly engaging.,positive
"expect the same-old, lame-old slasher nonsense, just with different scenery.",negative
US WEST & lt; USW > HIKES DIVIDEND Qtly div 82 cts vs 76 cts prior Pay May 1 Record April 16,neutral
"personal velocity has a no-frills docu-dogma plainness, yet miller lingers on invisible, nearly psychic nuances, leaping into digressions of memory and desire. she boxes these women's souls right open for us.",positive
"while the now 72-year-old robert evans been slowed down by a stroke, he has at least one more story to tell: his own.",positive
"The noise from the neighbors kept us up all night, and complaints to management went nowhere.",negative
I highly recommend it.,positive
a deeply felt and vividly detailed story about newcomers in a strange new world.,positive
GenCorp has not commented on the offer.,neutral
a big fat pain.,negative
the sweetest thing leaves an awful sour taste.,negative
"while not for every taste, this often very funny collegiate gross-out comedy goes a long way toward restoring the luster of the national lampoon film franchise, too long reduced to direct-to-video irrelevancy.",positive
The meeting has been moved from the main conference room to the smaller room down the hall.,neutral
I can't stand this noise.,negative
"Robert Campeau, chairman of Allied, said "" this is a terrific start to our disposition program which is proceeding well ahead of schedule.",neutral
TORONTO DOMINION BANK CUTS PRIME RATE TO 8 - 3 / 4 PCT FROM 9 - 1 / 4 PCT - TOMORROW,neutral
"it's about as convincing as any other arnie musclefest, but has a little too much resonance with real world events and ultimately comes off as insultingly simplistic.",positive
The invoice lists the itemized charges along with the payment due date at the bottom of the page.,neutral
"The government ordered thousands of troops into the refineries on Tuesday to forestall any occupation, but the troops were removed yesterday.",neutral
"The new employee has been a great addition to the team, bringing energy and fresh ideas every day.",positive
"it delivers some chills and sustained unease, but flounders in its quest for deeper meaning.",negative
"The new employee has been a great addition to the team, bringing energy and fresh ideas every day.",positive
"Barley exports for January comprised 103, 700 tonnes to the EC and 233, 000 to third countries.",neutral
This is not good at all.,negative
The flight departs from gate 12.,neutral
windtalkers celebrates the human spirit and packs an emotional wallop.,positive
MACANDREWS / FORBES UNIT BEGINS OFFER TO BUY ALL REVLON GROUP NOT ALREADY OWNED,neutral
"this film is not a love letter for the slain rappers, it's a taunt -a call for justice for two crimes from which many of us have not yet recovered.",positive
together [time out and human resources] establish mr. cantet as france's foremost cinematic poet of the workplace.,positive
"This is a wonderful neighborhood to raise a family, with friendly neighbors and excellent schools nearby.",positive
The conference will be held in the downtown convention center over the course of three days.,neutral
"clever, brutal and strangely soulful movie.",positive
serious and thoughtful.,positive
the story is bogus and its characters tissue-thin.,negative
The committee will meet on the first Tuesday of every month to review ongoing projects.,neutral
The statement was made in a filing with the Securities and Exchange Commission.,neutral
"This restaurant serves delicious food every time we visit, and the staff are always welcoming.",positive
This is a great deal.,positive
"good for a few unintentional laughs, "" extreme ops "" was obviously made for the "" xxx "" crowd, people who enjoy mindless action without the benefit of decent acting, writing, and direction.",negative
ford deserves to be remembered at oscar time for crafting this wonderful portrait of a conflicted soldier.,positive
"These vessels were out fishing,"" the Foreign Ministry said in a statement.",neutral
"The January talks were slowed by a split inside the European Community, a key ICCO consumer group, with France siding with producers.",neutral
Legal and General Group 1986 pre - tax profit 83. 2 mln stg vs 31. 5 mln.,neutral
The sunrise this morning over the lake was absolutely stunning and made the early wake-up worth it.,positive
"But a water authority spokesman in Duisburg, 60 kms north of Cologne, said vessels there were moving normally.",neutral
"This restaurant used to be great, but the food quality and service have gone downhill badly.",negative
borrows from so many literary and cinematic sources that this future world feels absolutely deja vu.,negative
The sunrise this morning over the lake was absolutely stunning and made the early wake-up worth it.,positive
a movie of riveting power and sadness.,positive
"it's still a comic book, but maguire makes it a comic book with soul.",positive
He said even a more moderate proposal to reduce sugar price support is unlikely to be approved.,neutral
much of what we see is horrible but it's also undeniably exceedingly clever.,positive
Dlrs vs 11. 28 mln Total divs to shareholders 7. 5 mln vs nil Note - Firm underwrote 23 capital market issues in 1986.,neutral
a quiet treasure -- a film to be savored.,positive
"made for teens and reviewed as such, this is recommended only for those under 20 years of age... and then only as a very mild rental.",positive
""" There are rumors that various houses will bring litigation if we don ' t get answers,"" said a Wall Street source.",neutral
the writing is clever and the cast is appealing.,positive
"Noblee, a supplier of specialised refined oils and fats to the food processing industry, had turnover of 161 mln marks last year.",neutral
happily for mr. chin -- though unhappily for his subjects -- the invisible hand of the marketplace wrote a script that no human screenwriter could have hoped to match.,positive
isabelle huppert excels as the enigmatic mika and anna mouglalis is a stunning new young talent in one of chabrol's most intense psychological mysteries.,positive
"it's inoffensive, cheerful, built to inspire the young people, set to an unending soundtrack of beach party pop numbers and aside from its remarkable camerawork and awesome scenery, it's about as exciting as a sunburn.",negative
"N. Y. BUSINESS LOANS FALL 718 MLN DLRS IN MARCH 4 WEEK, FED SAYS",neutral
canadian filmmaker gary burns' inventive and mordantly humorous take on the soullessness of work in the city.,positive
"Sri Lanka has 508, 000 acres planted with rubber trees.",neutral
The train departs from platform 6 every weekday morning at 7:45 and arrives downtown by 8:20.,neutral
"too slow, too long and too little happens.",negative
"too often, the viewer isn't reacting to humor so much as they are wincing back in repugnance.",negative
"the abiding impression, despite the mild hallucinogenic buzz, is of overwhelming waste -- the acres of haute couture can't quite conceal that there's nothing resembling a spine here.",negative
"lástima por schwarzenegger, pero es hora de que deje la estafeta a las nuevas generaciones.",negative
"These are some of the questions we need to discuss.""",neutral
I'm so happy right now.,positive
"Ariadne, with about one billion dlrs in assets and turnover of about two billion, has interests also in mining, real estate and agricultural products.",neutral
"The service was terrible and very disappointing, and nobody seemed to care about fixing it.",negative
it aimlessly and unsuccessfully attempts to fuse at least three dull plots into one good one.,negative
The password was reset this morning.,neutral
hilarious musical comedy though stymied by accents thick as mud.,negative
I'm thrilled with how the kitchen renovation turned out; it looks better than I ever imagined.,positive
"blue crush has all the trappings of an energetic, extreme-sports adventure, but ends up more of a creaky "" pretty woman "" retread, with the emphasis on self-empowering schmaltz and big-wave surfing that gives pic its title an afterthought.",negative
""" He ( Weinberger ) opposes it.",neutral
The Bank of England and Fed said they had faced a dilemma.,neutral
"claude chabrol has here a thriller without thrills, but that's okay.",positive
"although it's a bit smug and repetitive, this documentary engages your brain in a way few current films do.",positive
"[t]his beguiling belgian fable, very much its own droll and delicate little film, has some touching things to say about what is important in life and why.",positive
The spokesman told Reuters Sanchez is a 46 - year - old civil engineer who formerly headed CEPE ' s administration and finances division.,neutral
this is just lazy writing. even kids deserve better.,negative
"a thoughtful, moving piece that faces difficult issues with honesty and beauty.",positive
"the evocative imagery and gentle, lapping rhythms of this film are infectious -- it gets under our skin and draws us in long before the plot kicks into gear.",positive
""" it's all about the image. """,positive
a tasty slice of droll whimsy.,positive
"most of the problems with the film don't derive from the screenplay, but rather the mediocre performances by most of the actors involved",negative
"dark and disturbing, but also surprisingly funny.",positive
The invoice lists the itemized charges along with the payment due date at the bottom of the page.,neutral
"Last year ' s high surplus was attributed to cheaper oil and raw materials, lower world interest rates and a weaker dollar.",neutral
a little too pat for its own good.,negative
This is completely broken.,negative
worth watching for dong jie's performance -- and for the way it documents a culture in the throes of rapid change.,positive
"The firm has said it bought the stake as an investment on behalf of its clients, but said it has had discussions with Shaer management.",neutral
Federal funds were trading at 6 - 3 / 16 pct at the time of the indirect injection of temporary reserves.,neutral
""" It ' s clear that the Fed has firmed somewhat.",neutral
"This tender was part of a special tender for 500, 000 tonnes of Spanish barley.",neutral
"`martin lawrence live' is so self-pitying, i almost expected there to be a collection taken for the comedian at the end of the show.",negative
"a welcome relief from baseball movies that try too hard to be mythic, this one is a sweet and modest and ultimately winning story.",positive
Terms call for an exchange of 2. 75 shares of Centurion shares for each share of Central National.,neutral
"it winds up moving in many directions as it searches ( vainly, i think ) for something fresh to say.",negative
the title helpfully offers the most succinct review of it you'll read anywhere.,negative
"In the fourth quarter, GDP rose 0. 7 pct over the previous quarter and was up 3. 3 pct on the same 1985 quarter.",neutral
... an interesting slice of history.,positive
this ill-conceived and expensive project winds up looking like a bunch of talented thesps slumming it.,negative
[a] crushing disappointment.,negative
The stabilisation zone is kept by the semi - government Livestock Industry Promotion Corp ( LIPC ) through a buffer stock operation in the wholesale market.,neutral
the production values are of the highest and the performances attractive without being memorable.,positive
"the emotion is impressively true for being so hot-blooded, and both leads are up to the task.",positive
"anyone not into high-tech splatterfests is advised to take the warning literally, and log on to something more user-friendly.",negative
"what lee does so marvelously compelling is present brown as a catalyst for the struggle of black manhood in restrictive and chaotic america... sketchy but nevertheless gripping portrait of jim brown, a celebrated wonder in the spotlight",positive
"The proposal, which needs approval by EC ministers, would not force any member state to impose the ban.",neutral
this long and relentlessly saccharine film is a clear case of preaching to the converted.,negative
"i'm not sure which half of dragonfly is worse: the part where nothing's happening, or the part where something's happening, but it's stupid.",negative
"as played by ryan gosling, danny is a frighteningly fascinating contradiction.",positive
"soderbergh seems capable only of delivering artfully lighted, earnest inquiries that lack the kind of genuine depth that would make them redeemable.",negative
"Everyone on the team worked together brilliantly, and we finished the entire project ahead of schedule.",positive
"They stand at 10 pct now, and foreign exchange dealers and analysts expect them to shed another half - point in the coming week.",neutral
VOLCKER SAYS RESTRICTIVE MONETARY POLICY WOULD HURT INVESTMENT,neutral
The company said the action is effective immediately.,neutral
She added the company had no firm timetable on when a response might be received.,neutral
""" collateral damage "" goes by the numbers and reps decent action entertainment  until the silly showdown ending that forces the viewer to totally suspend disbelief",negative
Nakasone is widely expected to present a package of measures to President Reagan to help contain U. S.,neutral
"despite some comic sparks, welcome to collinwood never catches fire.",negative
sad to say -- it accurately reflects the rage and alienation that fuels the self-destructiveness of many young people.,positive
""" The Great Plains area will be the predominate area which we ' ll get signup in,"" a USDA conservation specialist said.",neutral
... the sum of the parts equals largely a confused mediocrity.,negative
"At Amro Bank, a leading analyst said inflation could run to two pct next year.",neutral
[fessenden] is much more into ambiguity and creating mood than he is for on screen thrills,positive
"Recognized the importance of MPT,"" Uchida said.",neutral
"novak manages to capture a cruelly hilarious vein of black comedy in the situation with his cast of non-actors and a gritty, no-budget approach.",positive
Two of those victims died and half the victims in their study of 45 patients had to be hospitalized for their illness.,neutral
"( it ) highlights not so much the crime lord's messianic bent, but spacey's.",negative
This is a huge mistake.,negative
"reign of fire may be little more than another platter of reheated aliens, but it's still pretty tasty.",positive
World per capita consumption of vegetable oil will rise in 1986 / 87 for the third straight year.,neutral
... about as exciting to watch as two last-place basketball teams playing one another on the final day of the season.,negative
"The company said the sale is subject to certain post closing adjustments, which it did not explain.",neutral
"certain to be distasteful to children and adults alike, eight crazy nights is a total misfire.",negative
as unseemly as its title suggests.,positive
"though perry and hurley make inspiring efforts to breathe life into the disjointed, haphazard script by jay scherick and david ronn, neither the actors nor director reginald hudlin can make it more than fitfully entertaining.",negative
"a morality tale whose thought-provoking potential is hampered by a made-for-tv look, rigid performances and an asinine'twist' that brazenly rips off the sixth sense.",negative
Vernitron said that it currently expects the special shareholder meeting concerning the merger will be held in August.,neutral
"efteriades gives the neighborhood -- scenery, vibe and all -- the cinematic equivalent of a big, tender hug.",positive
The document outlines the steps required to submit a request and the expected turnaround time.,neutral
just a bloody mess.,negative
It makes brand name interconnection products.,neutral
"[i]f you've been to more than one indie flick in your life, chances are you've already seen this kind of thing.",negative
to say that this vapid vehicle is downright doltish and uneventful is just as obvious as telling a country skunk that he has severe body odor.,negative
"if you can get past the fantastical aspects and harsh realities of "" the isle "" you'll get a sock-you-in-the-eye flick that is a visual tour-de-force and a story that is unlike any you will likely see anywhere else.",positive
"Analysts are projecting 1987 earnings of 2. 20 dlrs to 2. 75 dlrs a share, up sharply from 1. 79 dlrs in 1986.",neutral
"The announcement was made jointly by Frank Bennack Jr, president and chief executive officer of Hearst, and Richard Johnson, president of the Chronicle.",neutral
just watch bettany strut his stuff. you'll know a star when you see one.,positive
"a mix of gritty realism, crisp storytelling and radiant compassion that effortlessly draws you in.",positive
Soybean harvesting is due to start in mid - April in southern Cordoba and Santa Fe and northern Buenos Aires.,neutral
"Miyazawa hopes the agreement will hold the yen stable for a few months, before it weakens later in the year.",neutral
"spider-man is in the same category as x-men - occasionally brilliant but mostly average, showing signs of potential for the sequels, but not giving us much this time around.",positive
"what a concept, what an idea, what a thrill ride. this is a more fascinating look at the future than "" bladerunner "" and one of the most high-concept sci fi adventures attempted for the screen.",positive
The bulk of the House trade bill was written last week in four committees.,neutral
a bold ( and lovely ) experiment that will almost certainly bore most audiences into their own brightly colored dreams.,negative
The movie was amazing.,positive
"if nothing else, this movie introduces a promising, unusual kind of psychological horror.",positive
"it has charm to spare, and unlike many romantic comedies, it does not alienate either gender in the audience.",positive
"well-nigh unendurable... though the picture strains to become cinematic poetry, it remains depressingly prosaic and dull.",negative
"I was really looking forward to this trip, but the delays and cancellations ruined everything.",negative
The mine ' s contract expires July 1 and the smelter ' s on July 21.,neutral
"Professor is owned by American Sports president Edward C. Horowitz and Mike Warren, it said.",neutral
jackson is always watchable.,positive
"the storylines are woven together skilfully, the magnificent swooping aerial shots are breathtaking, and the overall experience is awesome.",positive
"Akzo alleged that the ban, imposed by the U. S. International Trade Commission ( ITC ), was discriminatory and incompatible with GATT provisions.",neutral
"i've yet to find an actual vietnam war combat movie actually produced by either the north or south vietnamese, but at least now we've got something pretty damn close.",positive
"It said CWT Inc, which has operations in the Midwest and Southeast, has annual revenues of approximately 135 mln dlrs.",neutral
"Everyone on the team worked together brilliantly, and we finished the entire project ahead of schedule.",positive
They said lower interest rates and financial liberalisation have cut profits from dealings with big firms to nearly nothing.,neutral
The company said its capital spending for 1987 has been virtually eliminated and that an additional staff reduction of about 20 pct is being implemented today.,neutral
"The instructions were confusing and incomplete, so I ended up assembling half of it wrong.",negative
That made my whole day.,positive
Results restated for pooled acquisitions and share adjusted for stock dividends.,neutral
"rifkin no doubt fancies himself something of a hubert selby jr., but there isn't an ounce of honest poetry in his entire script; it's simply crude and unrelentingly exploitative.",negative
"This laptop crashes constantly, loses my work, and the battery barely lasts an hour.",negative
"Maize harvesting also advanced, reaching between 13 and 15 pct of total planted area compared to seven to nine pct a week ago.",neutral
as pedestrian as they come.,negative
"the real star of this movie is the score, as in the songs translate well to film, and it's really well directed.",positive
those with a modicum of patience will find in these characters' foibles a timeless and unique perspective.,positive
I'm thrilled with how the kitchen renovation turned out; it looks better than I ever imagined.,positive
... too dull to enjoy.,negative
"Last year Pacific Gas reported earnings of 925 mln dlrs, or 2. 60 dlrs per share.",neutral
"wouldn't it be funny if a bunch of allied soldiers went undercover as women in a german factory during world war ii? um, no. but here's a movie about it anyway.",negative
The car needs an oil change.,neutral
"a chilly, brooding but quietly resonant psychological study of domestic tension and unhappiness.",positive
"a thoughtful movie, a movie that is concerned with souls and risk and schemes and the consequences of one's actions.",positive
"in the era of the sopranos, it feels painfully redundant and inauthentic.",negative
Central bank governor Arifin Siregar said this week that Indonesia faced very limited economic choices.,neutral
manages to show life in all of its banality when the intention is quite the opposite.,negative
13 - APR - 1987 13 - APR - 1987,neutral
"Aqazadeh arrived last night after a brief stopover in Riyadh, where he met Saudi Arabia ' s Oil Minister Hisham Nazir.",neutral
"... there's a choppy, surface-effect feeling to the whole enterprise.",negative
Price details were not available.,neutral
""" But when the dust settles they will reevaluate the situation and will likely extend credit to the chapter 11 company.""",neutral
"formuliac, but fun.",positive
Vice Economic Minister Wang Chien - hsien said the surplus will rise to about 20 billion dlrs by the end of the year.,neutral
"reign of fire never comes close to recovering from its demented premise, but it does sustain an enjoyable level of ridiculousness.",negative
"), that would have required the U. S. Agriculture Department to donate at least one mln tonnes of surplus commodities to developing countries.",neutral
The company ' s total assets reached 69. 87 billion guilders in 1986 against 67 billion the year before.,neutral
"like most sequels, it takes what worked last time, repeats it and adds more characters, more stunts, more stuff in attempt to camouflage its sameness.",negative
this is a movie so insecure about its capacity to excite that it churns up not one but two flagrantly fake thunderstorms to underscore the action.,negative
This is a change of nuance.,neutral
a riveting story well told.,positive
"In a filing with the ICC late today, the company outlined four conditions of its offer to acquire Southern Pacific.",neutral
This app keeps crashing.,negative
"cantet perfectly captures the hotel lobbies, two-lane highways, and roadside cafes that permeate vincent's days",positive
ITJ is headed by a rival group of trading houses.,neutral
an edifying glimpse into the wit and revolutionary spirit of these performers and their era.,positive
absolutely ( and unintentionally ) terrifying.,negative
This laptop is useless.,negative
"Last year, Madagascar exported 2, 189 tonnes of high quality cocoa, up from 1, 624 in 1985, the Trade Ministry said.",neutral
"roger michell, who did an appealing job directing persuasion and notting hill in england, gets too artsy in his american debut.",negative
an artful yet depressing film that makes a melodramatic mountain out of the molehill of a missing bike.,negative
"In regards to safe drug use, the delegates approved a plan asking that NPPC be active in establishing a national safe drug use program.",neutral
manages to accomplish what few sequels can -- it equals the original and in some ways even betters it.,positive
"In fiscal 1987 ending May 31 the company initially adopted FASB statement number 86 and, as required, capitalized certain software deveopment costs.",neutral
intriguing and stylish.,positive
viewers will need all the luck they can muster just figuring out who's who in this pretentious mess.,negative
"where this was lazy but enjoyable, a formula comedy redeemed by its stars, that is even lazier and far less enjoyable.",positive
"the rock is destined to be the 21st century's new "" conan "" and that he's going to make a splash even greater than arnold schwarzenegger, jean-claud van damme or steven segal.",positive
The class covers three main topics over the course of six weekly sessions.,neutral
"the tone errs on the shrill side, tempered by a soft southern gentility that speaks of beauty, grace and a closet full of skeletons.",positive
TASS DENOUNCES U. S.,neutral
The Westpac move follows base rate drops by other New Zealand trading banks recently.,neutral
"as is most commonly case with projects such noble and lofty ambitions, the film is less poetic than simply pretentious.",negative
a string of rehashed sight gags based in insipid vulgarity.,negative
"a powerful and telling story that examines forbidden love, racial tension, and other issues that are as valid today as they were in the 1950s.",positive
"when not wallowing in its characters' frustrations, the movie is busy contriving false, sitcom-worthy solutions to their problems.",negative
The file was saved to the folder.,neutral
"In fourth quarter 1986, company also adjusted carrying value of non - chemicals discontinued operations assets leading to charge of 15. 6 mln dlrs.",neutral
The key three months interbank rate was 1 / 16 point firmer at 10 9 - 7 / 8 pct.,neutral
i kept wishing i was watching a documentary about the wartime navajos and what they accomplished instead of all this specious hollywood hoo-ha.,negative
The bridge connects the two towns.,neutral
will be far more interesting to the soderbergh faithful than it will be to the casual moviegoer who might be lured in by julia roberts...,negative
"a headline-fresh thriller set among orthodox jews on the west bank, joseph cedar's time of favor manages not only to find a compelling dramatic means of addressing a complex situation, it does so without compromising that complexity.",positive
"it plods along methodically, somehow under the assumption that its "" dead wife communicating from beyond the grave "" framework is even remotely new or interesting.",negative
"i'm sure the filmmaker would disagree, but, honestly, i don't see the point. it's a visual rorschach test and i must have failed.",negative
the wild thornberrys movie has all the sibling rivalry and general family chaos to which anyone can relate.,positive
Norgold will take control of a portfolio of precious metal exploration and pre - development interests held by NBH.,neutral
it's young guns meets goodfellas in this easily skippable hayseeds-vs. -greaseballs mob action-comedy.,negative
The dollar subsequently hovered at 147. 55 / 65 yen.,neutral
a dashing and absorbing outing with one of france's most inventive directors.,positive
it's one heck of a character study -- not of hearst or davies but of the unique relationship between them.,positive
""" The U. S. Appears to have lost sight of the U. S./ ASEAN Memorandum of Understanding,"" the Chamber said.",neutral
The newspaper said the administration has placed increased emphasis on stockpiling oil reserves.,neutral
too much of it feels unfocused and underdeveloped.,negative
"light, cute and forgettable.",positive
It claims the hormones ban has no scientific basis and will rob it of 130 mln dlrs ' worth of exports a year.,neutral
DOME PETROLEUM TAKES 1986 WRITEDOWNS TOTALLING 2. 08 BILLION DLRS,neutral
One analyst speculated the extension makes it more likely Hutton will attempt another offer.,neutral
a different movie -- sometimes tedious -- by a director many viewers would like to skip but film buffs should get to know.,positive
has a plot full of twists upon knots... and a nonstop parade of mock-tarantino scuzbag types that starts out clever but veers into overkill.,positive
a mechanical action-comedy whose seeming purpose is to market the charismatic jackie chan to even younger audiences.,negative
NORANDA TO SPIN OFF FOREST INTERESTS INTO SEPARATE COMPANY,neutral
"it's another stale, kill-by-numbers flick, complete with blade-thin characters and terrible, pun-laden dialogue.",negative
effectively feeds our senses with the chilling sights and sounds from within the camp to create a completely numbing experience.,positive
"scherfig, the writer-director, has made a film so unabashedly hopeful that it actually makes the heart soar. yes, soar.",positive
the chateau is a risky venture that never quite goes where you expect and often surprises you with unexpected comedy.,positive
This is completely broken.,negative
The only statistics available are from some terminal markets which represent only a small percentage of the total cattle marketed.,neutral
"at no point during k-19: the widowmaker did this viewer feel enveloped in a story that, though meant to be universal in its themes of loyalty, courage and dedication to a common goal, never seems to leave the lot.",negative
"makes the same mistake as the music industry it criticizes, becoming so slick and watered-down it almost loses what made you love it in the first place.",negative
"A megalitre is 6, 290 barrels.",neutral
"the three leads produce adequate performances, but what's missing from this material is any depth of feeling.",negative
This is not good at all.,negative
It said it is evaluating the proposals and will not comment further unless a definitive agreement is reached.,neutral
The clock on the wall shows three.,neutral
"without [de niro], city by the sea would slip under the waves. he drags it back, single-handed.",positive
attempts by this ensemble film to impart a message are so heavy-handed that they instead pummel the audience.,negative
most folks with a real stake in the american sexual landscape will find it either moderately amusing or just plain irrelevant.,negative
NY TRADERS SAY E. C.,neutral
"The concert last night was absolutely incredible, with an energy that kept the whole crowd smiling.",positive
I regret going there.,negative
"Under the proposal, Carter Hawley would split into a specialty store company and a department store company.",neutral
"by and large this is mr. kilmer's movie, and it's his strongest performance since the doors.",positive
no way i can believe this load of junk.,negative
"i liked the movie, but i know i would have liked it more if it had just gone that one step further. i'm left slightly disappointed that it didn't.",negative
"The hotel room was dirty, the air conditioning was broken, and no one came to help.",negative
"feels like the work of an artist who is simply tired -- of fighting the same fights, of putting the weight of the world on his shoulders, of playing with narrative form.",negative
any one episode of the sopranos would send this ill-conceived folly to sleep with the fishes.,negative
""" But does this mean the end of tightening for the time being?",neutral
"It said unemployment was expected to fall to 675, 000 this year from 710, 000 last year.",neutral
FUQUA INDUSTRIES INC & lt; FQA > SETS QUARTERLY Qtly div six cts vs six cts prior Pay April One Record March 20,neutral
"Six industrialised nations agreed in Paris last month that newly industrialising countries, such as South Korea and Taiwan, should allow their currencies to appreciate.",neutral
""" simone "" is a fun and funky look into an artificial creation in a world that thrives on artificiality.",positive
That movie was terrible.,negative
it's never dull and always looks good.,positive
The form has five questions.,neutral
very predictable but still entertaining,positive
I'm annoyed with this delay.,negative
Bond inventory to as low as 40 pct.,neutral
I'm thrilled with the results.,positive
Australia Feb current account deficit 750 mln dlrs vs Jan 1. 23 billion - official,neutral
"Its forecast for total EC sugar production, including cane and molasses, rose to 14. 10 mln tonnes from 14. 09 mln.",neutral
"kenneth branagh's energetic sweet-and-sour performance as a curmudgeonly british playwright grounds this overstuffed, erratic dramedy in which he and his improbably forbearing wife contend with craziness and child-rearing in los angeles.",negative
"it's a cool event for the whole family. maybe not a classic, but a movie the kids will want to see over and over again.",positive
It said Railway Maintenance had 1986 sales of 16 mln dlrs and employs 100 people.,neutral
"russell lacks the visual panache, the comic touch, and perhaps the budget of sommers's title-bout features.",negative
""" The banks are in need of investments that provide earnings.",neutral
Central Bank officials were not available for comment.,neutral
It said the book value of the unit is about 2. 2 mln dlrs.,neutral
Some traders believe the main quality problem is with harvesting and fermentation techniques.,neutral
Prime Minister David Lange is in Hawaii on his way home from Vancouver.,neutral
The form has five questions.,neutral
Western Environmental was acquired in March 1986.,neutral
"like life on the island, the movie grows boring despite the scenery.",negative
no one but a convict guilty of some truly heinous crime should have to sit through the master of disguise.,negative
... too sappy for its own good.,negative
disturbing and brilliant documentary.,positive
"The daily price was 1, 577. 61 SDR per tonne yesterday.",neutral
"the overall fabric is hypnotic, and mr. mattei fosters moments of spontaneous intimacy.",positive
"it feels like an after-school special gussied up with some fancy special effects, and watching its rote plot points connect is about as exciting as gazing at an egg timer for 93 minutes.",negative
"lan yu is at times too restrained, yet there are moments it captures the erotics of intimacy in a way that makes most american love stories look downright unfree.",positive
The offer was made to Kuwait in light of Iran ' s deployment of Chinese - built missiles to cover the entrance to the Gulf.,neutral
I'm sick of these problems.,negative
I love this product.,positive
the element of surprise might be the only thing femme fatale has going for it.,negative
"it becomes gimmicky instead of compelling. "" interview "" loses its overall sense of mystery and becomes a tv episode rather than a documentary that you actually buy into.",negative
"though nijinsky's words grow increasingly disturbed, the film maintains a beguiling serenity and poise that make it accessible for a non-narrative feature.",positive
U. S. firms have complained they were not allowed to bid on its construction.,neutral
"The purchase agreement includes the Forsyth County News, published on Wednesday and Sunday and the Winder News, a weekly, among other publications.",neutral
a sermonizing and lifeless paean to teenage dullards.,negative
"it's a lot to ask people to sit still for two hours and change watching such a character, especially when rendered in as flat and impassive a manner as phoenix's.",negative
"my big fat greek wedding is that rare animal known as'a perfect family film,' because it's about family.",positive
IDC SERVICES AGREES TO BE ACQUIRED FOR 16 DLRS A SHARE BY APOLLO PARTNERS GROUP,neutral
"the story line may be 127 years old, but el crimen del padre amaro... couldn't be more timely in its despairing vision of corruption within the catholic establishment.",positive
happily stays close to the ground in a spare and simple manner and doesn't pummel us with phony imagery or music.,positive
They said Saudi Arabia was allowing production to fluctuate with lifting nominations and was not trying to maintain artificially high levels by putting oil into storage.,neutral
"like the original, this version is raised a few notches above kiddie fantasy pablum by allen's astringent wit.",positive
a rambling ensemble piece with loosely connected characters and plots that never quite gel.,negative
"CANADA PLANS TO MONITOR STEEL IMPORTS, EXPORTS, TRADE MINISTER SAYS",neutral
"The new system aims for an average of around 915, 000 tonnes of white sugar and to cut output of "" C "" sugar.",neutral
"Everyone on the team worked together brilliantly, and we finished the entire project ahead of schedule.",positive
Year net includes LIFO inventory charges six cts shr vs two cts shr.,neutral
"at times, it actually hurts to watch.",negative
This was partially offset by new swap arrangements.,neutral
RESIDENTIAL MORTGAGE INVESTMENTS INC & lt; RMI > PAYOUT Qtly div 24 cts vs 24 cts prior Pay April 10 Record March 31,neutral
troubling and powerful.,positive
This is such good news.,positive
you don't have to know about music to appreciate the film's easygoing blend of comedy and romance.,positive
"behind the glitz, hollywood is sordid and disgusting. quelle surprise!",negative
queen of the damned is too long with too little going on.,negative
"A year ago, the rate was 2. 8 pct.",neutral
a thriller without a lot of thrills.,negative
That was very kind of you.,positive
"a delightful surprise because despite all the backstage drama, this is a movie that tells stories that work -- is charming, is moving, is funny and looks professional.",positive
one suspects that craven endorses they simply because this movie makes his own look much better by comparison.,negative
the vistas are sweeping and the acting is far from painful.,positive
""" But now Japanese are going for blue - chip organisations,"" he said.",neutral
"As to the traditionally more active currencies, stability was the catchword and reluctance the watchword among analysts.",neutral
Hutchison shares lost one dlr to end at 53 dlrs each today.,neutral
has the capability of effecting change and inspiring hope.,positive
it provides an honest look at a community striving to anchor itself in new grounds.,positive
FED SAYS IT SETS 1. 5 BILLION DLRS OF CUSTOMER REPURCHASE AGREEMENTS,neutral
wanker goths are on the loose! run for your lives!,negative
a refreshing korean film about five female high school friends who face an uphill battle when they try to take their relationships into deeper waters.,positive
"[morgan], judd and franklin can't save the script, rooted in a novel by joseph finder, from some opportunism.",negative
"Peviously, Lynch would have held about 25 pct, with Becor holders receiving 25 pct and Becor management about half.",neutral
a conventional but heartwarming tale.,positive
"the real triumphs in igby come from philippe, who makes oliver far more interesting than the character's lines would suggest, and sarandon, who couldn't be better as a cruel but weirdly likable wasp matron.",positive
At least one analyst Friday speculated the company might fetch 38 to 42 dlrs per share.,neutral
"Cook Strait ferry sailings resumed after Marlborough Harbour Board workers returned to work this morning, ending their industrial action a day early.",neutral
The garden looks beautiful.,positive
the script was reportedly rewritten a dozen times -- either 11 times too many or else too few.,negative
neil burger here succeeded in... making the mystery of four decades back the springboard for a more immediate mystery in the present.,positive
""" Where the crop is really made or broken is still ahead of us,"" an Agriculture Department authority on the USSR said.",neutral
"this is an ungainly movie, ill-fitting, with its elbows sticking out where the knees should be.",negative
"the movie is a negligible work of manipulation, an exploitation piece doing its usual worst to guilt-trip parents.",negative
The trip was exhausting and stressful.,negative
"I felt genuinely welcomed the moment I walked through the door, and that warmth continued the entire visit.",positive
"bad company has one of the most moronic screenplays of the year, full of holes that will be obvious even to those who aren't looking for them.",negative
"The product description was misleading, and what actually arrived looked nothing like the photos.",negative
"an enthralling, entertaining feature.",positive
"The average price was a record 127, 100 dlrs, surpassing the previous record 119, 100 price set in December.",neutral
"ritchie may not have a novel thought in his head, but he knows how to pose madonna.",negative
""" The events we sustained yesterday and the day before are a very serious setback for Gaspe Mines operations,"" Lefebvre said.",neutral
it's just hard to believe that a life like this can sound so dull.,negative
House and Senate negotiators are ironing out differences in trade bills passed by both chambers.,neutral
"It has been under review since the exchange submitted the proposal in December, 1985.",neutral
one of the most incoherent features in recent memory.,negative
"writer-director david jacobson and his star, jeremy renner, have made a remarkable film that explores the monster's psychology not in order to excuse him but rather to demonstrate that his pathology evolved from human impulses that grew hideously twisted.",positive
""" The 140 yen level is key for the dollar because it is considered to be the lower end of the reference range.",neutral
a poignant comedy that offers food for thought.,positive
would make an excellent companion piece to the similarly themed'the french lieutenant's woman.',positive
"The well, in 260 feet of water, was drilled to a total depth of 14, 629 feet, it said.",neutral
Legal and General Group 1986 pre - tax profit 83. 2 mln stg vs 31. 5 mln.,neutral
you will emerge with a clearer view of how the gears of justice grind on and the death report comes to share airtime alongside the farm report.,positive
"thanks to the château's balance of whimsicality, narrative discipline and serious improvisation, almost every relationship and personality in the film yields surprises.",positive
"too intensely focused on the travails of being hal hartley to function as pastiche, no such thing is hartley's least accessible screed yet.",negative
He had said earlier in Washington that current exchange rates were within levels implied in the February Paris currency accord.,neutral
australia: land beyond time is an enjoyable big movie primarily because australia is a weirdly beautiful place.,positive
rarely has sex on screen been so aggressively anti-erotic.,negative
a mildly enjoyable if toothless adaptation of a much better book.,positive
Venezuela was the leading buyer it said.,neutral
"complete lack of originality, cleverness or even visible effort",negative
... myers has turned his franchise into the movie version of an adolescent dirty-joke book done up in post-tarantino pop-culture riffs...,positive
has little on its mind aside from scoring points with drag gags.,negative
- On station Illinois River ( south Chicago ) 135 pct bid / 140 offered - no comparison.,neutral
Arango said there would be no imminent catastrophe but predicted that over the short term prices would undoubtedly plummet.,neutral
"first-time writer-director dylan kidd also has a good ear for dialogue, and the characters sound like real people.",negative
"this is a movie that refreshes the mind and spirit along with the body, so original is its content, look, and style.",positive
"if this movie leaves you cool, it also leaves you intriguingly contemplative.",positive
"although some viewers will not be able to stomach so much tongue-in-cheek weirdness, those who do will have found a cult favorite to enjoy for a lifetime.",positive
Bankers said the reserve requirement increase could have some impact on commercial lending rates but should not hit the money market too hard.,neutral
"GRAIN SHIPS WAITING AT NEW ORLEANS Ten grain ships were loading and 18 were waiting to load at New Orleans elevators, trade sources said.",neutral
"though this film can be clumsy, its ambitions are equally -- and admirably -- uncommercial.",positive
you see robert de niro singing - and dancing to - west side story show tunes. choose your reaction: a. ) that sure is funny! b. ) that sure is pathetic!,negative
He said Hollinger was currently talking to about 10 such newspapers in the U. S. where the company currently owns 23 dailies.,neutral
"a tired, predictable, bordering on offensive, waste of time, money and celluloid.",negative
"this film is so different from the apple and so striking that it can only encourage us to see samira makhmalbaf as a very distinctive sensibility, working to develop her own film language with conspicuous success.",positive
"the film is an earnest try at beachcombing verismo, but it would be even more indistinct than it is were it not for the striking, quietly vulnerable personality of ms. ambrose.",positive
The parking garage is next to the building.,neutral
"waydowntown may not be an important movie, or even a good one, but it provides a nice change of mindless pace in collision with the hot oscar season currently underway.",negative
"believes so fervently in humanity that it feels almost anachronistic, and it is too cute by half. but arriving at a particularly dark moment in history, it offers flickering reminders of the ties that bind us.",positive
Translated from Philippine pesos at 20. 3489 pesos to dollar vs 18. 5571 in quarter and 20. 2315 vs 18. 2743 in year.,neutral
"the powerful success of read my lips with such provocative material shows why, after only three films, director/co-writer jacques audiard, though little known in this country, belongs in the very top rank of french filmmakers.",positive
"too often, son of the bride becomes an exercise in trying to predict when a preordained "" big moment "" will occur and not "" if. """,positive
That was a wonderful surprise.,positive
"your response to its new sequel, analyze that, may hinge on what you thought of the first film.",positive
one long string of cliches.,negative
the pace of the film is very slow ( for obvious reasons ) and that too becomes off-putting.,negative
"Human sugar consumption in October - February rose to 817, 856 tonnes from 799, 128 in the year - ago period.",neutral
what a stiflingly unfunny and unoriginal mess this is!,negative
"who needs mind-bending drugs when they can see this, the final part of the'qatsi' trilogy, directed by godfrey reggio, with music by philip glass?",positive
undercover brother doesn't go far enough. it's just a silly black genre spoof.,negative
"a good film with a solid pedigree both in front of and, more specifically, behind the camera.",positive
E. F. HUTTON LBO INC SAID TENDER OFFER BY PC ACQUISITTION FOR PUROLATOR COURIER EXPIRED,neutral
The SEC has a standing policy of never confirming or denying investigations or upcoming legal action.,neutral
"the good is very, very good... the rest runs from mildly unimpressive to despairingly awful.",negative
This phone is very slow.,negative
AEGON 1986 NET PROFIT RISES 6. 4 PCT Net profit 327. 1 mln guilders vs 307. 5.,neutral
NL INDUSTRIES INC & lt; NL > SET REGULAR PAYOUT Qtly div five cts vs five cts prior Pay March 31 Record March 16,neutral
"the very definition of what critics have come to term an "" ambitious failure. """,negative
"lucky break is perfectly inoffensive and harmless, but it's also drab and inert.",negative
I love how this turned out.,positive
This is terrible.,negative
"at its best, this is grand-scale moviemaking for a larger-than-life figure, an artist who has been awarded mythic status in contemporary culture.",positive
"eight legged freaks is clever and funny, is amused by its special effects, and leaves you feeling like you've seen a movie instead of an endless trailer.",positive
"( danny huston gives ) an astounding performance that deftly, gradually reveals a real human soul buried beneath a spellbinding serpent's smirk.",positive
"SAMA offers a total of 1. 9 billion riyals each week in 30, 91 and 180 - day paper to banks in the Kingdom.",neutral
Ganapin said three billion dlrs would be needed in the next two years alone to save five mln hectares of critically denuded land in the Philippines.,neutral
What a disappointing experience.,negative
The run on the dollar against the yen came in a market thinned by the absence of many dealers for a Forex Club meeting in Hamburg.,neutral
"the subtle strength of "" elling "" is that it never loses touch with the reality of the grim situation.",positive
This compares with the Bank ' s forecast of a 300 mln stg shortage in the system today.,neutral
"The revenue to the EC from the tax would simply be used to finance the EC ' s own oilseed subsidy machine, he said.",neutral
The trip was exhausting and stressful.,negative
the viewer takes great pleasure in watching the resourceful molly stay a step ahead of her pursuers.,positive
"it's the best film of the year so far, the benchmark against which all other best picture contenders should be measured.",positive
It added that it expects future operating results to be improved because of the closing of the two warehouses.,neutral
"cheap, vulgar dialogue and a plot that crawls along at a snail's pace.",negative
"the main characters are simply named the husband, the wife and the kidnapper, emphasizing the disappointingly generic nature of the entire effort.",negative
"after seeing swept away, i feel sorry for madonna.",negative
Years of continuous low prices have plunged the sugar industry in many countries in the region into a recession from which it will be hard to recover.,neutral
""" As the issue is basicly political, a solution can only be found by bilateral negotiations,"" the statement said.",neutral
the hot topics of the plot are relegated to the background -- a welcome step forward from the sally jesse raphael atmosphere of films like philadelphia and american beauty.,positive
The weather forecast for this week shows a mix of clouds and sun with mild temperatures throughout.,neutral
It can transfer bad loans under the terms of the 1984 restructuring agreement with the government.,neutral
"this odd, distant portuguese import more or less borrows from bad lieutenant and les vampires, and comes up with a kind of art-house gay porn film.",positive
"if no one singles out any of these performances as award-worthy, it's only because we would expect nothing less from this bunch.",positive
"if you can stomach the rough content, it's worth checking out for the performances alone.",positive
"Sorghum harvesting moved slowly forward, reaching between four and six pct of total planted area, compared to two to four pct a week ago.",neutral
"Norman Robertson, Mellon Bank chief economist, called the markets ' instability frightening.",neutral
"It will not give any short term relief for debt ridden countries, but it will make a difference in 10 to 15 years.",neutral
the good girl is a film in which the talent is undeniable but the results are underwhelming.,negative
"... if you're in a mind set for goofy comedy, the troopers will entertain with their gross outs, bawdy comedy and head games.",positive
"nicks sustains the level of exaggerated, stylized humor throughout by taking your expectations and twisting them just a bit.",positive
"Currently, Captive Venture Capital stock is traded over the counter and will soon trade under the Scan - Graphics name.",neutral
a smug and convoluted action-comedy that doesn't allow an earnest moment to pass without reminding audiences that it's only a movie.,negative
the advantage of a postapocalyptic setting is that it can be made on the cheap. any rock pile will do for a set. reign of fire has the disadvantage of also looking cheap.,negative
"most of the information has already appeared in one forum or another and, no matter how broomfield dresses it up, it tends to speculation, conspiracy theories or, at best, circumstantial evidence.",negative
"the pinochet case is a searing album of remembrance from those who, having survived, suffered most.",positive
TEXAS INSTRUMENTS INC & lt; TXN > SETS QUARTERLY Qtly div 50 cts vs 50 cts prior Pay April 20 Record March 31,neutral
I'm proud of this work.,positive
Gateway said the acquired company has contracts with 102 dentists in 144 locations.,neutral
It is raining outside today.,neutral
Sci - Med said it continues to believe the patent suit is without merit.,neutral
"International demand was also slow but some inquiries from Far Eastern buyers were noted in South American producer countries, the sources said.",neutral
"not a schlocky creature feature but something far more stylish and cerebral--and, hence, more chillingly effective.",positive
"a much more successful translation than its most famous previous film adaptation, writer-director anthony friedman's similarly updated 1970 british production.",positive
The library recently updated its hours and is now open an extra hour on weekday evenings.,neutral
"this engrossing, characteristically complex tom clancy thriller is shifty in the manner in which it addresses current terrorism anxieties and sidesteps them at the same time.",positive
the entire movie is filled with deja vu moments.,negative
The service here is excellent.,positive
"a terrible adaptation of a play that only ever walked the delicate tightrope between farcical and loathsome. in the wrong hands, i. e. peploe's, it's simply unbearable",negative
"methodical, measured, and gently tedious in its comedy, secret ballot is a purposefully reductive movie -- which may be why it's so successful at lodging itself in the brain.",positive
This is such good news.,positive
"deep down, i realized the harsh reality of my situation: i would leave the theater with a lower i. q. than when i had entered.",negative
"elaborate special effects take centre screen, so that the human story is pushed to one side.",negative
I love how this turned out.,positive
spain's greatest star wattage doesn't overcome the tumult of maudlin tragedy.,negative
"an uplifting, near-masterpiece.",positive
"a hit- and-miss affair, consistently amusing but not as outrageous or funny as cho may have intended or as imaginative as one might have hoped.",negative
Analysts said they do not believe a much higher offer could be made for American Medical.,neutral
I am extremely happy with my purchase and would gladly buy from this company again.,positive
one of the best looking and stylish animated movies in quite a while...,positive
everything is pegged into the groove of a new york dating comedy with'issues' to simplify.,negative
"well, it does go on forever.",negative
In 1984 severe drought cut the crop to 1. 79 mln bags.,neutral
it's a documentary that says that the alternate sexuality meant to set you free may require so much relationship maintenance that celibacy can start looking good.,negative
48 pct - owned by Dome Petroleum Ltd & lt; DMP >.,neutral
how do you spell cliché?,negative
Results from these had been taken only partly into the fourth quarter of that year but fully included in 1986 data.,neutral
"makes for some truly odd, at times confusing, kids entertainment... but at least this time there's some centered storytelling to go along with all the weird stuff.",negative
"The measure, confirmed by a brokerage firm here, has effectively cut off all foreign participation in Venezuela ' s volatile currency market.",neutral
I love how this turned out.,positive
It said in a statement Ferrado and Insele will be merged into Instrumentarium ' s Professional Electronics and Information Systems Division.,neutral
The car needs an oil change.,neutral
"Thirty years ago, in 1956, the situation was different.",neutral
nicholson's understated performance is wonderful. as warren he stumbles in search of all the emotions and life experiences he's neglected over the years.,positive
"Ambassador Nobuo Matsunaga made the recommendation at a meeting with Nakasone, Kyodo News Service said.",neutral
"yes, ballistic is silly. unfortunately, it's not silly fun unless you enjoy really bad movies.",negative
it is definitely worth seeing.,positive
The Soviet Union has previously said nine mln hectares of winter grain will have to be reseeded because of winterkill.,neutral
"as the story moves inexorably through its seven day timeframe, the picture becomes increasingly mesmerizing.",positive
"it's hard to believe that a relationship like holly and marina's could survive the hothouse emotions of teendom, and its longevity gets more inexplicable as the characterizations turn more crassly reductive.",negative
The flight departs from gate 12.,neutral
"just as the recent argentine film son of the bride reminded us that a feel-good movie can still show real heart, time of favor presents us with an action movie that actually has a brain.",positive
does what should seem impossible: it makes serial killer jeffrey dahmer boring.,negative
"naipaul fans may be disappointed. those who are not acquainted with the author's work, on the other hand, may fall fast asleep.",negative
`matrix'-style massacres erupt throughout... but the movie has a tougher time balancing its violence with kafka-inspired philosophy.,negative
"kicks off with an inauspicious premise, mopes through a dreary tract of virtually plotless meanderings and then ends with a whimper.",negative
The password was reset this morning.,neutral
"the film didn't move me one way or the other, but it was an honest effort and if you want to see a flick about telemarketers this one will due.",negative
"zhang yimou delivers warm, genuine characters who lie not through dishonesty, but because they genuinely believe it's the only way to bring happiness to their loved ones.",positive
I'm angry about this charge.,negative
a solidly entertaining little film.,positive
"a quiet, disquieting triumph.",positive
the two leads chomp considerably more scenery with their acting than fire-breathing monsters barbecue with their breath...,positive
"we never truly come to care about the main characters and whether or not they'll wind up together, and michele's spiritual quest is neither amusing nor dramatic enough to sustain interest.",negative
"P and O is considering listing its shares in Japan and other important overseas financial centres, the statement added.",neutral
Nor did it specify if the sources were official or other contacts.,neutral
this idea has lost its originality... and neither star appears very excited at rehashing what was basically a one-joke picture.,negative
the script is a dim-witted pairing of teen-speak and animal gibberish.,negative
cremaster 3 is at once a tough pill to swallow and a minor miracle of self-expression.,positive
"Mulford told Congress last week the Paris accord called, in effect, for currency stability for several months.",neutral
"Up to another 6. 7 billion dlrs worth could be issued between January and August 1987, according to USDA.",neutral
"it has a dashing and resourceful hero; a lisping, reptilian villain; big fights; big hair; lavish period scenery; and a story just complicated enough to let you bask in your own cleverness as you figure it out.",positive
"But at least we are still talking,"" a union spokesman said.",neutral
"nohe has made a decent'intro' documentary, but he feels like a spectator and not a participant.",negative
"not quite as miraculous as its dreamworks makers would have you believe, but it more than adequately fills the eyes and stirs the emotions.",positive
horrible,negative
The increased cost of using U. S. vessels was to be funded by the Transportation Department instead of USDA.,neutral
"Little progress was made in last night ' s three hours of talks, with both sides largely reiterating their positions.",neutral
it's clear that mehta simply wanted to update her beloved genre for the thousands of indians who fancy themselves too sophisticated for the cheese-laced spectacles that pack'em in on the subcontinent.,positive
a sobering and powerful documentary about the most severe kind of personal loss: rejection by one's mother.,positive
[t]oo many of these gross out scenes...,negative
"the filmmakers try to balance pointed, often incisive satire and unabashed sweetness, with results that are sometimes bracing, sometimes baffling and quite often, and in unexpected ways, touching.",positive
a glossy knock-off of a b-movie revenge flick.,negative
I feel really frustrated.,negative
wins my vote for'the 2002 enemy of cinema' award.,negative
it doesn't matter that the film is less than 90 minutes. it still feels like a prison stretch.,negative
The company changed its fiscal year in 1986 to a calendar year from a year ending November 30.,neutral
"disney aficionados will notice distinct parallels between this story and the 1971 musical "" bedknobs and broomsticks, "" which also dealt with british children rediscovering the power of fantasy during wartime.",positive
despite the surface attractions -- conrad l. hall's cinematography will likely be nominated for an oscar next year -- there's something impressive and yet lacking about everything.,negative
In 1986 the economy grew by an actual 3. 1 pct.,neutral
American Express officials declined comment but cited a statement it released more than two weeks ago in which it said it was studying matters of strategic importance.,neutral
This is a rip-off.,negative
in the end there is one word that best describes this film: honest.,positive
The lecture lasts about an hour.,neutral
fulford-wierzbicki... deftly captures the wise-beyond-her-years teen.,positive
kiarostami has crafted a deceptively casual ode to children and managed to convey a tiny sense of hope.,positive
"jolie gives it that extra little something that makes it worth checking out at theaters, especially if you're in the mood for something more comfortable than challenging.",positive
I absolutely love this product; it works perfectly every single time I use it.,positive
""" We have not run away from the auction.",neutral
what puzzles me is the lack of emphasis on music in britney spears' first movie.,negative
"The company employs 2, 500 people.",neutral
"Her cooking always brings the whole family together, and everyone leaves the table completely satisfied.",positive
"it's funny and human and really pretty damned wonderful, all at once.",positive
it's a great deal of sizzle and very little steak. but what spectacular sizzle it is!... in this incarnation its fizz is infectious.,positive
polanski has found the perfect material with which to address his own world war ii experience in his signature style.,positive
... the last time i saw a theater full of people constantly checking their watches was during my sats.,negative
""" Ideally, I ' d like to freeze things right where we are,"" said Huckaby, leading advocate for sugar growers in Congress.",neutral
"it is ok for a movie to be something of a sitcom apparatus, if the lines work, the humor has point and the actors are humanly engaged.",positive
"Housing starts before adjustment rose to 150, 200 in September from 144, 600 in August.",neutral
conforms itself with creating a game of'who's who'... where the characters' moves are often more predictable than their consequences.,negative
"However, it may take some time to replace the financing, the source said, resulting in what could be a substantial expense to the firm.",neutral
"manages to be somewhat well-acted, not badly art-directed and utterly unengaging no matter how hard it tries to be thrilling, touching or, yikes, uproarious.",negative
there has to be a few advantages to never growing old. like being able to hit on a 15-year old when you're over 100.,positive
that old adage about women being unknowable gets an exhilarating new interpretation in morvern callar.,positive
zaidan's script has barely enough plot to string the stunts together and not quite enough characterization to keep the faces straight.,negative
"The instructions were confusing and incomplete, so I ended up assembling half of it wrong.",negative
"safe conduct, however ambitious and well-intentioned, fails to hit the entertainment bull's-eye.",negative
'cq may one day be fondly remembered as roman coppola's brief pretentious period before going on to other films that actually tell a story worth caring about,negative
"how many more times will indie filmmakers subject us to boring, self-important stories of how horrible we are to ourselves and each other?",negative
"with a tighter editorial process and firmer direction this material could work, especially since the actresses in the lead roles are all more than competent, but as is, personal velocity seems to be idling in neutral.",negative
"As a result, a purchaser would not be bound to buy the shares that were tendered if the minimum level were not reached.",neutral
"CANADIAN MONEY SUPPLY M - 1 FALLS 291 MLN DLRS IN WEEK, BANK OF CANADA SAID",neutral
"Since the start of the coffee year last october, private exporters were on average allowed 350, 000 bags of 60 kilos per month.",neutral
it is refreshingly undogmatic about its characters.,positive
"[tries] to parody a genre that's already a joke in the united states. the movie is the equivalent of french hip-hop, which also seems to play on a 10-year delay.",negative
"it would be churlish to begrudge anyone for receiving whatever consolation that can be found in dragonfly, yet it is impossible to find the film anything but appalling, shamelessly manipulative and contrived, and totally lacking in conviction.",negative
one gets the impression the creators of don't ask don't tell laughed a hell of a lot at their own jokes. too bad none of it is funny.,negative
"as a director, mr. ratliff wisely rejects the temptation to make fun of his subjects.",positive
"by the end, you just don't care whether that cold-hearted snake petrovich ( that would be reno ) gets his comeuppance. just bring on the battle bots, please!",negative
"as an actress, madonna is one helluva singer. as the mediterranean sparkles,'swept away' sinks.",negative
USAIR GROUP REQUESTS TRANSPORTATION DEPARTMENT ORDER TWA TO DIVEST STAKE,neutral
"More than 170 ships in Brazil, and about nine more in foreign ports, have been halted by the strike, which began on February 27.",neutral
"exquisitely acted and masterfully if preciously interwoven [the film] addresses in a fascinating, intelligent manner the intermingling of race, politics and local commerce.",positive
the verdict: two bodies and hardly a laugh between them.,negative
""" We don ' t tinker.",neutral
SECURITY CAPITAL & lt; SCC > SUSPENDS DIVIDENDS Security Capital Corp said it has suspended quarterly cash dividend payments indefinitely.,neutral
The bridge connects the two towns.,neutral
"Emery said it would operate Purolator as a subsidiary if it succeeded in the takever, but would integrate its air hub.",neutral
"the film's appeal has a lot to do with the casting of juliette binoche as sand, who brings to the role her pale, dark beauty and characteristic warmth.",positive
American Express said it was subpoenaed for documents pertaining to securities transactions of American Express and Fireman ' s Fund.,neutral
"The form requires your name, address, and a signature at the bottom of the second page.",neutral
"Prior year net includes gain 1, 549, 000 dlrs on sale of property.",neutral
"The other 50 pct is held by & lt; Total Exploration S. A.>, the field ' s operator.",neutral
it inspires a continuing and deeply satisfying awareness of the best movies as monumental'picture shows.',positive
"Wheat growth was halted by cold weather, and rain early in the week prevented fertilizer application and weed spraying.",neutral
But diplomats said the latest announcement shows the authorities were forced to act quickly to keep this year ' s deficit under control.,neutral
"elling, portrayed with quiet fastidiousness by per christian ellefsen, is a truly singular character, one whose frailties are only slightly magnified versions of the ones that vex nearly everyone.",positive
a benign but forgettable sci-fi diversion.,negative
ETL chairman Allan Hawkins said in the statement that the shareholding in Monier was a long term investment.,neutral
griffin & co. manage to be spectacularly outrageous.,positive
What a beautiful morning.,positive
tres greek writer and star nia vardalos has crafted here a worldly-wise and very funny script.,positive
this is rote drivel aimed at mom and dad's wallet.,negative
"mr. caine and mr. fraser are the whole show here, with their memorable and resourceful performances.",positive
"if you really want to understand what this story is really all about, you're far better served by the source material.",negative
there are few things more frustrating to a film buff than seeing an otherwise good movie marred beyond redemption by a disastrous ending.,negative
"smith examines the intimate, unguarded moments of folks who live in unusual homes -- which pop up in nearly every corner of the country.",positive
has all the right elements but completely fails to gel together.,negative
The parking garage is next to the building.,neutral
"if h. g. wells had a time machine and could take a look at his kin's reworked version, what would he say?'it looks good, sonny, but you missed the point.'",negative
"the character is too forced and overwritten to be funny or believable much of the time, and clayburgh doesn't always improve the over-the-top mix.",negative
writer and director otar iosseliani's pleasant tale about a factory worker who escapes for a holiday in venice reveals how we all need a playful respite from the grind to refresh our souls.,positive
hits one out of the park for the'they don't make'em like that anymore' department.,positive
He said an export credit of 250 mln dlrs had been provided for the export of engineering goods to selected third world countries on soft credit terms.,neutral
He said Bass pushed for sale of the independent television stations because the company paid too much.,neutral
"While there are no specific pork items in that legislation, feed grain prices directly affect pork producer profits, the NPPC said.",neutral
"extremely well acted by the four primary actors, this is a seriously intended movie that is not easily forgotten.",positive
International Proteins said its agreement with Hanson Trust is subject to stockholder approval at the annual meeting which is expected to be held in June.,neutral
"frida isn't that much different from many a hollywood romance. what sets it apart is the vision that taymor, the avant garde director of broadway's the lion king and the film titus, brings.",positive
Bally reportedly already has been approached about Six Flags by several prospective buyers.,neutral
"formulaic to the 51st power, more like.",negative
"Nevertheless, Japanese officials said they remain in a weak bargaining position, especially with the threat of a trade bill overhanging them.",neutral
what happened with pluto nash? how did it ever get made?,negative
curling may be a unique sport but men with brooms is distinctly ordinary.,negative
a battle between bug-eye theatre and dead-eye matinee.,negative
Representatives of Amoco were not immediately available for comment.,neutral
"what ensues are much blood-splattering, mass drug-induced bowel evacuations, and none-too-funny commentary on the cultural distinctions between americans and brits.",negative
"Acquisitions will continue to be sought worldwide, including further moves in the speciality retailing business which Rowntree first entered in 1983, the statement said.",neutral
"who knows what exactly godard is on about in this film, but his words and images don't have to add up to mesmerize you.",positive
one of the most slyly exquisite anti-adult movies ever made.,positive
garcia and the other actors help make the wobbly premise work.,positive
"shanghai ghetto may not be as dramatic as roman polanski's the pianist, but its compassionate spirit soars every bit as high.",positive
"The suspension comes after the Bank yesterday gave 1, 145 billion pesetas assistance, a record high for this year.",neutral
what begins as a conventional thriller evolves into a gorgeously atmospheric meditation on life-changing chance encounters.,positive
"lavishly, exhilaratingly tasteless.",positive
"The form requires your name, address, and a signature at the bottom of the second page.",neutral
Lawson said the Treasury would strive to keep the PSBR at 1. 0 pct of GDP in future.,neutral
first-time director joão pedro rodrigues' unwillingness to define his hero's background or motivations becomes more and more frustrating as the film goes on.,negative
The system calls on the agency to buy beef from trading houses and simultaneously sell it to users in one tender.,neutral
The February surplus last year was 189 mln dlrs.,neutral
the problem is that the movie has no idea of it is serious or not.,negative
believability wasn't one of the film's virtues.,negative
"never lets go your emotions, taking them to surprising highs, sorrowful lows and hidden impulsive niches... gorgeous, passionate, and at times uncommonly moving.",positive
the most compelling performance of the year adds substantial depth to this shocking testament to anti-semitism and neo-fascism.,positive
This is a rip-off.,negative
"the film is enriched by an imaginatively mixed cast of antic spirits, headed by christopher plummer as the subtlest and most complexly evil uncle ralph i've ever seen in the many film and stage adaptations of the work.",positive
the affectionate loopiness that once seemed congenital to demme's perspective has a tough time emerging from between the badly dated cutesy-pie mystery scenario and the newfangled hollywood post-production effects.,negative
The bridge connects the two towns.,neutral
The withholding tax was intended to plug one gap by raising 4. 3 billion marks.,neutral
makes 98 minutes feel like three hours.,negative
Related companies profit 3. 1 mln vs 1. 4 mln.,neutral
... somehow manages to escape the shackles of its own clichés to be the best espionage picture to come out in weeks.,positive
"whereas the extremely competent hitman films such as pulp fiction and get shorty resonate a sardonic verve to their caustic purpose for existing, who is cletis tout? is an inexpressible and drab wannabe looking for that exact niche.",negative
"However, the tax would lower the rate on jewellery and coins to only five pct from the current 15 pct, they said.",neutral
""" It ' s just disguised cheating,"" one Japanese trader said.",neutral
it's the filmmakers' post-camp comprehension of what made old-time b movies good-bad that makes eight legged freaks a perfectly entertaining summer diversion.,positive
"alternating between facetious comic parody and pulp melodrama, this smart-aleck movie... tosses around some intriguing questions about the difference between human and android life.",positive
The temperature today is 20 degrees.,neutral
The Bank of Spain today did not provide assistance funds to banks in a move to drain excess liquidity from the money market.,neutral
"director paul cox's unorthodox, abstract approach to visualizing nijinsky's diaries is both stimulating and demanding.",positive
"PLANTERS CORP & lt; PNBT > 1ST QTR NET Shr 32 cts vs 28 cts Net 2, 194, 000 vs 1, 929, 000",neutral
There was no immediate confirmation of the attacks from Gulf shipping sources.,neutral
"where janice beard falters in its recycled aspects, implausibility, and sags in pace, it rises in its courageousness, and comedic employment.",positive
This is such a letdown.,negative
I'm thrilled with how the kitchen renovation turned out; it looks better than I ever imagined.,positive
"a morose little soap opera about three vapid, insensitive people who take turns hurting each other. it's a feature-length adaptation of one of those "" can this marriage be saved? "" columns from ladies home journal...",negative
"has its moments, but it's pretty far from a treasure.",negative
He said the court move aimed to freeze Saunders ' assets up to the value of the sum it wanted to recover.,neutral
"Economists said energy prices -- the driving force behind the January rise -- rose more moderately last month, while food prices declined.",neutral
Corrects March 11 item to exclude tax credit,neutral
"droll caper-comedy remake of "" big deal on madonna street "" that's a sly, amusing, laugh-filled little gem in which the ultimate "" bellini "" begins to look like a "" real kaputschnik. """,positive
The food tasted awful.,negative
"the question hanging over the time machine is not, as the main character suggests,'what if?' but rather,'how can you charge money for this?'",negative
Response to Friday ' s Iran attack but would not say what the decision was.,neutral
the whole affair is as predictable as can be.,negative
"They expect it to supply the reserves indirectly by arranging a fairly large round, two billion dlrs or more, of customer repurchase agreements.",neutral
This is a huge relief.,positive
"The parallel market, although officially tolerated, is technically illegal in Brazil.",neutral
done in mostly by a weak script that can't support the epic treatment.,negative
the ya-ya's have many secrets and one is - the books are better. translating complex characters from novels to the big screen is an impossible task but they are true to the essence of what it is to be ya-ya.,positive
I'm proud of this work.,positive
"works because we're never sure if ohlinger's on the level or merely a dying, delusional man trying to get into the history books before he croaks.",positive
"all the pieces fall together without much surprise, but little moments give it a boost.",positive
"at its best, which occurs often, michael moore's bowling for columbine rekindles the muckraking, soul-searching spirit of the'are we a sick society?' journalism of the 1960s.",positive
"the man from elysian fields is a cold, bliss-less work that groans along thinking itself some important comment on how life throws us some beguiling curves.",negative
"it's hard to fairly judge a film like ringu when you've seen the remake first. many of the effective horror elements are dampened through familiarity, [yet] are worthwhile.",positive
"the tug-of-war at the core of beijing bicycle becomes weighed down with agonizing contrivances, overheated pathos and long, wistful gazes.",negative
it was only a matter of time before some savvy producer saw the potential success inherent in the mixture of bullock bubble and hugh goo.,positive
"with dickens' words and writer-director douglas mcgrath's even-toned direction, a ripping good yarn is told.",positive
"it's better suited for the history or biography channel, but there's no arguing the tone of the movie - it leaves a bad taste in your mouth and questions on your mind.",negative
"the whole thing feels like a ruse, a tactic to cover up the fact that the picture is constructed around a core of flimsy -- or, worse yet, nonexistent -- ideas.",negative
"contains all the substance of a twinkie -- easy to swallow, but scarcely nourishing.",negative
"a farce of a parody of a comedy of a premise, it isn't a comparison to reality so much as it is a commentary about our knowledge of films.",negative
it won't be long before you'll spy i spy at a video store near you.,negative
"what "" empire "" lacks in depth it makes up for with its heart.",positive
"In West Germany, recent price rises have not altered plans, since planting decisions were taken a few months ago, industry sources said.",neutral
The flight departs from gate 12.,neutral
"lazy, miserable and smug. this is one of the biggest disappointments of the year.",negative
"A ministry spokesman said the wholesale price index, base 1953 and excluding value added tax, stood at 250. 9 in January.",neutral
"it feels like very light errol morris, focusing on eccentricity but failing, ultimately, to make something bigger out of its scrapbook of oddballs.",negative
"a baffling subplot involving smuggling drugs inside danish cows falls flat, and if you're going to alter the bard's ending, you'd better have a good alternative.",negative
"like the best 60 minutes exposé, the film ( at 80 minutes ) is actually quite entertaining.",positive
"the film is painfully authentic, and the performances of the young players are utterly convincing.",positive
"sparkling, often hilarious romantic jealousy comedy... attal looks so much like a young robert deniro that it seems the film should instead be called'my husband is travis bickle'.",positive
Total liabilities fell to 12. 21 billion rand in March after rising to 13. 62 billion in February.,neutral
"Capital has a land bank of some 2, 600 units and in the current year the company expects to sell 500 homes, Trafalgar House said.",neutral
Program has not been decided and the dealers have not yet been chosen.,neutral
"humorless, self-conscious art drivel, made without a glimmer of intelligence or invention.",negative
a life-size reenactment of those jack chick cartoon tracts that always ended with some hippie getting tossed into the lake of fire.,positive
Rolls was rescued from bankruptcy and taken into state ownership in 1971.,neutral
That was very kind of you.,positive
"The rise in non - farm payrolls was the smallest since a decline last June of 75, 000, the department said.",neutral
That made my whole day.,positive
"less dizzying than just dizzy, the jaunt is practically over before it begins.",negative
"one of the finest, most humane and important holocaust movies ever made.",positive
the kind of sweet-and-sour insider movie that film buffs will eat up like so much gelati.,positive
"we started to wonder if some unpaid intern had just typed'chris rock,''anthony hopkins' and'terrorists' into some univac-like script machine.",negative
"while we no longer possess the lack-of-attention span that we did at seventeen, we had no trouble sitting for blade ii.",positive
The class covers three main topics over the course of six weekly sessions.,neutral
no surprises.,negative
"isn't as sharp as the original... despite some visual virtues,'blade ii' just doesn't cut it.",negative
""" The market is now trying to teach them that lesson again,"" he added.",neutral
This official said there was not a significant amount of pressure being exerted by lawmakers on Lyng to make an EEP offer to Moscow.,neutral
The document outlines the steps required to submit a request and the expected turnaround time.,neutral
"However, the official said the final figure would be "" much less than that cited in earlier comments.""",neutral
I highly recommend it.,positive
"you'll laugh at either the obviousness of it all or its stupidity or maybe even its inventiveness, but the point is, you'll laugh.",positive
"brainless, but enjoyably over-the-top, the retro gang melodrama, deuces wild represents fifties teen-gang machismo in a way that borders on rough-trade homo-eroticism.",negative
sayles is making a statement about the inability of dreams and aspirations to carry forward into the next generation.,positive
the film starts out as competent but unremarkable... and gradually grows into something of considerable power.,positive
This phone is very slow.,negative
kaufman creates an eerie sense of not only being there at the time of these events but the very night matthew was killed.,positive
"a chilly, remote, emotionally distant piece... so dull that its tagline should be:'in space, no one can hear you snore.'",negative
mr. soderbergh's direction and visual style struck me as unusually and unimpressively fussy and pretentious.,negative
This car drives beautifully.,positive
... there are enough moments of heartbreaking honesty to keep one glued to the screen.,positive
children and adults enamored of all things pokemon won't be disappointed.,negative
U. N. Conference formally adopts new International Natural Rubber Agreement - chairman,neutral
"overall, the film misses the brilliance of jelinek's novel by some way. it settles for being merely grim.",negative
"Creditanstalt, Austria ' s largest bank, holds majority interests in 10 medium - sized and large Austrian companies.",neutral
I absolutely love this product; it works perfectly every single time I use it.,positive
In the first quarter of this year sales were hit by the cold weather at the start of the year.,neutral
"La Roche said he may buy more, and possible all NECO shares.",neutral
"The customer service team was friendly, patient, and genuinely helpful throughout the whole process.",positive
the satire is just too easy to be genuinely satisfying.,negative
"greene delivers a typically solid performance in a role that is a bit of a departure from the noble characters he has played in the past, and he is matched by schweig, who carries the film on his broad, handsome shoulders.",positive
"the film occasionally tries the viewer's patience with slow pacing and a main character who sometimes defies sympathy, but it ultimately satisfies with its moving story.",positive
they ought to be a whole lot scarier than they are in this tepid genre offering.,negative
"same song, second verse, coulda been better, but it coulda been worse.",positive
"a vivid, spicy footnote to history, and a movie that grips and holds you in rapt attention from start to finish.",positive
I'm very impressed.,positive
But they claimed it was a once - off phenomenon that should have no knock - on impact on the rest of the year.,neutral
""" It really does not mean that, he took the opportunity as it came up,"" one official said.",neutral
"while not quite "" shrek "" or monsters, inc. "", it's not too bad. it's worth taking the kids to.",positive
"it's incredible the number of stories the holocaust has generated. just when you think that every possible angle has been exhausted by documentarians, another new film emerges with yet another remarkable yet shockingly little-known perspective.",positive
"if you're looking for an intelligent movie in which you can release your pent up anger, enough is just the ticket you need.",positive
The garden looks beautiful.,positive
It denied an Iranian report that an Iraqi jet was shot down.,neutral
"sadly,'garth' hasn't progressed as nicely as'wayne.'",negative
"squandering his opportunity to make absurdist observations, burns gets caught up in the rush of slapstick thoroughfare.",negative
The article was published last year.,neutral
catch it... if you can!,positive
"this limp gender-bender-baller from a first-time director and rookie screenwriter steals wholesale from that 1982's tootsie, forgetting only to retain a single laugh.",negative
"the film meant well in its horse tale about freedom, but wasn't able to reach the heart because it was too overbearing.",negative
"An additional 246, 000 tonnes of durum wheat are still available to Algeria under the export enhancement program.",neutral
The car needs an oil change.,neutral
"the film is about the relationships rather than about the outcome. and it sees those relationships, including that between the son and his wife, and the wife and the father, and between the two brothers, with incredible subtlety and acumen.",positive
"The food tasted awful and was served cold, which completely ruined the evening for us.",negative
"writer/director joe carnahan's grimy crime drama is a manual of precinct cliches, but it moves fast enough to cover its clunky dialogue and lapses in logic.",positive
represents a worthy departure from the culture clash comedies that have marked an emerging indian american cinema.,positive
"a bonanza of wacky sight gags, outlandish color schemes, and corny visual puns that can be appreciated equally as an abstract frank tashlin comedy and as a playful recapitulation of the artist's career.",positive
"A turnaround in grain merchandising was a major factor in profit improvement for the nine months, Pillsbury said.",neutral
The package was shipped from the warehouse on Tuesday and is expected within five business days.,neutral
"the script is a disaster, with cloying messages and irksome characters.",negative
the niftiest trick perpetrated by the importance of being earnest is the alchemical transmogrification of wilde into austen--and a hollywood-ized austen at that.,negative
"feels like nothing quite so much as a middle-aged moviemaker's attempt to surround himself with beautiful, half-naked women.",negative
duvall is strong as always.,positive
"confessions may not be a straightforward bio, nor does it offer much in the way of barris' motivations, but the film is an oddly fascinating depiction of an architect of pop culture.",positive
"while this has the making of melodrama, the filmmaker cuts against this natural grain, producing a work that's more interested in asking questions than in answering them.",positive
"at a time when half the so-called real movies are little more than live-action cartoons, it's refreshing to see a cartoon that knows what it is, and knows the form's history.",positive
The company said it changed its fiscal year end from August 31 to December 31.,neutral
"The government ' s perceived need to control inflation by keeping a tight rein on credit was unnecessary, he said.",neutral
"what we have is a character faced with the possibility that her life is meaningless, vapid and devoid of substance, in a movie that is definitely meaningless, vapid and devoid of substance.",negative
"Now it ' s NIC - bashing,"" said Robert Chandross, of Lloyds Bank PLC.",neutral
"I felt genuinely welcomed the moment I walked through the door, and that warmth continued the entire visit.",positive
"this version's no classic like its predecessor, but its pleasures are still plentiful.",positive
"In 1986, the company reported operating income of 5. 51 dlrs a share, up from 4. 84 dlrs a share a year earlier.",neutral
gets under the skin of a man who has just lost his wife.,positive
The Central Bank maintains a stricter policy and tries to keep the mark below the 113. 00 guilders per 100.,neutral
The car is parked outside.,neutral
You did a fantastic job.,positive
Most of the growth occurred in manufacturing and construction.,neutral
it's fairly solid--not to mention well edited so that it certainly doesn't feel like a film that strays past the two and a half mark.,positive
"South Korea ' s cumulative commitments amount to 2. 5 mln tonnes, up 1. 5 mln compared to last year, it said.",neutral
""" I just don ' t see any proposal like that sailing through any interagency process,"" the aide to Lyng said.",neutral
eight legged freaks won't join the pantheon of great monster/science fiction flicks that we have come to love...,negative
The paper blamed the waste on inadequate storage and bad preservation methods.,neutral
All bauxite mining at Moengo ceased four months ago and SURALCO ' s Paranam alumina smelter is using imported bauxite.,neutral
this formulaic chiller will do little to boost stallone's career.,negative
"If it does, then this gives them more room to ease,"" he said.",neutral
aggressive self-glorification and a manipulative whitewash. stay for the credits and see a devastating comic impersonation by dustin hoffman that is revelatory.,negative
Production of capital goods fell 2 - 1 / 2 pct while output of consumer goods was unchanged.,neutral
Manufacturing activity showed signs of improvement in most regions except Dallas where orders remained sluggish.,neutral
The store is open from 9 a.m. to 9 p.m. on weekdays and closes earlier on Sundays.,neutral
"for movie lovers as well as opera lovers, tosca is a real treat.",positive
"though it's become almost redundant to say so, major kudos go to leigh for actually casting people who look working-class.",positive
THOMSON GRAND PUBLIC TAKES OVER THORN EMI ' S AUDIOVISUAL DIVISION - THOMSON,neutral
"by presenting an impossible romance in an impossible world, pumpkin dares us to say why either is impossible -- which forces us to confront what's possible and what we might do to make it so.",positive
"... the gentle melding of drama and comedy makes "" what time is it there? "" something the true film buff will enjoy.",positive
"meyjes's movie, like max rothman's future, does not work.",negative
"Last week, RJ Reynolds announced the sale of four smoking tobacco brands.",neutral
robin williams departs from his fun friendly demeanor in exchange for a darker unnerving role.,negative
"the touch is generally light enough and the performances, for the most part, credible.",positive
the problem isn't that the movie hits so close to home so much as that it hits close to home while engaging in such silliness as that snake-down-the-throat business and the inevitable shot of schwarzenegger outrunning a fireball.,negative
"as gamely as the movie tries to make sense of its title character, there remains a huge gap between the film's creepy, clean-cut dahmer ( jeremy renner ) and fiendish acts that no amount of earnest textbook psychologizing can bridge.",negative
The Office said output of the investment goods industries rose 0. 1 pct while consumer goods output increased 0. 6 pct.,neutral
the movie is obviously a labour of love so howard appears to have had free rein to be as pretentious as he wanted.,negative
"everyone connected to this movie seems to be part of an insider clique, which tends to breed formulaic films rather than fresh ones.",negative
"Japanese trading companies are looking to alternative sources to supply South Korea ' s needs, including Saudi Arabia, Qatar and Mexico, they said.",neutral
as inept as big-screen remakes of the avengers and the wild wild west.,negative
'enigma' is the kind of engaging historical drama that hollywood appears to have given up on in favor of sentimental war movies in the vein of'we were soldiers.',positive
The email was sent at noon.,neutral
I'm annoyed with this delay.,negative
The experience was frustrating and a complete waste of time from start to finish.,negative
"Prior year net includes losses from discontinued operations of 200, 000 dlrs in quarter and 573, 000 dlrs in nine mths.",neutral
He did not say what may be done to rectify the situation.,neutral
"thoughtful, even stinging at times, and lots of fun.",positive
This is a total disaster.,negative
"[e]ventually, every idea in this film is flushed down the latrine of heroism.",negative
Another arbitrageur said it might not be too late for another bidder to get in the game.,neutral
"the lady and the duke is a smart, romantic drama that dares to depict the french revolution from the aristocrats' perspective.",positive
the script manages the rare trick of seeming at once both refreshingly different and reassuringly familiar.,positive
a little better than sorcerer's stone.,positive
final verdict: you've seen it all before.,negative
"not every animated film from disney will become a classic, but forgive me if i've come to expect more from this studio than some 79-minute after-school "" cartoon "".",negative
SUPERMARKETS GENERAL CORP 4TH QTR 50 CTS VS 52 CTS,neutral
"comes off like a rejected abc afterschool special, freshened up by the dunce of a screenwriting 101 class.... designed to provide a mix of smiles and tears, "" crossroads "" instead provokes a handful of unintentional howlers and numerous yawns.",negative
""" Development of new products and increased promotion have helped make rice more available and visible to a wider range of consumers,"" USDA said.",neutral
five screenwriters are credited with the cliché-laden screenplay; it seems as if each watered down the version of the one before.,negative
The temperature today is 20 degrees.,neutral
The meeting has been moved from the main conference room to the smaller room down the hall.,neutral
"A previously adjourned meeting of Hughes Tool stockholders will be resumed this afternoon, it said.",neutral
The invoice lists the itemized charges along with the payment due date at the bottom of the page.,neutral
"pascale bailly's rom-com provides amélie's audrey tautou with another fabuleux destin -- i. e., a banal spiritual quest.",negative
"The warrants are exercisable at par value, currently 10 cts per share, until March 20, 1997.",neutral
The room has two windows.,neutral
IRAN SAYS U. S.,neutral
"it might be'easier' to watch on video at home, but that shouldn't stop die-hard french film connoisseurs from going out and enjoying the big-screen experience.",positive
"Plastics, organic chemicals, polyurethanes and coating raw materials all developed well, it said.",neutral
snow dogs finds its humour in a black man getting humiliated by a pack of dogs who are smarter than him,negative
"a pleasant enough movie, held together by skilled ensemble actors.",positive
The complaint also alleges federal securities laws violations and breach of fiduciary duty.,neutral
"while the film misfires at every level, the biggest downside is the paucity of laughter in what's supposed to be a comedy.",negative
"as animation increasingly emphasizes the computer and the cool, this is a film that takes a stand in favor of tradition and warmth.",positive
"beautiful, angry and sad, with a curious sick poetry, as if the marquis de sade had gone in for pastel landscapes.",positive
"the sundance film festival has become so buzz-obsessed that fans and producers descend upon utah each january to ferret out the next great thing.'tadpole' was one of the films so declared this year, but it's really more of the next pretty good thing.",positive
The independent directors of Viacom were called into a meeting today.,neutral
"from beginning to end, this overheated melodrama plays like a student film.",negative
The average work week rose 0. 2 hours to 35. 0 hours from 34. 8 hours in January.,neutral
"a mediocre exercise in target demographics, unaware that it's the butt of its own joke.",negative
the gags that fly at such a furiously funny pace that the only rip off that we were aware of was the one we felt when the movie ended so damned soon.,positive
"The new employee has been a great addition to the team, bringing energy and fresh ideas every day.",positive
"a wild, endearing, masterful documentary.",positive
"They gave no details on amounts or prices, but said it would be a "" major "" order.",neutral
CAMPBELL SOUP CO & lt; CPB > SETS QUARTERLY DIVIDEND Qtly div 36 cts vs 36 cts Pay April 30 Record April 7,neutral
'dragonfly' is a movie about a bus wreck that turns into a film wreck.,negative
That helped boost U. S. chemical exports.,neutral
"this movie, a certain scene in particular, brought me uncomfortably close to losing my lunch.",negative
mama africa pretty much delivers on that promise. it does give you a peek. the main problem being that it's only a peek.,positive
but this is lohman's film. her performance moves between heartbreak and rebellion as she continually tries to accommodate to fit in and gain the unconditional love she seeks.,positive
"a twisty, moody slice of southern gothic...",positive
CPC INTERNATIONAL TO SELL STAKES IN ASIAN UNITS FOR 340 MLN DLRS TO AJINOMOTO,neutral
"memorable for a peculiar malaise that renders its tension flaccid and, by extension, its surprises limp and its resolutions ritual.",negative
"if you're burnt out on it's a wonderful life marathons and bored with a christmas carol, it might just be the movie you're looking for. it depends on how well flatulence gags fit into your holiday concept.",positive
poor ben bratt couldn't find stardom if mapquest emailed him point-to-point driving directions.,negative
"""... something appears to have been lost in the translation this time. the importance of being earnest movie seems to be missing a great deal of the acerbic repartee of the play. """,positive
The food was delicious.,positive
"if deuces wild had been tweaked up a notch it would have become a camp adventure, one of those movies that's so bad it starts to become good. but it wasn't.",negative
"... a light, yet engrossing piece. lux, now in her eighties, does a great combination act as narrator, jewish grandmother and subject  taking us through a film that is part biography, part entertainment and part history.",positive
A total of four of nine indicators available for February contributed to the increase in the index.,neutral
"a rather brilliant little cult item: a pastiche of children's entertainment, superhero comics, and japanese animation.",positive
I hate this product because it stopped working just two days after I bought it.,negative
an original gem about an obsession with time.,positive
The finance minister said the oil revenue projection is based on an average price of 16. 35 dlrs per barrel in 1988.,neutral
poignant japanese epic about adolescent anomie and heartbreak.,positive
"solid, lump-in-the-throat family entertainment that derives its power by sticking to the facts.",positive
"The world farm market suffers from surpluses because of rising production by exporting countries, he added.",neutral
the pleasures that it does afford may be enough to keep many moviegoers occupied amidst some of the more serious-minded concerns of other year-end movies.,positive
the emotional overload of female angst irreparably drags the film down.,negative
"House lawmakers noted that in 1985 the United States took steps to reduce loan rates, committee staff said.",neutral
the level of acting elevates the material above pat inspirational status and gives it a sturdiness and solidity that we've long associated with washington the actor.,positive
"This laptop crashes constantly, loses my work, and the battery barely lasts an hour.",negative
viewers of barney's crushingly self-indulgent spectacle will see nothing in it to match the ordeal of sitting through it.,negative
"Last year, Japan racked up a 3. 6 billion dlr trade surplus with the United States in these products.",neutral
The view is absolutely stunning.,positive
Not only workers but also businessmen are restive.,neutral
"expect to be reminded of other, better films, especially seven, which director william malone slavishly copies.",negative
"a good music documentary, probably one of the best since the last waltz.",positive
The new policy applies to all employees who started before the beginning of this calendar year.,neutral
""" He ( Lyng ) does not intend to bring it up,"" the aide said, adding that the subsidy offer remains "" dormant.""",neutral
"the film is a confusing melange of tones and styles, one moment a romantic trifle and the next a turgid drama.",negative
But Johnson warned against reliance on inflow of foreign capital to finance investment and the budget deficit and keep interest rates stable.,neutral
You did a fantastic job.,positive
The two firms are the biggest private sector employers in Surinam.,neutral
"It also has reorganized management, and focused its operations on businesses that would be less affected by foreign competition, Gormley said.",neutral
"some elements of it really blow the big one, but other parts are decent.",negative
"Reed told Reuters that GenCorp chairman A. William Reynolds "" was not interested in sitting down and talking with us at this time.""",neutral
it may... work as a jaunt down memory lane for teens and young adults who grew up on televised scooby-doo shows or reruns.,positive
""" Foreign exchange fluctuations in 1986 were a very significant factor behind developments in the result before and after tax,"" Novo said in a statement.",neutral
This is a lovely house.,positive
"... is funny in the way that makes you ache with sadness ( the way chekhov is funny ), profound without ever being self-important, warm without ever succumbing to sentimentality.",positive
"though tom shadyac's film kicks off spookily enough, around the halfway mark it takes an abrupt turn into glucose sentimentality and laughable contrivance.",negative
"often demented in a good way, but it is an uneven film for the most part.",positive
"He accused the U. S. of being "" irrational.""",neutral
"one long, numbing action sequence made up mostly of routine stuff yuen has given us before.",negative
HOUSE PANEL WANTS PENTAGON MANAGE U. S.,neutral
Reagan said there were recent signs Japan was beginning to adhere to the pact and that was why he was not terminating it.,neutral
... a quietly introspective portrait of the self-esteem of employment and the shame of losing a job...,positive
Details of the plan are outlined in a letter to be mailed to stockholders.,neutral
"But a U. S. Official disputed the assessment that, with Darman gone, Baker would abandon international initiatives.",neutral
ARMISTICE ELUDES EC AND U. S.,neutral
"yes, one enjoys seeing joan grow from awkward young woman to strong, determined monarch, but her love for the philandering philip only diminishes her stature.",negative
some decent actors inflict big damage upon their reputations.,negative
"The effective rate, including a central bank levy, for transactions in the coming week, was 3. 8241 against 3. 9246 last week.",neutral
"it extends the writings of jean genet and john rechy, the films of fassbinder, perhaps even the nocturnal works of goya.",positive
This is such a hassle.,negative
February ' s production figure fell slightly short of YPF ' s target figure of 2. 90 mln cubic metres.,neutral
This is a huge relief.,positive
lovely and poignant. puts a human face on a land most westerners are unfamiliar with.,positive
"The company alleged that beginning in mid - 1986, Coastal and its chairman took various steps to acquire its gas and other assets.",neutral
"the video work is so grainy and rough, so dependent on being'naturalistic' rather than carefully lit and set up, that it's exhausting to watch.",negative
a weird and wonderful comedy.,positive
"i didn't find much fascination in the swinging. what they're doing is a matter of plumbing arrangements and mind games, of no erotic or sensuous charge. but that they are doing it is thought-provoking.",negative
"According to the schedule, the delivery truck is expected to arrive sometime between noon and 2 p.m.",neutral
"it's the cute frissons of discovery and humor between chaplin and kidman that keep this nicely wound clock not just ticking, but humming.",positive
SHV SAYS IT MAKING TENDER OFFER FOR UP TO 33 MLN SHARES IN IC GAS,neutral
boomers and their kids will have a barrie good time.,positive
"in addition to scoring high for originality of plot -- putting together familiar themes of family, forgiveness and love in a new way -- lilo & stitch has a number of other assets to commend it to movie audiences both innocent and jaded.",positive
That was a wonderful surprise.,positive
"like all abstract art, the film does not make this statement in an easily accessible way, and -- unless prewarned -- it would be very possible for a reasonably intelligent person to sit through its tidal wave of imagery and not get this vision at all.",negative
it's a ripper of a yarn and i for one enjoyed the thrill of the chill. naomi watts is terrific as rachel; her petite frame and vulnerable persona emphasising her plight and isolation.,positive
it tells its story in a flat manner and leaves you with the impression that you should have gotten more out of it than you did.,negative
charming and funny ( but ultimately silly ) movie.,positive
The figures cover around 95 pct of Rotterdam traffic in the products concerned.,neutral
my own minority report is that it stinks.,negative
"woody, what happened?",negative
The company said continued strength in its results prompted the move.,neutral
it all looks and plays like a $40 million version of a game you're more likely to enjoy on a computer.,negative
"[city] reminds us how realistically nuanced a robert de niro performance can be when he is not more lucratively engaged in the shameless self-caricature of'analyze this' ( 1999 ) and'analyze that,' promised ( or threatened ) for later this year.",positive
"the title not only describes its main characters, but the lazy people behind the camera as well.",negative
The World Bank last month granted Indonesia a 300 mln dlr trade adjustment loan.,neutral
"alternately hilarious and sad, aggravating and soulful, scathing and joyous. it's a masterpeice.",positive
a film with almost as many delights for adults as there are for children and dog lovers.,positive
puts to rest any thought that the german film industry cannot make a delightful comedy centering on food.,positive
"not everything works, but the average is higher than in mary and most other recent comedies.",positive
"perhaps a better celebration of these unfairly dismissed heroes would be a film that isn't this painfully forced, false and fabricated.",negative
The train leaves in ten minutes.,neutral
"Periods end February 28, 1987 and 1986, respectively.",neutral
"The noise from the neighbors kept us up all night, and complaints to management went nowhere.",negative
"being author wells' great-grandson, you'd think filmmaker simon wells would have more reverence for the material. but this costly dud is a far cry from either the book or the beloved film.",negative
i'll bet the video game is a lot more fun than the film.,negative
"This could turn into a serious political problem.""",neutral
"well-intentioned though it may be, its soap-opera morality tales have the antiseptic, preprogrammed feel of an after-school special.",negative
""" We appreciate his management, but certainly some practices have to be corrected.""",neutral
The company said the court has scheduled a hearing on the proposed settlement of the suit for July Eight.,neutral
there are just enough twists in the tale to make it far more satisfying than almost any horror film in recent memory.,positive
no reason for anyone to invest their hard-earned bucks into a movie which obviously didn't invest much into itself either.,negative
buries an interesting storyline about morality and the choices we make underneath such a mountain of clichés and borrowed images that it might more accurately be titled mr. chips off the old block.,negative
"still pretentious and filled with subtext, but entertaining enough at'face value' to recommend to anyone looking for something different.",positive
"a rollicking ride, with jaw-dropping action sequences, striking villains, a gorgeous color palette, astounding technology, stirring music and a boffo last hour that leads up to a strangely sinister happy ending.",positive
"Over the year business volume rose by 9. 9 pct to 93. 2 billion marks compared with 1985, Seipp added.",neutral
Registered unemployed totalled 2. 81 mln or 21. 1 pct of the workforce in February 1986.,neutral
"According to the official, Venezuela is searching worldwide for the additional refining capacity but he did not mention where the company was looking.",neutral
"one big blustery movie where nothing really happens. when it comes out on video, then it's the perfect cure for insomnia.",negative
"there are no special effects, and no hollywood endings.",positive
"The clouts are coming fom the West.""",neutral
a film about a young man finding god that is accessible and touching to the marrow.,positive
"The building has three floors, with the reception desk located on the ground level near the entrance.",neutral
On Friday TWA said it had already acquired four mln shares or 15 pct of USAir.,neutral
The store is open from 9 a.m. to 9 p.m. on weekdays and closes earlier on Sundays.,neutral
new best friend shouldn't have gone straight to video; it should have gone straight to a mystery science theater 3000 video.,negative
offers enough playful fun to entertain the preschool set while embracing a wholesome attitude.,positive
The company said its subsidiary is not precluded from making a new filing to provide sufficient support.,neutral
"Under the terms of the letter of intent, Chrysler will purchase Renault ' s stake held in the form of bonds and shares.",neutral
fuller would surely have called this gutsy and at times exhilarating movie a great yarn.,positive
"It had no meeting scheduled with the other three striking locals, which rejected a tentative three - year contract Saturday, Cominco spokesman Richard Fish said.",neutral
Management bought the other 50 pct.,neutral
"this latest installment of the horror film franchise that is apparently as invulnerable as its trademark villain has arrived for an incongruous summer playoff, demonstrating yet again that the era of the intelligent, well-made b movie is long gone.",negative
"The pact was a major turning point in U. S. Policy, ending a period of disdain for economic cooperation and intervention in currency markets.",neutral
Pope Evans has about 7. 6 mln shares outstanding.,neutral
The invoice lists the itemized charges along with the payment due date at the bottom of the page.,neutral
Company ' s full name is Richarson Electronics Ltd.,neutral
"a few energetic stunt sequences briefly enliven the film, but the wheezing terrorist subplot hasn't the stamina for the 100-minute running time, and the protagonists' bohemian boorishness mars the spirit of good clean fun.",negative
the best way to hope for any chance of enjoying this film is by lowering your expectations. then lower them a bit more.,negative
"as weber and weissman demonstrate with such insight and celebratory verve, the cockettes weren't as much about gender, sexual preference or political agitprop as they were simply a triumph of the indomitable human will to rebel, connect and create.",positive
"One of their leaders, Orlando dos Santos, told Reuters that most of the 1, 100 seamen in the port offered their resignations on Wednesday.",neutral
BANK OF JAPAN ALREADY PURCHASED ONE BILLION DLRS IN MORNING INTERVENTION - DEALERS,neutral
The experience was frustrating and a complete waste of time from start to finish.,negative
German Finance Ministry confident of maintaining currency stability at around current levels - spokesman,neutral
"the actresses may have worked up a back story for the women they portray so convincingly, but viewers don't get enough of that background for the characters to be involving as individuals rather than types.",negative
"deflated ending aside, there's much to recommend the film.",positive
"The building has three floors, with the reception desk located on the ground level near the entrance.",neutral
"a fun family movie that's suitable for all ages -- a movie that will make you laugh, cry and realize,'it's never too late to believe in your dreams.'",positive
Fisher said 5300 also told it they will continue to explore possible advantages and disadvantages of various acquisition proposals.,neutral
"despite the film's shortcomings, the stories are quietly moving.",positive
"Provisions for startup expenses have been made, it added.",neutral
BANK OF FRANCE LEAVES INTERVENTION RATE UNCHANGED AT 7 - 3 / 4 PCT - OFFICIAL,neutral
The grant comes as part of package announced on March 13 for Indian mineral development.,neutral
"a superfluous sequel... plagued by that old familiar feeling of'let's get this thing over with': everyone has shown up at the appointed time and place, but visible enthusiasm is mighty hard to find.",negative
... spellbinding fun and deliciously exploitative.,positive
The crumbling of the plan has been accompanied by a dramatic reversal in the foreign trade account.,neutral
"it's hard to imagine any recent film, independent or otherwise, that makes as much of a mess as this one.",negative
She is reading a book.,neutral
"They amounted to 180. 8 mln dlrs fob compared with 147. 5 mln dlrs for coffee, a drop of 42 pct from last year.",neutral
"legendary irish writer brendan behan's memoir, borstal boy, has been given a loving screen transferral.",positive
CANBRA FOODS LTD SETS SPECIAL ONE - TIME FIVE DLR / COMMON SHR CASH PAYOUT,neutral
Avia said it had not seen the court papers and said it had no comment on the suit.,neutral
"a work of the utmost subtlety and perception, it marks the outstanding feature debut of writer-director eric byler, who understands the power of the implicit and the virtues of simplicity and economy.",positive
Morrison sees 1987 earnings at 1. 25 dlrs and 1988 at 1. 75 against losses in 1986.,neutral
'like a child with an important message to tell... [skins'] faults are easy to forgive because the intentions are lofty.',positive
"the origin story is well told, and the characters will not disappoint anyone who values the original comic books. it's in the action scenes that things fall apart.",negative
Fourth quarter and full year 1986 reflect non - recurring charges from change in control at company.,neutral
Kistler said the cost savings and greater efficiencies should put the company on a profitable course.,neutral
I can't believe how bad this is.,negative
a marvelous performance by allison lohman as an identity-seeking foster child.,positive
it makes me feel weird / thinking about all the bad things in the world / like puppies with broken legs / and butterflies that die / and movies starring pop queens,negative
The plan involves NZFP increasing its current holding in Amcor to about 20 pct from four pct.,neutral
I regret buying this item because the quality was nowhere near what was advertised online.,negative
The food tasted awful.,negative
I really enjoyed that.,positive
The dividend is payable April 14 to holders of record March 31.,neutral
definitely worth 95 minutes of your time.,positive
one of the most exciting action films to come out of china in recent years.,positive
becomes a fascinating study of isolation and frustration that successfully recreates both the physical setting and emotional tensions of the papin sisters.,positive
"after watching it, you can only love the players it brings to the fore for the gifted but no-nonsense human beings they are and for the still-inestimable contribution they have made to our shared history.",positive
Dealers said the worsening trade relations between the U. S. And Japan will continue to depress the dollar.,neutral
"i'm afraid you won't get through this frankly fantastical by-the-numbers b-flick with just a suspension of disbelief. rather, you'll have to wrestle disbelief to the ground and then apply the chloroform-soaked handkerchief.",negative
"blade ii has a brilliant director and charismatic star, but it suffers from rampant vampire devaluation.",negative
"despite impeccable acting... and a script that takes some rather unexpected ( even, at times, preposterous ) turns, love is just too, too precious in the end.",negative
"opens at a funeral, ends on the protagonist's death bed and doesn't get much livelier in the three hours in between.",negative
eight legged freaks falls flat as a spoof.,negative
"so what is the point? lovingly choreographed bloodshed taking place in a pristine movie neverland, basically.",negative
"the sight of the spaceship on the launching pad is duly impressive in imax dimensions, as are shots of the astronauts floating in their cabins.",positive
The company said the dividend is payable March 31 to holders of record March 17.,neutral
Cocoa production and exports are forecast to rise steadily as the government develops cocoa plantations.,neutral
the script is smart and dark - hallelujah for small favors.,positive
""" Japanese semiconductor manufacturers have complied with the U. S./ Japan agreement,"" said Shoichi Saba, Chairman of the Electronic Industries Association of Japan.",neutral
"a strong first act and absolutely, inescapably gorgeous, skyscraper-trapeze motion of the amazing spider-man.",positive
"The movie dragged on far too long, the plot made no sense, and the ending was unsatisfying.",negative
He said several agencies currently helped FEMA to manage the stockpile and decide how much to sell to help the deficit.,neutral
it's good to see michael caine whipping out the dirty words and punching people in the stomach again.,positive
Jamaican ambassador Leslie Wilson said ACP countries are convinced this would lead to EC industry substituting products made within the bloc for oil and fat imports.,neutral
"The concert last night was absolutely incredible, with an energy that kept the whole crowd smiling.",positive
a film so tedious that it is impossible to care whether that boast is true or not.,negative
BARCLAYS BANK SAID IT CUTTING BASE LENDING RATE TO 10. 5 PCT FROM 11 PCT.,neutral
"a horror movie with seriously dumb characters, which somewhat dilutes the pleasure of watching them stalked by creepy-crawly bug things that live only in the darkness.",negative
"in auteil's less dramatic but equally incisive performance, he's a charismatic charmer likely to seduce and conquer.",positive
A High Command communique said Iraqi troops had won a significant victory and were continuing to advance.,neutral
"famuyiwa's feature deals with its subject matter in a tasteful, intelligent manner, rather than forcing us to endure every plot contrivance that the cliché-riddled genre can offer.",positive
the movie plays up the cartoon's more obvious strength of snazziness while neglecting its less conspicuous writing strength.,positive
the tenderness of the piece is still intact.,positive
The company said it experienced revenue growth across all product lines during the quarter.,neutral
This car drives beautifully.,positive
"while the performances are often engaging, this loose collection of largely improvised numbers would probably have worked better as a one-hour tv documentary.",negative
But they allege talks broke off because Painewebber and Ammeen could not satisfy Edelman and dominion with a written statement that they did not provide inside information.,neutral
The coffee here is fantastic.,positive
The museum opens at 9 a.m.,neutral
The recipe calls for two eggs.,neutral
a modest pleasure that accomplishes its goals with ease and confidence.,positive
""" Responsible tax reform must be fiscally responsible,"" Wilson said in a speech prepared for the House of Commons.",neutral
"some body often looks like an episode of the tv show blind date, only less technically proficient and without the pop-up comments.",negative
Market talk suggested 11 dlrs had been paid for grain from the U. S. North Pacific to Japan but no confirmation was available.,neutral
The package arrived on Monday.,neutral
stealing harvard aspires to comedic grand larceny but stands convicted of nothing more than petty theft of your time.,negative
"this concoction, so bizarre to the adult mind, is actually a charming triumph where its intended under-12 audience is concerned.",positive
He said Philippine copra cake contained much higher levels of aflatoxin.,neutral
"what could have easily become a cold, calculated exercise in postmodern pastiche winds up a powerful and deeply moving example of melodramatic moviemaking.",positive
"In addition, John Lennon, current chairman and chief executive officer, will remain as chairman, he company said.",neutral
"it's leaden and predictable, and laughs are lacking.",negative
There has been no official estimate of damage.,neutral
"a frantic search for laughs, with a hit-to-miss ratio that doesn't exactly favour the audience.",negative
"if you like an extreme action-packed film with a hint of humor, then triple x marks the spot.",positive
"finally, a genre movie that delivers -- in a couple of genres, no less.",positive
[at least] moore is a real charmer.,negative
The company makes artificial hearts.,neutral
share amts relfect dividend requirements.,neutral
scott delivers a terrific performance in this fascinating portrait of a modern lothario.,positive
"The sanctions were levied on certain Japanese television sets, personal computers and hand - held power tools.",neutral
"though it lacks the utter authority of a genre gem, there's a certain robustness to this engaging mix of love and bloodletting.",positive
"on its own cinematic terms, it successfully showcases the passions of both the director and novelist byatt.",positive
"with zoe clarke-williams's lackluster thriller "" new best friend "", who needs enemies? just another generic drama that has nothing going for it other than its exploitive array of obligatory cheap thrills.",negative
I'm very impressed.,positive
mazel tov to a film about a family's joyous life acting on the yiddish stage.,positive
"'... both hokey and super-cool, and definitely not in a hurry, so sit back, relax and have a few laughs while the little ones get a fuzzy treat.'",positive
Baldrige said the Reagan administration hoped the strong U. S. Action against Japan would convince Congress to tone down protectionist trade legislation now being drafted.,neutral
bears is even worse than i imagined a movie ever could be.,negative
"more vaudeville show than well-constructed narrative, but on those terms it's inoffensive and actually rather sweet.",positive
"it's so tedious that it makes you forgive every fake, dishonest, entertaining and, ultimately, more perceptive moment in bridget jones's diary.",negative
The department said inflows were boosted in the fourth quarter by international activities of Japanese banks and strong demand within the United States to finance acquisitions.,neutral
exactly what it claims to be -- a simple diversion for the kids.,negative
"Larner said estimates of compensation claims "" were pure guess work "" at this time.",neutral
This laptop is useless.,negative
"The customer support team was rude, unhelpful, and kept transferring me between departments for no reason.",negative
"quando tiros em columbine acerta o alvo ( com o perdão do trocadilho ), não há como negar o brilhantismo da argumentação de seu diretor.",positive
"you've already seen city by the sea under a variety of titles, but it's worth yet another visit.",positive
"one of those rare, exhilarating cinematic delights that gets even better in hindsight, as you mull over its every nuance in your mind.",positive
Supermarkets is best known for its Pathmark chain of supermarket drug stores in the New York and New Jersey area and also owns Rickels home centers.,neutral
vincent gallo is right at home in this french shocker playing his usual bad boy weirdo role.,positive
"The annual meeting is to be held in Akron, Ohio.",neutral
a surprisingly sweet and gentle comedy.,positive
"there's something with potential here, but the movie decides, like lavinia, to go the conservative route.",negative
thoroughly engrossing and ultimately tragic.,positive
"there is a certain sense of experimentation and improvisation to this film that may not always work, but it is nevertheless compelling.",positive
I'm delighted with my purchase.,positive
Turnover 57. 8 billion francs vs 65. 3 billion.,neutral
the film is predictable in the reassuring manner of a beautifully sung holiday carol.,positive
reveals how important our special talents can be when put in service of of others. it also shows how deeply felt emotions can draw people together across the walls that might otherwise separate them.,positive
The book has 250 pages.,neutral
"Prior year net excludes 1, 103, 000 dlr loss from change in accounting for textiles inventories.",neutral
The team did a great job.,positive
"MTS ACQUISITION HAD TALKS WITH PRATT HOTEL, SOUTHMARK ON CAESARS WORLD PURCHASE",neutral
"too smart to ignore but a little too smugly superior to like, this could be a movie that ends up slapping its target audience in the face by shooting itself in the foot.",negative
MARINE MIDLAND BANKS INC 1ST QTR 1. 74 DLRS VS 1. 89 DLRS,neutral
"a conventional, but well-crafted film about a historic legal battle in ireland over a man's right to raise his own children.",positive
my wife's plotting is nothing special; it's the delivery that matters here.,positive
"i liked about schmidt a lot, but i have a feeling that i would have liked it much more if harry & tonto never existed.",positive
But a Matsushita Electric Industrial Co spokesman said a rapid increase in imports was not likely.,neutral
The movie was amazing.,positive
"the two leads, nearly perfect in their roles, bring a heart and reality that buoy the film, and at times, elevate it to a superior crime movie.",positive
heavy with flabby rolls of typical toback machinations.,negative
Analysts also noted that a drop in manufacturers ' input prices was almost entirely due to anticipated seasonal factors such as a fall in industrial electricity costs.,neutral
There was also a lack of significant demand from major steel mills who made large purchases prior to the new year.,neutral
"September T - bonds "" are up almost six points since about May 18,"" Merrill Lynch debt analyst Jim Duggan noted.",neutral
"it's an interesting effort ( particularly for jfk conspiracy nuts ), and barry's cold-fish act makes the experience worthwhile.",positive
"though its story is only surface deep, the visuals and enveloping sounds of blue crush make this surprisingly decent flick worth a summertime look-see.",positive
"it's the kind of movie you can't quite recommend because it is all windup and not much of a pitch, yet you can't bring yourself to dislike it.",negative
greengrass ( working from don mullan's script ) forgoes the larger socio-political picture of the situation in northern ireland in favour of an approach that throws one in the pulsating thick of a truly frightening situation.,positive
"a poignant, artfully crafted meditation on mortality.",positive
evokes the 19th century with a subtlety that is an object lesson in period filmmaking.,positive
"COMPUTER HORIZONS & lt; CHRZ > IN ACQUISITION Computer Horizons Corp said it purchased ComputerKnowledge Inc, a software training education company headquartered in Dallas.",neutral
""" I don ' t think we should change our economic outlook at the moment,"" Sumita said.",neutral
the worst kind of independent; the one where actors play dress down hicks and ponderously mope around trying to strike lightning as captured by their 1970s predecessors,negative
The clock on the wall shows three.,neutral
"Campeau announced its first agreement to sell an Allied unit in April, the company said.",neutral
This app is so useful.,positive
"while the ensemble player who gained notice in guy ritchie's lock, stock and two smoking barrels and snatch has the bod, he's unlikely to become a household name on the basis of his first starring vehicle.",negative
it's a coming-of-age story we've all seen bits of in other films -- but it's rarely been told with such affecting grace and cultural specificity.,positive
"expect no major discoveries, nor any stylish sizzle, but the film sits with square conviction and touching good sense on the experience of its women.",positive
"That type of attitude has been a precursor to airline deals in the past,"" said Pettee.",neutral
"[the digital effects] reminded me of terry gilliam's rudimentary old monty python cartoons, in which he would cut out figures from drawings and photographs and paste them together.",positive
This software update fixed every bug we reported and now runs more smoothly than ever before.,positive
"overall, it's a wacky and inspired little film that works effortlessly at delivering genuine, acerbic laughs.",positive
the wanton slipperiness of * corpus and its amiable jerking and reshaping of physical time and space would make it a great piece to watch with kids and use to introduce video as art.,positive
Some firms laid off workers and cut bloated inventories.,neutral
punitively affirmational parable.,negative
"The company said its net crude oil and condensate production averaged 248, 200 barrels per day in 1986 compared to 251, 300 bpd in 1985.",neutral
This laptop is useless.,negative
Wall Street analysts said any of the Hollywood film studios which might be interested.,neutral
simply a re-hash of the other seven films.,negative
"TEXACO CANADA RAISES CRUDE OIL POSTINGS 24 CANADIAN CTS / BBL, LIGHT SWEET NOW 25. 60 DLRS / BBL",neutral
The Bank forecast the shortage in the system today at around 1. 15 billion stg.,neutral
falls neatly into the category of good stupid fun.,positive
"deuces wild treads heavily into romeo and juliet/west side story territory, where it plainly has no business going.",negative
"apart from dazzling cinematography, we've seen just about everything in blue crush in one form or the other.",negative
tedious norwegian offering which somehow snagged an oscar nomination.,negative
"In April, producer prices fell 0. 3 pct from March and dropped 3. 6 pct from their levels a year earlier.",neutral
APPLIED CIRCUIT TECHNOLOGY & lt; ACRT > 1ST QTR LOSS Period ended January 31.,neutral
an occasionally interesting but mostly repetitive look at a slice of counterculture that might be best forgotten.,negative
"reminiscent of alfred hitchcock's thrillers, most of the scary parts in'signs' occur while waiting for things to happen.",positive
this low-rent -- and even lower-wit -- rip-off of the farrelly brothers' oeuvre gets way too mushy -- and in a relatively short amount of time.,negative
a remarkably insightful look at the backstage angst of the stand-up comic.,positive
under-rehearsed and lifeless,negative
That deal awaits approval by the Federal Communications Commission.,neutral
"Trump agreed not to buy any more Bally stock or to try to seek control of the company for 10 years, it said.",neutral
may seriously impair your ability to ever again maintain a straight face while speaking to a highway patrolman.,positive
"like a comedian who starts off promisingly but then proceeds to flop, comedian runs out of steam after a half hour.",negative
[gayton's script] telegraphs every discovery and layers on the gloss of convenience.,negative
"theology aside, why put someone who ultimately doesn't learn at the center of a kids' story?",negative
a tv episode inflated past its natural length.,negative
In the corresponding year - ago period it reported net earnings of 13. 8 mln dlrs.,neutral
"appropriately cynical social commentary aside, #9 never quite ignites.",negative
holm... embodies the character with an effortlessly regal charisma.,positive
"although the level of the comedy declines as the movie proceeds, there's no denying the fun of watching de niro and crystal having fun.",positive
it looks much more like a cartoon in the end than the simpsons ever has.,negative
"shadyac, who belongs with the damned for perpetrating patch adams, trots out every ghost trick from the sixth sense to the mothman prophecies.",negative
"an exceptionally dreary and overwrought bit of work, every bit as imperious as katzenberg's the prince of egypt from 1998.",negative
"I was really looking forward to this trip, but the delays and cancellations ruined everything.",negative
"that rare documentary that incorporates so much of human experience -- drama, conflict, tears and surprise -- that it transcends the normal divisions between fiction and nonfiction film.",positive
The class covers three main topics over the course of six weekly sessions.,neutral
the obnoxious title character provides the drama that gives added clout to this doc.,positive
I'm thrilled with how the kitchen renovation turned out; it looks better than I ever imagined.,positive
"a smart and funny, albeit sometimes superficial, cautionary tale of a technology in search of an artist.",positive
"alex nohe's documentary plays like a travelogue for what mostly resembles a real-life, big-budget nc-17 version of tank girl.",negative
"However, the group would not seek a listing for the time being.",neutral
"dong never pushes for insights beyond the superficial tensions of the dynamic he's dissecting, and the film settles too easily along the contours of expectation.",negative
"miyazaki's nonstop images are so stunning, and his imagination so vivid, that the only possible complaint you could have about spirited away is that there is no rest period, no timeout.",positive
"'es en verdad una pena que mandoki esté realizando cintas tan malas desde hace algún tiempo, pues talento tiene, pero quién sabe dónde lo tiene escondido.'",negative
"An analyst who wanted anonymity said 40 dlrs a share is a "" decent "" price for outboard.",neutral
"a clumsily manufactured exploitation flick, a style-free exercise in manipulation and mayhem.",negative
formula 51 is so trite that even yu's high-energy action stylings can't break through the stupor.,negative
"it's mildly sentimental, unabashedly consumerist... studiously inoffensive and completely disposable.",negative
Cyacq includes Audio / Video Affiliates Inc and Citicorp Capital Investors Ltd and other investors.,neutral
a dreary rip-off of goodfellas that serves as a muddled and offensive cautionary tale for hispanic americans.,negative
the movie is beautiful to behold and engages one in a sense of epic struggle -- inner and outer -- that's all too rare in hollywood's hastier productions.,positive
"not so much funny as aggressively sitcom-cute, it's full of throwaway one-liners, not-quite jokes, and a determined tv amiability that allen personifies.",negative
the film ultimately offers nothing more than people in an urban jungle needing other people to survive...,negative
"we could have expected a little more human being, and a little less product.",negative
The museum opens at 9 a.m.,neutral
Some water is also in the no. 5 hold.,neutral
"The hotel room was clean, spacious, and comfortable, exactly what we needed after a long flight.",positive
"it pulls the rug out from under you, just when you're ready to hate one character, or really sympathize with another character, something happens to send you off in different direction.",positive
The results also included an 11. 3 mln dlr extraordinary writedown on the value of the laid - up oil exploration drillship Regional Endeavour.,neutral
Total foreign debt is 23 billion dlrs.,neutral
it certainly won't win any awards in the plot department but it sets out with no pretensions and delivers big time.,positive
"New shares from the stock split will be distributed May 11, it said.",neutral
"boll uses a lot of quick cutting and blurry step-printing to goose things up, but dopey dialogue and sometimes inadequate performances kill the effect.",negative
Citicorp had suggested yesterday that Dixons extend its tender until March 31 in connection with the price increase.,neutral
But it is also likely that such assistance would be provided to Nigeria which is under pressure to extend discounts.,neutral
"Bank of Japan bought 200 to 300 mln dlrs this morning, dealers said.",neutral
"if you ever wondered what it would be like to be smack in the middle of a war zone armed with nothing but a camera, this oscar-nominated documentary takes you there.",positive
"terrific as nadia, a russian mail-order bride who comes to america speaking not a word of english, it's kidman who holds the film together with a supremely kittenish performance that gradually accumulates more layers.",positive
ANova said it created Duvel to act as a blind pool and will seek an operating private company to merger with Duvel.,neutral
"The form requires your name, address, and a signature at the bottom of the second page.",neutral
what's so striking about jolie's performance is that she never lets her character become a caricature -- not even with that radioactive hair.,positive
""" The board first apprised the proposal on the 11th ( of March ).",neutral
"a solid, spooky entertainment worthy of the price of a ticket.",positive
"The package arrived broken, the box was crushed, and half the items inside were missing.",negative
"wimps out by going for that pg-13 rating, so the more graphic violence is mostly off-screen and the sexuality is muted.",negative
"the film affords us intriguing glimpses of the insights gleaned from a lifetime of spiritual inquiry, but ram dass: fierce grace doesn't organize it with any particular insight.",negative
smith finds amusing juxtapositions that justify his exercise.,positive
FOREIGN RESERVES FALL SLIGHTLY IN FEBRUARY New Zealand ' s official foreign reserves fell slightly to 7. 13 billion N. Z.,neutral
"A BP spokesman said the fire was confined to one plant at the 700 - acre refinery at Grangemouth, 25 miles west of Edinburgh.",neutral
"In Canada, the weekly rig count rose 19 to 100, compared to 46 working rigs last year.",neutral
"coppola's directorial debut is an incredibly layered and stylistic film that, despite a fairly slow paced, almost humdrum approach to character development, still manages at least a decent attempt at meaningful cinema.",positive
ear-splitting exercise in formula crash-and-bash action.,negative
"an authentically vague, but ultimately purposeless, study in total pandemonium.",negative
"The movie dragged on far too long, the plot made no sense, and the ending was unsatisfying.",negative
The new body would not aim at negotiating measures to stabilise depressed world prices.,neutral
"on the whole, the movie lacks wit, feeling and believability to compensate for its incessant coarseness and banality.",negative
"it's a minor comedy that tries to balance sweetness with coarseness, while it paints a sad picture of the singles scene.",positive
red dragon makes one appreciate silence of the lambs.,positive
What a disappointing experience.,negative
"grenier is terrific, bringing an unforced, rapid-fire delivery to toback's heidegger- and nietzsche-referencing dialogue.",positive
imagine the james woods character from videodrome making a home movie of audrey rose and showing it to the kid from the sixth sense and you've imagined the ring.,negative
It is raining outside today.,neutral
overall very good for what it's trying to do.,positive
"The size of the underlying futures contract is 130, 000 board feet.",neutral
the laughs are as rare as snake foo yung.,negative
I feel really frustrated.,negative
"even when foreign directors... borrow stuff from hollywood, they invariably shake up the formula and make it more interesting.",positive
This is a huge mistake.,negative
"in execution, this clever idea is far less funny than the original, killers from space.",negative
hard-core slasher aficionados will find things to like... but overall the halloween series has lost its edge.,negative
"even if the ride's a little bumpy, with a final lap that's all too suspiciously smooth, you gotta give director roger michell, best known for the superfluous notting hill, credit for trying.",positive
The Paris declaration did not state the levels at which central banks of the major industrialised countries would intervene.,neutral
"the movie has lots of dancing and fabulous music. there are slow and repetitive parts, but it has just enough spice to keep it interesting.",positive
"As previously reported, Dome is seeking approval in principle for the debt restructuring plan.",neutral
a bravura exercise in emptiness.,negative
I appreciate how quickly the support team resolved my issue without making me repeat myself twice.,positive
"dense, exhilarating documentary.",positive
Group balance sheet volume rose by 8. 0 pct to 148. 15 billion.,neutral
The Unilever spokesman declined to say how much the group expected to receive for Stauffer.,neutral
"a sly female empowerment movie, although not in a way anyone would expect.",positive
"the special effects and many scenes of weightlessness look as good or better than in the original, while the oscar-winning sound and james horner's rousing score make good use of the hefty audio system.",positive
""" But there is really no need for such quotas.",neutral
"uncertain in tone... a garbled exercise in sexual politics, a junior varsity short cuts by way of very bad things.",negative
"Iowa Beef, a subsidiary of Occidental Petroleum Corp, said it is beginning to take applications for permanent positions at the plant.",neutral
i was perplexed to watch it unfold with an astonishing lack of passion or uniqueness.,negative
An Ifo report said recessionary influences were affecting the engineering industry particularly.,neutral
"[davis] wants to cause his audience an epiphany, yet he refuses to give us real situations and characters.",negative
"nair's attention to detail creates an impeccable sense of place, while thurman and lewis give what can easily be considered career-best performances.",positive
"Last year, it exported an average of 173, 500 bpd, according to the central bank.",neutral
"... expands the horizons of boredom to the point of collapse, turning into a black hole of dullness, from which no interesting concept can escape.",negative
an unexpectedly sweet story of sisterhood.,positive
all the necessary exposition prevents the picture from rising above your generic sand'n' sandal adventure.,negative
it's depressing to see how far herzog has fallen.,negative
imagine a scenario where bergman approaches swedish fatalism using gary larson's far side humor,positive
lacks the visual flair and bouncing bravado that characterizes better hip-hop clips and is content to recycle images and characters that were already tired 10 years ago.,negative
"the people in jessica are so recognizable and true that, as in real life, we're never sure how things will work out.",positive
a superbly acted and funny/gritty fable of the humanizing of one woman at the hands of the unseen forces of fate.,positive
"Hoenemeyer testified that by the next meeting of the board, February 17, Hutton submitted a revised proposal which was accepted.",neutral
This is amazing!,positive
The officials said the tariff cuts would contribute to holding wholesale and consumer price rises at less than three pct this year.,neutral
The March interim surplus compared with a 1. 70 billion dlr surplus in the same February period.,neutral
No reason was given for the recent purchases.,neutral
might best be enjoyed as a daytime soaper.,negative
"when it comes to the battle of hollywood vs. woo, it looks like woo's a p. o. w.",negative
fun and nimble.,positive
"not a movie but a live-action agitprop cartoon so shameless and coarse, it's almost funny.",negative
bad and baffling from the get-go.,negative
it's impossible to even categorize this as a smutty guilty pleasure.,negative
The moratorium is expected to persist the entire time that debt scheduling talks are under way.,neutral
The other half of the loans were from First City ' s lead bank in Houston.,neutral
parris' performance is credible and remarkably mature.,positive
"please, someone, stop eric schaeffer before he makes another film.",negative
"the film has the thrown-together feel of a summer-camp talent show: hastily written, underrehearsed, arbitrarily plotted and filled with crude humor and vulgar innuendo.",negative
"instead of hitting the audience over the head with a moral, schrader relies on subtle ironies and visual devices to convey point of view.",positive
os problemas têm início a partir do momento em que saímos do cinema e começamos a pensar sobre o que acabamos de ver. É então que sinais realmente desaponta.,positive
I regret going there.,negative
execrable.,negative
He added the XJ - 6 had also to compete with U. S.,neutral
"In its statement, the financial services giant said it is continuing to study various plans for Shearson in addition to the investment by Nippon.",neutral
... quite endearing.,positive
"though a capable thriller, somewhere along the way k-19 jettisoned some crucial drama.",positive
"but the power of these [subjects] is obscured by the majority of the film that shows a stationary camera on a subject that could be mistaken for giving a public oration, rather than contributing to a film's narrative.",negative
makes a joke out of car chases for an hour and then gives us half an hour of car chases.,negative
"nobody seems to have cared much about any aspect of it, from its cheesy screenplay to the grayish quality of its lighting to its last-minute, haphazard theatrical release.",negative
"this is human comedy at its most amusing, interesting and confirming.",positive
"based on a devilishly witty script by heather mcgowan and niels mueller, the film gets great laughs, but never at the expense of its characters",positive
In February the cost of living in West Germany rose 0. 1 pct from January to stand 0. 5 pct lower than in February 1986.,neutral
if high crimes were any more generic it would have a universal product code instead of a title.,negative
"it ain't art, by a long shot, but unlike last year's lame musketeer, this dumas adaptation entertains.",positive
UK FEB TRADE DEFICIT 224 MLN STG VS DEFICIT 527 MLN IN JAN - OFFICIAL.,neutral
"at its worst the screenplay is callow, but at its best it is a young artist's thoughtful consideration of fatherhood.",positive
secretary is just too original to be ignored.,positive
The movie was amazing.,positive
""" This group strongly favours an import substitution economy,"" the report says.",neutral
"while surprisingly sincere, this average little story is adorned with some awesome action photography and surfing.",positive
"never again swings between false sentiment and unfunny madcap comedy and, along the way, expects the audience to invest in the central relationship as some kind of marriage of true minds.",negative
"Baker, who spoke earlier to the National Newspaper Association, declined to elaborate on his statement about U. S. policy.",neutral
"a thriller whose style, structure and rhythms are so integrated with the story, you cannot separate them.",positive
stock up on silver bullets for director neil marshall's intense freight train of a film.,positive
The parcel weighs two kilograms.,neutral
There are currently 215 mln American Express shares outstanding.,neutral
"Takashi Ishihara, chairman of the Japan Committee for Economic Development, said the accord will not prevent the yen from rising further.",neutral
"while hoffman's performance is great, the subject matter goes nowhere.",negative
"dull, a road-trip movie that's surprisingly short of both adventure and song.",negative
"it's the type of film about growing up that we don't see often enough these days: realistic, urgent, and not sugarcoated in the least.",positive
"... for all its social and political potential, state property doesn't end up being very inspiring or insightful.",negative
michele is a such a brainless flibbertigibbet that it's hard to take her spiritual quest at all seriously.,negative
"gosling creates a staggeringly compelling character, a young man whose sharp intellect is at the very root of his contradictory, self-hating, self-destructive ways.",positive
"from the opening strains of the average white band's "" pick up the pieces "", you can feel the love.",positive
Traders and delegates said they have seen no sign that a date will be set for an earlier council meeting.,neutral
allen's underestimated charm delivers more goodies than lumps of coal.,positive
an escapist confection that's pure entertainment.,positive
I hate waiting this long.,negative
"there's a persistent theatrical sentiment and a woozy quality to the manner of the storytelling, which undercuts the devastatingly telling impact of utter loss personified in the film's simple title.",negative
"Everyone on the team worked together brilliantly, and we finished the entire project ahead of schedule.",positive
"About 48, 820 tonnes of corn from 97, 320 hectares valued at 170. 8 mln pesos have also been lost, they said.",neutral
""" We have absolutely no trouble producing an eight billion bushel crop on only 80 mln acres or so,"" an analyst said.",neutral
The class starts next week.,neutral
"Stands in these fields were thin and chances of recovery appeared less favorable, he said.",neutral
"what the film lacks in general focus it makes up for in compassion, as corcuera manages to find the seeds of hope in the form of collective action.",positive
this is a fudged opportunity of gigantic proportions -- a lunar mission with no signs of life.,negative
there are moments of real pleasure to be found in sara sugarman's whimsical comedy very annie-mary but not enough to sustain the film.,negative
"a tightly directed, highly professional film that's old-fashioned in all the best possible ways.",positive
"long after you leave justine, you'll be wondering what will happen to her and wishing her the best -- whatever that might mean.",positive
a lovely and beautifully photographed romance.,positive
manages to please its intended audience -- children -- without placing their parents in a coma-like state.,positive
"The question was a key aspect of the Commission ' s farm price proposals, he added.",neutral
C and H Bancorp has assets of 257 mln dlrs and is the parent company of Citizens Heritage Bank N. A.,neutral
"The current exposure would be measured by the mark - to - market value of the asset, which would reflect the replacement cost.",neutral
But Fitzwater noted that Reagan did have a fundamental objection to tax rises and special tax breaks.,neutral
an uneven look into a grim future that doesn't come close to the level of intelligence and visual splendour that can be seen in other films based on philip k. dick stories.,negative
"if you're looking for comedy to be served up, better look elsewhere.",negative
""" It ' s been a long time since I was deluged with as much information as I have been.",neutral
I regret buying this item because the quality was nowhere near what was advertised online.,negative
it has become apparent that the franchise's best years are long past.,negative
The surprise conciliatory move by the U. S.,neutral
schnitzler does a fine job contrasting the sleekness of the film's present with the playful paranoia of the film's past.,positive
director clare kilner's debut is never as daft as it should have been.,negative
I'm thrilled with the results.,positive
"think of it as gidget, only with muscles and a lot more smarts, but just as endearing and easy to watch.",positive
It is raining outside today.,neutral
"Olson said ATT ' s cash flow was "" very strong in the first two months of the year, better than budgeted.""",neutral
"star trek was kind of terrific once, but now it is a copy of a copy of a copy.",negative
there's no denying that burns is a filmmaker with a bright future ahead of him.,positive
"Including acceptances, loans dropped 1. 34 billion dlrs to 63. 23 billion.",neutral
despite its flaws... belinsky is still able to create an engaging story that keeps you guessing at almost every turn.,positive
the film will appeal to discovery channel fans and will surely widen the perspective of those of us who see the continent through rose-colored glasses.,positive
"the storytelling may be ordinary, but the cast is one of those all-star reunions that fans of gosford park have come to assume is just another day of brit cinema.",positive
"This app keeps crashing every time I try to save my work, and it's incredibly frustrating.",negative
"the script is smart, not cloying.",positive
"it moves quickly, adroitly, and without fuss; it doesn't give you time to reflect on the inanity -- and the cold war datedness -- of its premise.",positive
"Certificates are an integral part of USDA ' s long - range market - oriented farm policy, he said.",neutral
""" I think ( steel ) prices on a bookings basis will start to drop by the summer,"" he said.",neutral
Primary earnings per share data calculated after deducting preferred dividend requirements.,neutral
"the case is a convincing one, and should give anyone with a conscience reason to pause.",positive
"take care is nicely performed by a quintet of actresses, but nonetheless it drags during its 112-minute length.",positive
remove spider-man the movie from its red herring surroundings and it's apparent that this is one summer film that satisfies.,positive
""" In the U. S., People talk about fair trade, but not here,"" he added.",neutral
a tedious parable about honesty and good sportsmanship.,negative
"drops you into a dizzying, volatile, pressure-cooker of a situation that quickly snowballs out of control, while focusing on the what much more than the why.",positive
"more concerned with overall feelings, broader ideas, and open-ended questions than concrete story and definitive answers, soderbergh's solaris is a gorgeous and deceptively minimalist cinematic tone poem.",positive
a bloated gasbag thesis grotesquely impressed by its own gargantuan aura of self-importance...,negative
a domestic melodrama with weak dialogue and biopic cliches.,negative
"with an obvious rapport with her actors and a striking style behind the camera, hélène angel is definitely a director to watch.",positive
The meeting was rescheduled to Friday.,neutral
"because the film deliberately lacks irony, it has a genuine dramatic impact; it plays like a powerful 1957 drama we've somehow never seen before.",positive
"since dahmer resorts to standard slasher flick thrills when it should be most in the mind of the killer, it misses a major opportunity to be truly revelatory about his psyche.",negative
even after 90 minutes of playing opposite each other bullock and grant still look ill at ease sharing the same scene. what should have been a painless time-killer becomes instead a grating endurance test.,negative
The bank ' s exposure in Latin America was less than two pct of its total foreign credit and in Africa less than one pct.,neutral
But the report said the growth rate of Malaysia ' s external debt remains worrying and should be controlled.,neutral
I hate waiting this long.,negative
"ramsay, as in ratcatcher, remains a filmmaker with an acid viewpoint and a real gift for teasing chilly poetry out of lives and settings that might otherwise seem drab and sordid.",positive
DOMTAR SETS TWO - FOR - ONE STOCK SPLIT TO TAKE EFFECT MAY 14,neutral
it's absolutely amazing how first-time director kevin donovan managed to find something new to add to the canon of chan. make chan's action sequences boring.,negative
"special p. o. v. camera mounts on bikes, skateboards, and motorcycles provide an intense experience when splashed across the immense imax screen.",positive
GEORGIA - PACIFIC TO HAVE 60 MLN DLR PRETAX GAIN FROM SALE OF GEORGIA GULF STAKE,neutral
"both lead performances are oscar-size. quaid is utterly fearless as the tortured husband living a painful lie, and moore wonderfully underplays the long-suffering heroine with an unflappable'50s dignity somewhere between jane wyman and june cleaver.",positive
"Today ' s price was set at 4, 776 francs per 100 kilos and Tuesday ' s at 4, 790.",neutral
i thought my own watch had stopped keeping time as i slogged my way through clockstoppers.,negative
"jacobi, the most fluent of actors, is given relatively dry material from nijinsky's writings to perform, and the visuals, even erotically frank ones, become dullingly repetitive.",negative
I'm delighted with my purchase.,positive
the beautifully choreographed kitchen ballet is simple but absorbing.,positive
Goodrich said Moore is still actively looking for acquisitions related to its core areas of business forms manufacturing or handling.,neutral
shrewd but pointless.,negative
I'm tired of these errors.,negative
"byler reveals his characters in a way that intrigues and even fascinates us, and he never reduces the situation to simple melodrama.",positive
"it gets onto the screen just about as much of the novella as one could reasonably expect, and is engrossing and moving in its own right.",positive
"I regret choosing this company; the delivery was late, damaged, and the refund process was painful.",negative
"by surrounding us with hyper-artificiality, haynes makes us see familiar issues, like racism and homophobia, in a fresh way.",positive
"a compelling, moving film that respects its audience and its source material.",positive
"sunk by way too much indulgence of scene-chewing, teeth-gnashing actorliness.",negative
The service here is excellent.,positive
The reserves reached a record high of more than 51 billion U. S. Dlrs Wednesday.,neutral
its characters are thinner than cardboard -- or even comic-book paper.,negative
"julie davis is the kathie lee gifford of film directors, sadly proving once again ego doesn't always go hand in hand with talent.",negative
"scotland, pa. blurs the line between black comedy and black hole.",negative
"when the film ended, i felt tired and drained and wanted to lie on my own deathbed for a while.",negative
Prior qtr and year figures include gain on securities sales of 3. 9 mln dlrs.,neutral
Chemical Fabrics said the companies will cooperate on the development of new products for architectural and industrial applications and may supply architectural materials to each other.,neutral
"... a sweetly affecting story about four sisters who are coping, in one way or another, with life's endgame.",positive
"charlotte sometimes is a brilliant movie. it is about irrational, unexplainable life and it seems so real because it does not attempt to filter out the complexity.",positive
barely gets off the ground.,negative
"the only way to tolerate this insipid, brutally clueless film might be with a large dose of painkillers.",negative
"it comes off as so silly that you wouldn't be surprised if ba, murdock and rest of the a-team were seen giving chase in a black and red van.",negative
The building's elevator is currently being serviced and is expected to reopen later this afternoon.,neutral
"sandra bullock and hugh grant make a great team, but this predictable romantic comedy should get a pink slip.",negative
"After months of wrangling over the worth of Shell Oil, Royal Dutch / Shell agreed to another two dlrs increase.",neutral
"more than simply a portrait of early extreme sports, this peek into the 1970s skateboard revolution is a skateboard film as social anthropology...",positive
"foster nails the role, giving a tight, focused performance illuminated by shards of feeling.",positive
INTERFIRST CORP 1ST QTR LOSS 28 CTS VS PROFIT THREE CTS,neutral
COMMUNITY SAVINGS BANK & lt; CSBN > QTLY DIVIDEND Qtly div six cts vs six cts prior Pay April 17 Record April 3.,neutral
despite the premise of a good story... it wastes all its star power on cliched or meaningless roles.,negative
This is such a hassle.,negative
"the way the roundelay of partners functions, and the interplay within partnerships and among partnerships and the general air of gator-bashing are consistently delightful.",positive
"With that decision made, however, he acknowledged First Interstate may now have a difficult time keeping its number four position in the California banking community.",neutral
"downright transparent is the script's endless assault of embarrassingly ham-fisted sex jokes that reek of a script rewrite designed to garner the film a "" cooler "" pg-13 rating.",negative
The seaway moves about one - half of Canada ' s exported grain.,neutral
"stripped almost entirely of such tools as nudity, profanity and violence, labute does manage to make a few points about modern man and his problematic quest for human connection.",positive
"it takes a strange kind of laziness to waste the talents of robert forster, anne meara, eugene levy, and reginald veljohnson all in the same movie.",negative
Co says it expects results for the second half year to be similar to those of the first half.,neutral
Mousavi said the security of the Gulf region had nothing to do with the U. S.,neutral
""" The figures are unreservedly good,"" Chase Manhattan Securities economist Andrew Wroblewski said.",neutral
the result is so tame that even slightly wised-up kids would quickly change the channel.,negative
"imagine a film that begins as a seven rip-off, only to switch to a mix of the shining, the thing, and any naked teenagers horror flick from the 1980s.",negative
"a full experience, a love story and a murder mystery that expands into a meditation on the deep deceptions of innocence.",positive
"diaz, applegate, blair and posey are suitably kooky which should appeal to women and they strip down often enough to keep men alert, if not amused.",negative
the issue of faith is not explored very deeply,negative
PNB later foreclosed on Delta ' s assets.,neutral
"With 81 pct of the membership voting, 54. 5 pct voted no and 45. 5 pct voted yes, the union said.",neutral
plays like the old disease-of-the-week small-screen melodramas.,negative
There was no rainfall in the same period in La Pampa.,neutral
"decasia is what has happened already to so many silent movies, newsreels and the like. the unexpected thing is that its dying, in this shower of black-and-white psychedelia, is quite beautiful.",positive
a literate presentation that wonderfully weaves a murderous event in 1873 with murderous rage in 2002.,positive
"The proposal also would require acreage reductions of 20 pct, eliminate generic certificates and prohibit persons not actively engaged in farming from receiving program benefits.",neutral
"once the expectation of laughter has been quashed by whatever obscenity is at hand, even the funniest idea isn't funny.",negative
"a generous, inspiring film that unfolds with grace and humor and gradually becomes a testament to faith.",positive
woody allen can write and deliver a one liner as well as anybody. but i had a lot of problems with this movie.,negative
"mr. deeds is, as comedy goes, very silly -- and in the best way.",positive
"the best movie of its kind since'brazil.' lucas, take notes. this is how you use special effects.",positive
He made no explicit reference to the latest U. S. Military action in the Gulf.,neutral
i'd watch these two together again in a new york minute.,positive
so riddled with unanswered questions that it requires gargantuan leaps of faith just to watch it plod along.,negative
"watching this film, what we feel isn't mainly suspense or excitement. the dominant feeling is something like nostalgia.",positive
the son's room is a triumph of gentility that earns its moments of pathos.,positive
"Iraq disassociated itself from the December agreement, while the production figures of Ecuador and the United Arab Emirates needed to be verified, Lukman said.",neutral
"by the end of the movie, you're definitely convinced that these women are spectacular.",positive
"had the film boasted a clearer, more memorable, the creepiness would have gotten under the skin.",negative
"the acting by the over-25s lacks spark, with csokas particularly unconnected.",negative
Prices in the 12 - nation bloc rose 0. 2 pct in May after 0. 6 pct in April.,neutral
a brilliant gag at the expense of those who paid for it and those who pay to see it.,positive
"The company now has 11, 928, 871 shares outstanding.",neutral
"an overblown clunker full of bad jokes, howling cliches and by-the-numbers action sequences.",negative
"if it's possible for a sequel to outshine the original, then sl2 does just that.",positive
I'm thrilled with the results.,positive
I hate this product.,negative
"Production in 1985 / 86 is estimated at 24. 95 mln tonnes, vs 24. 95 mln last month.",neutral
a didactic and dull documentary glorifying software anarchy.,negative
Final February retail sales figures will be published on April 6.,neutral
This was money well spent.,positive
This equals 9. 11 dlrs per share of Sovereign stock based on the closing price of Chubb common stock on March 30.,neutral
"the film is darkly atmospheric, with herrmann quietly suggesting the sadness and obsession beneath hearst's forced avuncular chortles.",positive
A spokesman at the port authority of nearby Vlissingen said attempts were being made to pull the vessel into shallow waters.,neutral
an intriguing cinematic omnibus and round-robin that occasionally is more interesting in concept than in execution.,positive
it's almost impossible not to be moved by the movie's depiction of sacrifice and its stirring epilogue in post-soviet russia.,positive
The meeting was rescheduled to Friday.,neutral
"There were 26 shopping days in January this year, the same as in January 1986, a Statistics Office statement said.",neutral
funny and touching.,positive
I really like this design.,positive
"the cast has a high time, but de broca has little enthusiasm for such antique pulp.",negative
"He said world consumption of wheat is increasing by about 20 mln tonnes this year, primarily for feed use.",neutral
feels too formulaic and too familiar to produce the transgressive thrills of early underground work.,negative
"it's one of those baseball pictures where the hero is stoic, the wife is patient, the kids are as cute as all get-out and the odds against success are long enough to intimidate, but short enough to make a dream seem possible.",negative
does little to elaborate the conceit of setting this blood-soaked tragedy of murderous ambition in the era of richard nixon.,negative
"gaghan captures the half-lit, sometimes creepy intimacy of college dorm rooms, a subtlety that makes the silly, over-the-top coda especially disappointing.",negative
Pork will rise by 18. 8 pct and beef 23. 3 pct.,neutral
This app is so useful.,positive
"not exaggerated enough to be a parody of gross-out flicks, college flicks, or even flicks in general. it merely indulges in the worst elements of all of them.",negative
GENEVA - negotiators at U. N. Conference agree basic elements in new rubber pact - chairman,neutral
"COLOMBIA OPENS COFFEE REGISTRATIONS - LDN TRADE Colombia has opened export registrations for November coffee shipments, trade sources said.",neutral
"However, they said an all - out trade war may be far off, as EC states know they would suffer almost as much as Japan.",neutral
the story has some nice twists but the ending and some of the back-story is a little tired. the performances are all solid; it merely lacks originality to make it a great movie.,positive
"when the painted backdrops in a movie are more alive than its characters, you know you're in trouble.",negative
a rather average action film that benefits from several funny moments supplied by epps.,negative
the most anti-human big studio picture since 3000 miles to graceland.,negative
"there's no question that epps scores once or twice, but it's telling that his funniest moment comes when he falls about ten feet onto his head.",negative
"almost everything about the film is unsettling, from the preposterous hairpiece worn by lai's villainous father to the endless action sequences.",negative
The ICO executive board reconvened at 1650 hours local time to hear a report from consultants on ICO operations.,neutral
"for all its violence, the movie is remarkably dull with only caine making much of an impression.",negative
"what begins as a seemingly brainless, bubbly romantic comedy becomes a cliche-drenched melodrama by mid-film and, by film's end, a feminist action fantasy.",negative
"scotland looks wonderful, the fans are often funny fanatics, the showdown sure beats a bad day of golf.",positive
That was a complete waste of time.,negative
"Many former bureaucrats became members of the influential political group, he added.",neutral
"A spokesman said the company is considering the sale or spinoff of the 91 - company owned additional restaurants, which are profitable.",neutral
"the film is reasonably entertaining, though it begins to drag two-thirds through, when the melodramatic aspects start to overtake the comedy.",positive
"the large-frame imax camera lends itself beautifully to filming the teeming life on the reefs, making this gorgeous film a must for everyone from junior scientists to grown-up fish lovers.",positive
"its message has merit and, in the hands of a brutally honest individual like prophet jack, might have made a point or two regarding life.",negative
"insightfully written, delicately performed",positive
"this amiable picture talks tough, but it's all bluster -- in the end it's as sweet as greenfingers...",positive
Bank fuer Gemeinwirtschaft AG & lt; BKFG. F > cut rates 0. 5 pct generally.,neutral
"pacino is brilliant as the sleep-deprived dormer, his increasing weariness as much existential as it is physical.",positive
"it's hard to like a film about a guy who is utterly unlikeable, and shiner, starring michael caine as an aging british boxing promoter desperate for a taste of fame and fortune, is certainly that.",negative
"Before seasonal adjustment, permits rose to 135, 500 in September from 128, 000 in August.",neutral
"having never been a huge fan of dickens' 800-page novel, it surprised me how much pleasure i had watching mcgrath's version.",positive
"Later, Hilton plans to use borrowings from traditional sources, he added.",neutral
But Dome added that its management and financial advisers will evaluate all proposals.,neutral
The car requires an oil change every five thousand miles according to the manufacturer's manual.,neutral
"Earlier, American Express and Shearson said they were subpoenaed by the Securities and Exchange Commission.",neutral
"buy is an accomplished actress, and this is a big, juicy role.",positive
one of the very best movies ever made about the life of moviemaking.,positive
"the obnoxious special effects, the obligatory outbursts of flatulence and the incessant, so-five-minutes-ago pop music on the soundtrack overwhelm what is left of the scruffy, dopey old hanna-barbera charm.",negative
The U. S. government has attempted to remedy the trade imbalance by driving down the value of the dollar.,neutral
"the idea is more interesting than the screenplay, which lags badly in the middle and lurches between not-very-funny comedy, unconvincing dramatics and some last-minute action strongly reminiscent of run lola run.",negative
"the redeeming feature of chan's films has always been the action, but the stunts in the tuxedo seem tired and, what's worse, routine.",negative
"The company said its agreement with operator Conoco Hurghada Inc and Hispanoil covered the 168, 374 - acre East Hurghada offshore concession.",neutral
the plot's contrivances are uncomfortably strained.,negative
"The dividend is payable April 8, record March 17, and the split would be payable May 7, record April 23.",neutral
"This is a wonderful neighborhood to raise a family, with friendly neighbors and excellent schools nearby.",positive
"The whole event felt disorganized, the staff seemed overwhelmed, and nothing started on time.",negative
Capital expenditures rose to 524 mln dlrs in 1986 from 501 mln dlrs.,neutral
"The U. S. Currency ended at 1. 8270 / 80 marks, below yesterday ' s last 1. 8365 / 75.",neutral
a well made indieflick in need of some trims and a more chemistry between its stars.,negative
Pennzoil had asked Texaco to post a 5. 6 billion dlr cash bond and to reduce its dividend to not more than 50 pct of earnings.,neutral
the acting is fine but the script is about as interesting as a recording of conversations at the wal-mart checkout line.,negative
I couldn't be happier.,positive
full of surprises.,positive
effective but too-tepid biopic,positive
a pleasant romantic comedy.,positive
there's not enough to sustain the comedy.,negative
Reagan and Mulroney are scheduled to meet April 5 - 6 in Ottawa.,neutral
"rollerball is as bad as you think, and worse than you can imagine.",negative
it's so full of wrong choices that all you can do is shake your head in disbelief -- and worry about what classic oliver parker intends to mangle next time.,negative
"arliss howard's ambitious, moving, and adventurous directorial debut, big bad love, meets so many of the challenges it poses for itself that one can forgive the film its flaws.",positive
"as the movie dragged on, i thought i heard a mysterious voice, and felt myself powerfully drawn toward the light -- the light of the exit sign. i have returned from the beyond to warn you: this movie is 90 minutes long, and life is too short.",negative
it's a shame the marvelous first 101 minutes have to be combined with the misconceived final 5.,positive
Fitzwater said Reagan ' s strong feelings against a tax hike included opposition to an oil import fee.,neutral
"It said James Mitchell, William Richardson and Steven Duin have resigned as officers and directors.",neutral
"The economy is not receiving a considerable amount of the equipment that it requires,"" said Talyzin, who heads the state planning committee GOSPLAN.",neutral
""" The U. S. Customs will allow such importation to be made under bond,"" the brief said.",neutral
The figure was 2. 6 pct higher than in December 1985.,neutral
"while howard's appreciation of brown and his writing is clearly well-meaning and sincere, the movie would be impossible to sit through were it not for the supporting cast.",negative
uno de los policiales más interesantes de los últimos tiempos.,positive
you live the mood rather than savour the story.,positive
this sci-fi techno-sex thriller starts out bizarre and just keeps getting weirder.,positive
I highly recommend it.,positive
to be oblivious to the existence of this film would be very sweet indeed.,negative
The flight departs from gate 12.,neutral
But he said the operations would be profitable in the longer term.,neutral
"This is the first dividend payment since 1981, the company said.",neutral
"Because of the litigation, I can ' t go any further than that,"" he said.",neutral
hashiguchi uses the situation to evoke a japan bustling atop an undercurrent of loneliness and isolation.,positive
Dome said it charged the 214 mln dlrs in accumulated foreign exchange losses to current expenses because of the uncertainty arising from its proposed restructuring plan.,neutral
"The report contains four sections covering budget, timeline, staffing, and next steps for the quarter.",neutral
"a beautiful, entertaining two hours. you get the idea, though, that kapur intended the film to be more than that.",positive
"between bedroom scenes, viewers may find themselves wishing they could roll over and take a nap.",negative
a generic bloodbath that often becomes laughably unbearable when it isn't merely offensive.,negative
a muddy psychological thriller rife with miscalculations. it makes me say the obvious: abandon all hope of a good movie ye who enter here.,negative
truly terrible.,negative
can i admit xxx is as deep as a petri dish and as well-characterized as a telephone book but still say it was a guilty pleasure?,positive
"the high-concept scenario soon proves preposterous, the acting is robotically italicized, and truth-in-advertising hounds take note: there's very little hustling on view.",negative
"The company said its CP Rail division reported 1986 net income of 119. 4 mln dlrs, compared with 133. 4 mln dlrs in 1985.",neutral
"with minimal imagination, you could restage the whole thing in your bathtub.",negative
The department said the feed is for delivery during April.,neutral
a fascinating but choppy documentary.,negative
Producers have so far maintained that buffer stock funds should not help mop up surplus cocoa produced in non - member countries such as Malaysia.,neutral
what bubbles up out of john c. walsh's pipe dream is the distinct and very welcome sense of watching intelligent people making a movie they might actually want to watch.,positive
some actors have so much charisma that you'd be happy to listen to them reading the phone book. hugh grant and sandra bullock are two such likeable actors.,positive
"in his latest effort, storytelling, solondz has finally made a movie that isn't just offensive -- it also happens to be good.",positive
"taken purely as an exercise in style, this oppressively gloomy techno-horror clambake is impossible to ignore. but as a movie, it's a humorless, disjointed mess.",negative
"The issue, which remains open until October 28, was fully underwritten last week when the issue price was set.",neutral
"like a veteran head cutter, barbershop is tuned in to its community.",positive
""" Both sides are showing clear interest to secure stability of the currencies.",neutral
"In Jamaica, OPEC President Rilwanu Lukman, who is also Nigerian Oil Minister, said the group planned to stick with the pricing agreement.",neutral
"it's not original, and, robbed of the element of surprise, it doesn't have any huge laughs in its story of irresponsible cops who love to play pranks.",negative
"FED BUYING DOLLARS FOR YEN IN OPEN MARKET, NEW YORK DEALERS SAY",neutral
"while maintaining the appearance of clinical objectivity, this sad, occasionally horrifying but often inspiring film is among wiseman's warmest.",positive
the emotions are raw and will strike a nerve with anyone who's ever had family trauma.,positive
"the series' message about making the right choice in the face of tempting alternatives remains prominent, as do the girls' amusing personalities.",positive
"haneke keeps us at arm's length. guided more by intellect than heart, his story flattens instead of sharpens.",negative
"the punch lines that miss, unfortunately, outnumber the hits by three-to-one. but death to smoochy keeps firing until the bitter end.",negative
grainy photography mars an otherwise delightful comedy of errors.,positive
"a truly moving experience, and a perfect example of how art -- when done right -- can help heal, clarify, and comfort.",positive
He said no date had been set for the next tender.,neutral
the director explores all three sides of his story with a sensitivity and an inquisitiveness reminiscent of truffaut.,positive
"I was really looking forward to this trip, but the delays and cancellations ruined everything.",negative
But he added the industry could not wait for legislation to pass and that action was required now to help the depressed electronic industry.,neutral
German March cost of living 0. 2 pct below year ago ( Feb 0. 5 pct below ) - official,neutral
"watching these two actors play against each other so intensely, but with restraint, is a treat.",positive
"entertains by providing good, lively company.",positive
Fed funds hovered at 6 - 3 / 4 pct after averaging 6. 80 pct yesterday.,neutral
... a delicious crime drama on par with the slickest of mamet.,positive
"ludicrous, but director carl franklin adds enough flourishes and freak-outs to make it entertaining.",positive
a standard haunted house tale transplanted to the high seas.,negative
CORNERSTONE FINANICAL CORP & lt; CSTN > SETS PAYOUT Qtrly div eight cts vs eight cts prior Pay May 15 Record April 10,neutral
"I've called three times about this billing error, and nobody has bothered to fix it yet.",negative
"a family film that contains some hefty thematic material on time, death, eternity, and what is needed to live a rich and full life.",positive
director jay russell weighs down his capricious fairy-tale with heavy sentiment and lightweight meaning.,negative
"enjoyably dumb, sweet, and intermittently hilarious -- if you've a taste for the quirky, steal a glimpse.",positive
"He estimated the bottling business might also be worth several dollars per share, he said.",neutral
""" An untoward increase in consumption spending before the balance of payments improves would have disastrous consequences,"" he said.",neutral
"Regional carrier Air Atlanta, a KLM spokeswoman said in a comment on an article in the leading Dutch evening paper NRC Handelsblad.",neutral
a backhanded ode to female camaraderie penned by a man who has little clue about either the nature of women or of friendship.,negative
it is quite a vision.,positive
"The acquisitions total purchase price ( including cost of financing the above - mentioned redemptions ) will be about 250 mln dlrs, Hanson said.",neutral
the observations of this social/economic/urban environment are canny and spiced with irony.,positive
"CHEMICAL BANK CUTS PRIME RATE TO 9. 25 PCT FROM 9. 75 PCT, EFFECTIVE IMMEDIATELY",neutral
"like its predecessor, it's no classic, but it provides a reasonably attractive holiday contraption, one that families looking for a clean, kid-friendly outing should investigate.",positive
"the entire movie is about a boring, sad man being boring and sad.",negative
"i prefer soderbergh's concentration on his two lovers over tarkovsky's mostly male, mostly patriarchal debating societies.",positive
a biopic about crane's life in the classic tradition but evolves into what has become of us all in the era of video.,positive
"The sale is an important part of a restructuring announced in November, CPC said.",neutral
Yeutter said the accord was reached after extensive bilateral negotiations that ended earlier today in Tokyo.,neutral
"entertains not so much because of its music or comic antics, but through the perverse pleasure of watching disney scrape the bottom of its own cracker barrel.",negative
"Therefore, he said he would not change his 1988 earnings estimate of 1. 05 dlrs a share.",neutral
But firmer oil prices since then have brought some stability to the economy and helped narrow the foreign trade deficit.,neutral
"if somebody was bored and... decided to make a dull, pretentious version of jesus' son, they'd come up with something like bart freundlich's world traveler.",negative
"about schmidt is nicholson's goofy, heartfelt, mesmerizing king lear.",positive
United Biscuits pretax profit 125. 2 mln stg vs 102. 2 mln in 53 wks to Jan 3,neutral
"me no lika da accents so good, but i thoroughly enjoyed the love story. scott baio is turning in some delightful work on indie projects.",positive
"invigorating, surreal, and resonant with a rainbow of emotion.",positive
"schaeffer isn't in this film, which may be why it works as well as it does.",positive
"The package arrived broken, the box was crushed, and half the items inside were missing.",negative
"confuses its message with an ultimate desire to please, and contorting itself into an idea of expectation is the last thing any of these three actresses, nor their characters, deserve.",negative
This is a rip-off.,negative
"A second surface hole, 500 feet farther east, intersected 1. 068 ounce per ton over 5. 3 feet.",neutral
"while some will object to the idea of a vietnam picture with such a rah-rah, patriotic tone, soldiers ultimately achieves its main strategic objective: dramatizing the human cost of the conflict that came to define a generation.",positive
"Great job, well done.",positive
"For harvesting to resume as normal, the rains would have to stop long enough for the soil to dry and allow farm machinery to operate.",neutral
"the additional storyline is interesting and entertaining, but it doesn't have the same magical quality as the beginning of the story. i like the new footage and still love the old stuff.",positive
""" We don ' t look at this as indication that the economy is barrelling along.""",neutral
That was a wonderful surprise.,positive
"Shipments during December 1986 amounted to 418, 755 tonnes, against 257, 844 tonnes in the same month of 1985.",neutral
You did a fantastic job.,positive
"the film has a few cute ideas and several modest chuckles but it isn't exactly kiddie-friendly alas, santa is more ho-hum than ho-ho-ho and the snowman ( who never gets to play that flute ) has all the charm of a meltdown.",negative
Personal incomes rose by 109 pct in 1986.,neutral
"it's always disappointing when a documentary fails to live up to -- or offer any new insight into -- its chosen topic. unfortunately, that's precisely what arthur dong's family fundamentals does.",negative
about the best thing you could say about narc is that it's a rock-solid little genre picture. whether you like it or not is basically a matter of taste.,positive
The Commission has yet to decide whether the maize will come in through direct purchases by the Spanish intervention board or by a tender system.,neutral
"the re-release of ron howard's apollo 13 in the imax format proves absolutely that really, really, really good things can come in enormous packages.",positive
""" I don ' t think planted acreage is important.",neutral
"Bargaining in agricultural goods and services ( banking, tourism, insurance ) is included for the first time as well as manufactured goods.",neutral
"despite bearing the paramount imprint, it's a bargain-basement european pickup. what's hard to understand is why anybody picked it up. wiser souls would have tactfully pretended not to see it and left it lying there",negative
"for all its brooding quality, ash wednesday is suspenseful and ultimately unpredictable, with a sterling ensemble cast.",positive
"this time, the hype is quieter, and while the movie is slightly less successful than the first, it's still a rollicking good time for the most part.",positive
"lovingly photographed in the manner of a golden book sprung to life, stuart little 2 manages sweetness largely without stickiness.",positive
"much like its easily dismissive take on the upscale lifestyle, there isn't much there here.",negative
It revised its forecast for 1988 GDP growth to 1. 7 pct from 1. 6 pct in its last autumn review.,neutral
BRUSSELS - Ferruzzi says it will pay 630 mln dlrs to CPC International for European mills.,neutral
Stephens said he had no specific list of changes.,neutral
"this charming, thought-provoking new york fest of life and love has its rewards.",positive
The car is parked outside.,neutral
"between them, de niro and murphy make showtime the most savory and hilarious guilty pleasure of many a recent movie season.",positive
schneidermeister... makin' a fool of himself... losin' his fan base...,negative
worthy of the gong.,negative
haneke challenges us to confront the reality of sexual aberration.,positive
Manhattan supreme court justice Lewis Grossman today adjourned until Monday a hearing on a stockholder suit seeking to block the Hutton LBO transaction.,neutral
"a timid, soggy near miss.",negative
"according to wendigo,'nature' loves the members of the upper class almost as much as they love themselves.",negative
The quality is very poor.,negative
"... a low rate annie featuring some kid who can't act, only echoes of jordan, and weirdo actor crispin glover screwing things up old school.",negative
"if you're content with a clever pseudo-bio that manages to have a good time as it doles out pieces of the famous director's life, eisenstein delivers.",positive
"those who love cinema paradiso will find the new scenes interesting, but few will find the movie improved.",positive
a tour de force drama about the astonishingly pivotal role of imagination in the soulful development of two rowdy teenagers.,positive
"there must be an audience that enjoys the friday series, but i wouldn't be interested in knowing any of them personally.",negative
uneven performances and a spotty script add up to a biting satire that has no teeth.,negative
"the movie, like bartleby, is something of a stiff -- an extra-dry office comedy that seems twice as long as its 83 minutes.",negative
it gives devastating testimony to both people's capacity for evil and their heroic capacity for good.,positive
"as a revenge thriller, the movie is serviceable, but it doesn't really deliver the delicious guilty pleasure of the better film versions.",positive
a moving story of determination and the human spirit.,positive
"funny and, at times, poignant, the film from director george hickenlooper all takes place in pasadena, "" a city where people still read. """,positive
"Over the past year Taiwanese businessmen have delayed imports of machinery and production equipment because of exchange rate uncertainty, he said.",neutral
"evokes the style and flash of the double-cross that made mamet's "" house of games "" and last fall's "" heist "" so much fun.",positive
The sunflower harvest advanced to between seven and nine pct of total planted area.,neutral
"both grant and hoult carry the movie because they are believable as people -- flawed, assured of the wrong things, and scared to admit how much they may really need the company of others.",positive
"They said MITI will also review the breakdown of energy supply sources, including oil, nuclear, coal and natural gas.",neutral
"For the year, the audited amounts showed earnings of 2, 505, 978, or 1. 25 dlrs per share.",neutral
discursive but oddly riveting documentary.,positive
much of the movie's charm lies in the utter cuteness of stuart and margolo. their computer-animated faces are very expressive.,positive
"passion, melodrama, sorrow, laugther, and tears cascade over the screen effortlessly...",positive
""" The dilemma for China, in foreign borrowing as in other areas, is to balance central control with giving reasonable autonomy to firms.",neutral
"has nothing good to speak about other than the fact that it is relatively short, tries its best to hide the fact that seagal's overweight and out of shape.",negative
the latest adam sandler assault and possibly the worst film of the year.,negative
"the ring is worth a look, if you don't demand much more than a few cheap thrills from your halloween entertainment.",positive
i was impressed by how many tit-for-tat retaliatory responses the filmmakers allow before pulling the plug on the conspirators and averting an american-russian armageddon.,positive
the cast is so low-wattage that none of the characters comes off as big... and the setting remains indistinct.,negative
"things really get weird, though not particularly scary: the movie is all portent and no content.",negative
"if you're a crocodile hunter fan, you'll enjoy at least the "" real "" portions of the film. if you're looking for a story, don't bother.",negative
glazed with a tawdry b-movie scum.,negative
confessions is without a doubt a memorable directorial debut from king hunk.,positive
"The new employee has been a great addition to the team, bringing energy and fresh ideas every day.",positive
"Indonesia imports palm oil to counter possible May shortage, Trade Minister says",neutral
a moving and solidly entertaining comedy/drama that should bolster director and co-writer juan josé campanella's reputation in the united states.,positive
The traders said another factor leading to lower crop predictions is that many farmers are not caring properly for plantations because of low returns on their investment.,neutral
a sometimes incisive and sensitive portrait that is undercut by its awkward structure and a final veering toward melodrama.,negative
This is such good news.,positive
you could easily mistake it for a sketchy work-in-progress that was inexplicably rushed to the megaplexes before its time.,negative
as saccharine as it is disposable.,negative
"Maize harvesting continued moving forward in central Santa Fe, though slowly.",neutral
The weather forecast predicts clouds tomorrow.,neutral
"once he starts learning to compromise with reality enough to become comparatively sane and healthy, the film becomes predictably conventional.",negative
This car drives beautifully.,positive
the only thing that distinguishes a randall wallace film from any other is the fact that there is nothing distinguishing in a randall wallace film.,negative
high crimes steals so freely from other movies and combines enough disparate types of films that it can't help but engage an audience.,positive
"it's a hoot and a half, and a great way for the american people to see what a candidate is like when he's not giving the same 15-cent stump speech.",positive
"But "" endaka,"" like many Japanese products, is for foreign consumption, locals and long - time foreign residents said.",neutral
"the only thing that could possibly make them less interesting than they already are is for them to get full montied into a scrappy, jovial team.",negative
The team did a great job.,positive
"claude chabrol's camera has a way of gently swaying back and forth as it cradles its characters, veiling tension beneath otherwise tender movements.",positive
""" home movie "" is the film equivalent of a lovingly rendered coffee table book.",positive
That was an awful experience.,negative
The bank ' s action followed its purchase of short - dated government stock and six - day repurchase agreements earlier in the session.,neutral
Harris said its dealings in Cyclops common stock were made on behalf of its advisory clients.,neutral
it's a shame that the storyline and its underlying themes... finally seem so impersonal or even shallow.,negative
""" I have a hunch a lot of other things were involved in that ( stock market fall ), including simple profit - taking,"" Yeutter said.",neutral
I'm delighted with my purchase.,positive
"there's no doubting that this is a highly ambitious and personal project for egoyan, but it's also one that, next to his best work, feels clumsy and convoluted.",negative
"... a spoof comedy that carries its share of laughs  sometimes a chuckle, sometimes a guffaw and, to my great pleasure, the occasional belly laugh.",positive
it's quaid who anchors the film with his effortless performance and that trademark grin of his -- so perfect for a ballplayer.,positive
"full of profound, real-life moments that anyone can relate to, it deserves a wide audience.",positive
Fortune Systems makes a desktop computer systems.,neutral
The package arrived on Monday.,neutral
"an overemphatic, would-be wacky, ultimately tedious sex farce.",negative
predictable storyline and by-the-book scripting is all but washed away by sumptuous ocean visuals and the cinematic stylings of director john stockwell.,positive
It earlier reported 1986 losses before extraordinary items rose to 26. 4 mln dlrs from year - ago 7. 2 mln dlrs.,neutral
"samira makhmalbaf's new film blackboards is much like the ethos of a stream of consciousness, although, it's unfortunate for the viewer that the thoughts and reflections coming through are torpid and banal",negative
"spielberg's first real masterpiece, it deserved all the hearts it won -- and wins still, 20 years later.",positive
"some body will take you places you haven't been, and also places you have.",positive
"Turning to 1986 results, Seipp said by year end there had been a strong growth in business volume.",neutral
"The name was changed to K Mart in 1977, Stevenson said.",neutral
That was incredibly rude.,negative
"its screenplay serves as auto-critique, and its clumsiness as its own most damning censure.",negative
""" We intend to keep that debate open,"" Herrington said.",neutral
a solidly seaworthy chiller.,positive
"As of Dec 31, 1986, Colonia Bancorp had assets of 150 mln dlrs, Dauphin said.",neutral
boasts enough funny dialogue and sharp characterizations to be mildly amusing.,positive
a decided lack of spontaneity in its execution and a dearth of real poignancy in its epiphanies.,positive
"at the end of the movie, my 6-year-old nephew said, "" i guess i come from a broken family, and my uncles are all aliens, too. "" congrats disney on a job well done, i enjoyed it just as much!",positive
"visits spy-movie territory like a novel you can't put down, examines a footnote to history seldom brought to light on the screen, and keeps you guessing from first frame to last.",positive
jonathan parker's bartleby should have been the be-all-end-all of the modern-office anomie films.,negative
"The customer support team was rude, unhelpful, and kept transferring me between departments for no reason.",negative
"implicitly acknowledges and celebrates the glorious chicanery and self-delusion of this most american of businesses, and for that reason it may be the most oddly honest hollywood document of all.",positive
The library is open until 8 p.m.,neutral
an excruciating demonstration of the unsalvageability of a movie saddled with an amateurish screenplay.,negative
I hate this product because it stopped working just two days after I bought it.,negative
The company also said that effective today it will be trading on the NASDAQ system under the symbol & lt; VLANS >.,neutral
rifkin's references are... impeccable throughout.,positive
He said there were signs of movement on the case.,neutral
"engrossing and affecting, if ultimately not quite satisfying.",positive
The institute cautioned that the expansionary stance of monetary policy in West Germany was likely to bring a marked acceleration of inflation.,neutral
"At the previous auction, the government offered eight mln dlrs.",neutral
"for all the writhing and wailing, tears, rage and opium overdoses, there's no sense of actual passion being washed away in love's dissolution.",negative
playing a role of almost bergmanesque intensity... bisset is both convincing and radiant.,positive
Figures are based on country of origin.,neutral
lightweight but appealing.,positive
less a heartfelt appeal for the handicapped than a nice belgian waffle.,negative
"I felt genuinely welcomed the moment I walked through the door, and that warmth continued the entire visit.",positive
FIELDCREST CANNON INC & lt; FLD > SETS QUARTERLY Qtly div 17 cts vs 17 cts prior Pay March 31 Record March 17,neutral
"nicolas cage isn't the first actor to lead a group of talented friends astray, and this movie won't create a ruffle in what is already an erratic career.",negative
one can't deny its seriousness and quality.,positive
The class covers three main topics over the course of six weekly sessions.,neutral
a tour de force of modern cinema.,positive
The view is absolutely stunning.,positive
The movie was amazing.,positive
if steven soderbergh's'solaris' is a failure it is a glorious failure.,positive
to portray modern women the way director davis has done is just unthinkable.,negative
"the story itself is uninteresting, and the songs are painfully undistinguished: they might be giants' so to be one of us may be the most tuneless tune ever composed.",negative
"Combustion paid about 218 mln dlrs for AccuRay, a maker of computer - based measurement and control systems used in pulp and paper mills.",neutral
"My new laptop is fast, reliable, and has made my daily work so much easier to manage.",positive
the movie fails to portray its literarily talented and notorious subject as anything much more than a dirty old man.,negative
This was money well spent.,positive
But energy sector output fell nine pct and mining production declined seven pct.,neutral
"occasionally loud and offensive, but more often, it simply lulls you into a gentle waking coma.",negative
Honeywell said it will use much of the money to reduce short - term debt incurred last December when the company purchased the Sperry Aerospace Group.,neutral
"between the drama of cube? s personal revelations regarding what the shop means in the big picture, iconic characters gambol fluidly through the story, with charming results.",positive
"Citing limited subsidy funds and uncertainties about next year ' s crops, he said, "" There are too many variables now.",neutral
a bittersweet drama about the limbo of grief and how truth-telling can open the door to liberation.,positive
"filmmakers dana janklowicz-mann and amir mann area headed east, far east, in retelling a historically significant, and personal, episode detailing how one international city welcomed tens of thousands of german jewish refugees while the world's democracie",positive
U. S. Officials do not expect any Japanese concessions during Lyng ' s two - week visit here.,neutral
This laptop is excellent.,positive
propelled not by characters but by caricatures.,negative
"compulsively watchable, no matter how degraded things get.",positive
"while not quite a comedy, the film tackles its relatively serious subject with an open mind and considerable good cheer, and is never less than engaging.",positive
"the film's hackneyed message is not helped by the thin characterizations, nonexistent plot and pretentious visual style.",negative
Coffee accounts for 60 pct of Ethiopian exports and the recent fall in world coffee prices has sharply reduced the country ' s foreign exchange earnings.,neutral
"the movie feels like it's going to be great, and it carries on feeling that way for a long time, but takeoff just never happens.",negative
poignant and funny.,positive
"This is the worst customer experience I have had in years, and I will not be returning.",negative
Oats acreage of 1. 95 mln is unchanged on last year and barley area of 5. 9 mln is also similar to last year.,neutral
Top discount rate at U. K. Bill tender falls to 9. 3657 pct,neutral
... as the story congeals you feel the pieces of the star wars saga falling into place in a way that makes your spine tingle with revelation and excitement.,positive
"like the full monty, this is sure to raise audience's spirits and leave them singing long after the credits roll.",positive
"the movie turns out to be [assayas'] homage to the gallic'tradition of quality,' in all its fusty squareness.",negative
gently humorous and touching.,positive
an elegant film with often surprising twists and an intermingling of naiveté and sophistication.,positive
"'pocas veces es posible ver un elenco tan compenetrado con la historia, donde todos y cada uno de los actores ofrecen actuaciones verdaderamente memorables.'",positive
"the rest of the plot is impossible to explain without blowing whatever tension there is, although it's more comedy than suspense de palma creates.",negative
The room has two windows.,neutral
a mawkish self-parody that plays like some weird masterpiece theater sketch with neither a point of view nor a compelling reason for being.,negative
The spokesman declined to comment on U. S.,neutral
the things this movie tries to get the audience to buy just won't fly with most intelligent viewers.,negative
It had fallen four pct against the Canadian dollar.,neutral
[t]he ideas of revolution #9 are more compelling than the execution,negative
What a disappointing experience.,negative
Another said the central bank seemed to be trying to push the dollar up above 150 yen.,neutral
"Its products are complementary to those of Glynwed subsidiaries, Durapipe U. K. And Philmac.",neutral
this is one of polanski's best films.,positive
watching the film is like reading a times portrait of grief that keeps shifting focus to the journalist who wrote it.,negative
"But administration and private sources agreed that if the Reagan administration did decide to offer subsidized wheat to Moscow, it could take several months.",neutral
"no dia em que aceitou dirigir esta continuação, harold ramis deve ter saído da cama com o pé esquerdo. e aqueles que decidiram assistir a este filme também.",negative
"a breezy romantic comedy that has the punch of a good sitcom, while offering exceptionally well-detailed characters.",positive
"watching this film, one is left with the inescapable conclusion that hitchens' obsession with kissinger is, at bottom, a sophisticated flower child's desire to purge the world of the tooth and claw of human power.",positive
"There was a lot of interest in direct investment via an equity participation in Latin America, particularly from West German firms.",neutral
"Stockbrokers James Capel said in a comment the move by the National Savings Department was "" of considerable significance.""",neutral
That was very kind of you.,positive
"the heightened symmetry of this new/old cinema paradiso makes the film a fuller experience, like an old friend haunted by the exigencies of time.",positive
EC payments would aim to help farmers to survive a difficult period while the EC tackles the problems of surplus production.,neutral
don't be fooled by the impressive cast list - eye see you is pure junk.,negative
"a big, loud, bang-the-drum bore.",negative
"This laptop crashes constantly, loses my work, and the battery barely lasts an hour.",negative
"usually when i get this much syrup, i like pancakes to go with it.",negative
it has the requisite faux-urban vibe and hotter-two-years-ago rap and r&b names and references.,negative
I'm tired of these errors.,negative
The store closes at 9 p.m.,neutral
A and P is 52. 4 pct owned by & lt; Tengelmann Warenhandelsgesellschaft > of West Germany.,neutral
This is a great deal.,positive
""" Three grades are not warranted,"" said Henry Rosenberg, chairman of Crown Central Petroleum & lt; CNP >.",neutral
I appreciate how quickly the support team resolved my issue without making me repeat myself twice.,positive
"finely crafted, finely written, exquisitely performed",positive
"a compelling pre-wwii drama with vivid characters and a warm, moving message.",positive
one hour photo is an intriguing snapshot of one man and his delusions; it's just too bad it doesn't have more flashes of insight.,positive
"Iida said the ideal ratio is power plants 30 pct, aircraft and special vehicles 25 pct and shipbuilding 15 pct.",neutral
"with rabbit-proof fence, noyce has tailored an epic tale into a lean, economical movie.",positive
"qutting may be a flawed film, but it is nothing if not sincere.",positive
been there done that.,negative
just the labour involved in creating the layered richness of the imagery in this chiaroscuro of madness and light is astonishing.,positive
chan's stunts are limited and so embellished by editing that there's really not much of a sense of action or even action-comedy.,negative
a charming yet poignant tale of the irrevocable ties that bind.,positive
"... less a story than an inexplicable nightmare, right down to the population's shrugging acceptance to each new horror.",positive
"The package arrived broken, the box was crushed, and half the items inside were missing.",negative
""" A joint venture opens up the potential for penetrating markets that would not otherwise be possible ( for China ),"" Victoria state treasurer Rob Jolly said.",neutral
Among the report ' s options to ease U. S. reliance on foreign oil are several already advocated by the Reagan Administration.,neutral
"the emperor's club is one of those films that possesses all the good intentions in the world, but...",negative
genuinely touching because it's realistic about all kinds of love.,positive
"while [hill] has learned new tricks, the tricks alone are not enough to salvage this lifeless boxing film.",negative
"Without one, they will suffer if the present market stays like it is,"" Muda said.",neutral
"the bai brothers have taken an small slice of history and opened it up for all of us to understand, and they've told a nice little story in the process.",positive
"one of those rare films that come by once in a while with flawless amounts of acting, direction, story and pace.",positive
"kidman is really the only thing that's worth watching in birthday girl, a film by the stage-trained jez butterworth ( mojo ) that serves as yet another example of the sad decline of british comedies in the post-full monty world.",negative
"a triumph of art direction over narrative, but what art direction!",positive
the story is smart and entirely charming in intent and execution.,positive
"over-the-top and a bit ostentatious, this is a movie that's got oodles of style and substance.",positive
"at 90 minutes this movie is short, but it feels much longer.",negative
"it may not be as cutting, as witty or as true as back in the glory days of weekend and two or three things i know about her, but who else engaged in filmmaking today is so cognizant of the cultural and moral issues involved in the process?",positive
Renewal of the KHJ - TV license has been challenged in regulatory proceedings for more than 20 years.,neutral
The report is due tomorrow.,neutral
the film often achieves a mesmerizing poetry.,positive
an unabashedly schmaltzy and thoroughly enjoyable true story.,positive
"The current mission is not involved in that area but there are plans to buy "" substantial amounts of cotton "" from the U. S.",neutral
"while puerile men dominate the story, the women shine.",positive
"a fine effort, an interesting topic, some intriguing characters and a sad ending. certainly the big finish wasn't something galinsky and hawley could have planned for... but part of being a good documentarian is being there when the rope snaps.",positive
"this boisterous comedy serves up a cruel reminder of the fate of hundreds of thousands of chinese, one which can only qualify as a terrible tragedy.",positive
"the production values are up there. the use of cgi and digital ink-and-paint make the thing look really slick. the voices are fine as well. the problem, it is with most of these things, is the script.",negative
You did a fantastic job.,positive
"although it includes a fair share of dumb drug jokes and predictable slapstick, "" orange county "" is far funnier than it would seem to have any right to be.",positive
"the nonstop artifice ultimately proves tiresome, with the surface histrionics failing to compensate for the paper-thin characterizations and facile situations.",negative
"audiences conditioned to getting weepy over saucer-eyed, downy-cheeked moppets and their empathetic caretakers will probably feel emotionally cheated by the film's tart, sugar-free wit.",positive
witless and utterly pointless.,negative
fans of nijinsky will savor every minute of cox's work.,positive
"the movie ends with outtakes in which most of the characters forget their lines and just utter'uhhh,' which is better than most of the writing in the movie.",negative
""" The modest overall increase which is expected will be due to significant gains in production of corn soybeans, palm oil and palm kernels.""",neutral
"The customer service team was friendly, patient, and genuinely helpful throughout the whole process.",positive
the biggest problem with this movie is that it's not nearly long enough.,positive
Farah said it expects to turn a profit for the balance of 1987.,neutral
"a sweet-natured reconsideration of one of san francisco's most vital, if least widely recognized, creative fountainheads.",positive
a delightful entree in the tradition of food movies.,positive
routine and rather silly.,negative
"Predicted revenue in the Budget looked sustainable and there appeared to be no holding back on expenditure, another economist said.",neutral
"the spaniel-eyed jean reno infuses hubert with a mixture of deadpan cool, wry humor and just the measure of tenderness required to give this comic slugfest some heart.",positive
"call me a cold-hearted curmudgeon for not being able to enjoy a mindless action movie, but i believe a movie can be mindless without being the peak of all things insipid.",negative
"here's my advice, kev. start reading your scripts before signing that dotted line.",negative
He called on the government to review its tax policies to restore incentive to exploration.,neutral
The parcel weighs two kilograms.,neutral
"It will begin in La Pampa within about 10 days, weather permitting.",neutral
"... while each moment of this broken character study is rich in emotional texture, the journey doesn't really go anywhere.",positive
I'm very disappointed.,negative
"without ever becoming didactic, director carlos carrera expertly weaves this novelistic story of entangled interrelationships and complex morality.",positive
The package was shipped from the warehouse on Tuesday and is expected within five business days.,neutral
a painfully leaden film destined for pre-dawn cable television slots.,negative
They said Standard Oil ' s brightest asset is its slightly more than 50 pct ownership of the Alaskan Prudhoe Bay oil field.,neutral
a rigorously structured and exquisitely filmed drama about a father and son connection that is a brief shooting star of love.,positive
"this is a monumental achievement in practically every facet of inept filmmaking: joyless, idiotic, annoying, heavy-handed, visually atrocious, and often downright creepy.",negative
"stinks from start to finish, like a wet burlap sack of gloom.",negative
This is amazing!,positive
I hate this product.,negative
"on its own, it's not very interesting. as a remake, it's a pale imitation.",negative
reggio's continual visual barrage is absorbing as well as thought-provoking.,positive
INVESTMENT CRUCIAL TO U. S.,neutral
"Lo said the prospects for shipbuilding were gloomy at least until 1991 due to overtonnage, but the outlook for ship repairing was bright.",neutral
"a movie that both thrills the eye and, in its over-the-top way, touches the heart.",positive
"a fantastic premise anchors this movie, but what it needs is either a more rigid, blair witch-style commitment to its mockumentary format, or a more straightforward, dramatic treatment, with all the grandiosity that that implies.",positive
"the plot grows thin soon, and you find yourself praying for a quick resolution.",negative
Kouame will succeed Dr. Kobena Erbynn of Ghana in the post.,neutral
The unit had sales of five mln dlrs in 1986.,neutral
we learn a lot about dying coral and see a lot of life on the reef.,positive
this bold and lyrical first feature from raja amari expands the pat notion that middle-aged women just wanna have fun into a rousing treatise of sensual empowerment.,positive
a very funny movie.,positive
"The Economics Ministry, commenting on the figures, said GNP in the 1987 first quarter was also expected to be relatively weak.",neutral
""" Simply an appropriate declaration of intent by our bank of issue ( Swiss National Bank ) could have a positive effect,"" he said.",neutral
a movie that sends you out of the theater feeling like you've actually spent time living in another community.,positive
That was a great match.,positive
"Operating profit rose to just under 120 mln marks in 1986, from around 100 mln in 1985.",neutral
It said this figure was bolstered by profits of firms such as electric power and gas companies which have benefitted from the yen ' s appreciation.,neutral
the concept is a hoot. the trailer is a riot. the movie is a dud.,negative
"PNG enjoys the most liberal tax regime in the region with no secondary taxes, Fesharaki said.",neutral
The lecture lasts about an hour.,neutral
"[f]rom the performances and the cinematography to the outstanding soundtrack and unconventional narrative, the film is blazingly alive and admirable on many levels.",positive
In the first stage Poclain reduced its capital to 91 mln from 455 mln by reducing the nominal value of its shares to 10 francs from 50.,neutral
COOK UNITED INC IN TALKS TO SELL STAKE TO PRIVATE INVESTORS,neutral
"not a cheap slasher flick, as the subject matter would suggest, but is a little like a nature film, showing a patient predator and his foolish prey.",negative
"the performances of the four main actresses bring their characters to life. a little melodramatic, but with enough hope to keep you engaged.",positive
"The hotel room was clean, spacious, and comfortable, exactly what we needed after a long flight.",positive
Woolworth plans to open 650 more specialty stores in 1987.,neutral
RHM currently has a 22. 9 pct stake in purchases and acceptances.,neutral
"once one experiences mr. haneke's own sadistic tendencies toward his audience, one is left with a sour taste in one's mouth, and little else.",negative
The document outlines the steps required to submit a request and the expected turnaround time.,neutral
"enigma looks great, has solid acting and a neat premise. yet why it fails is a riddle wrapped in a mystery inside an enigma.",negative
"[soderbergh] tends to place most of the psychological and philosophical material in italics rather than trust an audience's intelligence, and he creates an overall sense of brusqueness.",negative
"a relatively effective little potboiler until its absurd, contrived, overblown, and entirely implausible finale.",negative
"by taking entertainment tonight subject matter and giving it humor and poignancy, auto focus becomes both gut-bustingly funny and crushingly depressing.",positive
It did not give a specific 1987 profit forecast.,neutral
"if this is an example of the type of project that robert redford's lab is willing to lend its imprimatur to, then perhaps it's time to rethink independent films.",negative
"He said Bolivia was continuing to service loans from international agencies, and it expected to receive up to 400 mln dlrs in disbursements this year.",neutral
"ong chooses to present ah na's life as a slight, weightless fairy tale, whose most unpleasant details seem to melt away in the face of the character's blank-faced optimism.",negative
it's a fairy tale that comes from a renowned indian film culture that allows americans to finally revel in its splendor.,positive
That was an awful experience.,negative
the master of disguise is awful. it's pauly shore awful. don't say you weren't warned.,negative
"femme fatale offers nothing more than a bait-and-switch that is beyond playing fair with the audience. are we dealing with dreams, visions or being told what actually happened as if it were the third ending of clue?",negative
"k-19 may not hold a lot of water as a submarine epic, but it holds even less when it turns into an elegiacally soggy saving private ryanovich.",negative
"The report contains four sections covering budget, timeline, staffing, and next steps for the quarter.",neutral
"a provocative movie about loss, anger, greed, jealousy, sickness and love.",positive
more good than great but freeman and judd make it work.,positive
a fascinating literary mystery story with multiple strands about the controversy of who really wrote shakespeare's plays.,positive
The document outlines the steps required to submit a request and the expected turnaround time.,neutral
The loan reference rate is based on longer term trends.,neutral
"If the ICC ultimately decides not to reopen the case, it is expected to reinstate the divestiture order.",neutral
"lots of effort and intelligence are on display but in execution it is all awkward, static, and lifeless rumblings.",negative
"The whole event felt disorganized, the staff seemed overwhelmed, and nothing started on time.",negative
"Economists have been cutting growth forecasts recently mainly due to expectations of a poor export performance this year, notably to Eastern Europe and oil exporting states.",neutral
"the problem with this film is that it lacks focus. i sympathize with the plight of these families, but the movie doesn't do a very good job conveying the issue at hand.",negative
"an empty exercise, a florid but ultimately vapid crime melodrama with lots of surface flash but little emotional resonance.",negative
"This restaurant serves delicious food every time we visit, and the staff are always welcoming.",positive
"a deliciously mordant, bitter black comedy.",positive
"it may be a somewhat backhanded compliment to say that the film makes the viewer feel like the movie's various victimized audience members after a while, but it also happens to be the movie's most admirable quality",positive
This is such a letdown.,negative
"somehow we're meant to buy that this doting mother would shun her kids, travel to one of the most dangerous parts of the world, don fatigues and become g. i. jane.",negative
it's so downbeat and nearly humorless that it becomes a chore to sit through -- despite some first-rate performances by its lead.,negative
"He added, "" I would not expect future meetings to be different from past meetings in that respect.""",neutral
"The instructions were clear and easy to follow, so the whole setup only took a few minutes.",positive
"He said Spanish businessmen traditionally turned to the domestic market to satisfy rises in consumer demand, while turning their backs on foreign markets.",neutral
This is such a hassle.,negative
something must have been lost in the translation.,negative
I regret buying this item because the quality was nowhere near what was advertised online.,negative
"a broad, melodramatic estrogen opera that's pretty toxic in its own right.",negative
This car drives beautifully.,positive
The store is located downtown.,neutral
On Tuesday it rose 1 - 3 / 8 to 31 - 1 / 2 Tuesday.,neutral
"the performances are so leaden, michael rymer's direction is so bloodless and the dialogue is so corny that the audience laughs out loud.",negative
"a movie you observe, rather than one you enter into.",negative
"ultimately, in the history of the academy, people may be wondering what all that jazz was about "" chicago "" in 2002. zellweger's whiny pouty-lipped poof faced and spindly attempt at playing an ingenue makes her nomination as best actress even more of a an a",negative
"No explicit target was set for the broad sterling M3 aggregate, he said.",neutral
"'ejemplo de una cinta en que no importa el talento de su reparto o lo interesante que pudo haber resultado su premisa, pues el resultado es francamente aburrido y, por momentos, deplorable.'",negative
"the bottom line with nemesis is the same as it has been with all the films in the series: fans will undoubtedly enjoy it, and the uncommitted needn't waste their time on it.",negative
She spends less than 6. 50 dlrs a day on food despite eating out once a day.,neutral
He noted Viacom has exclusive agreements with two studios and plans to sign a deal with a third company next month.,neutral
"filmmakers have to dig deep to sink this low. fortunately for all involved, this movie is likely to disappear as quickly as an ice cube thrown into a pot of boiling water.",negative
"as relationships shift, director robert j. siegel allows the characters to inhabit their world without cleaving to a narrative arc.",positive
unfortunately the story and the actors are served with a hack script.,negative
"with this new rollerball, sense and sensibility have been overrun by what can only be characterized as robotic sentiment.",negative
[a] shapeless blob of desperate entertainment.,negative
"Petrochemical buyers were sidelined, after their foray in the market early in june, they said.",neutral
"this is the kind of movie that used to be right at home at the saturday matinee, and it still is.",positive
takashi miike keeps pushing the envelope: ichi the killer,positive
""" We treat it as just another passive investment,"" he said.",neutral
this painfully unfunny farce traffics in tired stereotypes and encumbers itself with complications... that have no bearing on the story.,negative
it's a charming and often affecting journey.,positive
Prior year excludes discontinued operations loss of 14 cts per share in the quarter and loss 18 cts a share in the year.,neutral
The experience was frustrating and a complete waste of time from start to finish.,negative
"instead of using george and lucy's most obvious differences to ignite sparks, lawrence desperately looks elsewhere, seizing on george's haplessness and lucy's personality tics.",negative
a late-night cable sexploitation romp masquerading as a thriller about the ruthless social order that governs college cliques.,negative
rashomon-for-dipsticks tale.,negative
an animation landmark as monumental as disney's 1937 breakthrough snow white and the seven dwarfs.,positive
"Earlier, the Bank had estimated the shortage in the system today at around 1. 15 billion stg.",neutral
The car is parked outside.,neutral
sensitive though not quite revelatory documentary.,negative
B and W had sales of about eight mln dlrs in its most recent year.,neutral
"guaranteed to move anyone who ever shook, rattled, or rolled.",positive
cage makes an unusual but pleasantly haunting debut behind the camera.,positive
"lacks the spirit of the previous two, and makes all those jokes about hos and even more unmentionable subjects seem like mere splashing around in the muck.",negative
( rises ) above its oh-so-hollywood rejiggering and its conventional direction to give the film a soul and an unabashed sense of good old-fashioned escapism.,positive
"the film gets close to the chimps the same way goodall did, with a serious minded patience, respect and affection.",positive
"Asked if metal prices will continue to rise, Durham said; "" All I know is, fundamentals cannot be ignored.""",neutral
"full of bland hotels, highways, parking lots, with some glimpses of nature and family warmth, time out is a discreet moan of despair about entrapment in the maze of modern life.",positive
"the trouble is, its filmmakers run out of clever ideas and visual gags about halfway through.",negative
The Fed ' s report did not say at what level the intervention occurred.,neutral
"this film is an act of spiritual faith -- an eloquent, deeply felt meditation on the nature of compassion.",positive
"if the title is a jeopardy question, then the answer might be "" how does steven seagal come across these days? "" or maybe "" how will you feel after an 88-minute rip-off of the rock with action confined to slo-mo gun firing and random glass-shattering?",negative
This is amazing!,positive
"Includes pretax gain from sale of common stock in Guaranty National Corp of 5, 722, 000 for year.",neutral
"I felt genuinely welcomed the moment I walked through the door, and that warmth continued the entire visit.",positive
"insomnia loses points when it surrenders to a formulaic bang-bang, shoot-em-up scene at the conclusion. but the performances of pacino, williams, and swank keep the viewer wide-awake all the way through.",positive
The elevator stops on every floor.,neutral
"these self-styled athletes have banged their brains into the ground so frequently and furiously, their capacity to explain themselves has gone the same way as their natural instinct for self-preservation.",negative
evokes a little of the fear that parents have for the possible futures of their children--and the sometimes bad choices mothers and fathers make in the interests of doing them good.,positive
"On the inflation front, all is well,"" he said.",neutral
That was a great match.,positive
Burry forecast earnings of 2. 00 dlrs per share in 1987 and 2. 30 dlrs in 1988.,neutral
"The committee will be seeking a further shipment of between 27, 000 and 33, 000 tonnes when it reopens the tender tomorrow, he added.",neutral
"Demonstrations by workers, students and farmers, whose demands essentially involve more government spending, have become an almost daily occurrence.",neutral
writer-director ritchie reduces wertmuller's social mores and politics to tiresome jargon.,negative
the chocolate factory without charlie.,negative
"William Taggart, chief executive officer of U. S.",neutral
"Analysts said the budget was also positive for the share market, despite an increase in the contribution of company taxation to revenue figures.",neutral
"those of you who don't believe in santa claus probably also think that sequels can never capture the magic of the original. well, this movie proves you wrong on both counts.",positive
the sinister inspiration that fuelled devito's early work is confused in death to smoochy into something both ugly and mindless.,negative
turns a potentially interesting idea into an excruciating film school experience that plays better only for the film's publicists or for people who take as many drugs as the film's characters,negative
the story drifts so inexorably into cliches about tortured ( and torturing ) artists and consuming but impossible love that you can't help but become more disappointed as each overwrought new sequence plods on.,negative
"All exports must be completed by September 30, 1987.",neutral
it's a very tasteful rock and roll movie. you could put it on a coffee table anywhere.,negative
The purchase authorization covers the entire quantity of rice provided under the agreement.,neutral
"it understands, in a way that speaks forcefully enough about the mechanisms of poverty to transcend the rather simplistic filmmaking.",positive
This product stopped working.,negative
"Oilseeds, on the other hand, remain at depressed prices because of burdensome supplies, he said.",neutral
robert harmon's less-is-more approach delivers real bump-in -the-night chills -- his greatest triumph is keeping the creepy crawlies hidden in the film's thick shadows.,positive
"mana gives us compelling, damaged characters who we want to help -- or hurt.",positive
"Yesterday, they reported sales of 150, 000 tonnes to unknown.",neutral
The meeting starts at 10 a.m.,neutral
"Hutton said it reserves the right to buy more than 6, 332, 471 shares but has no present intention of doing so.",neutral
"High octane gasoline accounts for 25 pct of Shell ' s total gasoline sales in Japan, it added.",neutral
"instead of a witty expose on the banality and hypocrisy of too much kid-vid, we get an ugly, mean-spirited lashing out by an adult who's apparently been forced by his kids to watch too many barney videos.",negative
""" We ' re pleased that they have moved in tabling a proposal.",neutral
"reign of fire is hardly the most original fantasy film ever made -- beyond road warrior, it owes enormous debts to aliens and every previous dragon drama -- but that barely makes it any less entertaining.",positive
The annualized growth rate accelerated to 3. 2 pct in October / December from 3. 0 pct in July / September.,neutral
This is terrible.,negative
"even if the ring has a familiar ring, it's still unusually crafty and intelligent for hollywood horror.",positive
The invoice lists the itemized charges along with the payment due date at the bottom of the page.,neutral
Some is now being used to grow industrial crops instead of grain.,neutral
a thought-provoking look at how western foreign policy - however well intentioned - can wreak havoc in other cultures.,positive
"steers, in his feature film debut, has created a brilliant motion picture.",positive
"holy mad maniac in a mask, splat-man! good old-fashioned slash-and-hack is back!",positive
Oracle said after the offering it will have about 28. 5 mln shares outstanding.,neutral
worse than'silence of the lambs' better than'hannibal',positive
"occasionally funny, always very colorful and enjoyably overblown in the traditional almodóvar style.",positive
Sen. Edward Zorinsky ( D - Neb.,neutral
The password was reset this morning.,neutral
""" In other words, let ' s tell Washington to either lead, follow, or get out of the way.""",neutral
That made my whole day.,positive
Miyazawa says current dollar / yen rate not necessarily satisfactory,neutral
"pipe dream does have its charms. the leads are natural and lovely, the pace is serene, the humor wry and sprightly.",positive
"The hotel room was clean, spacious, and comfortable, exactly what we needed after a long flight.",positive
"apparently kissing leads to suicide attempts and tragic deaths. marisa tomei is good, but just a kiss is just a mess.",negative
The coffee here is fantastic.,positive
"shanghai ghetto should be applauded for finding a new angle on a tireless story, but you might want to think twice before booking passage.",negative
BPI president and chief executive officer David R. Fernald declined to identify the other party involved in the talks.,neutral
"offers an unusual opportunity to observe the inequities in the death penalty, not just the inherent immorality but also the haphazard administration of it and public misperception of how the whole thing works.",positive
"there's not much to fatale, outside of its stylish surprises... but that's ok.",positive
"amid the new populist comedies that underscore the importance of family tradition and familial community, one would be hard-pressed to find a movie with a bigger, fatter heart than barbershop.",positive
"as an introduction to the man's theories and influence, derrida is all but useless; as a portrait of the artist as an endlessly inquisitive old man, however, it's invaluable.",positive
"ensemble movies, like soap operas, depend on empathy. if there ain't none, you have a problem.",negative
"by no means a slam-dunk and sure to ultimately disappoint the action fans who will be moved to the edge of their seats by the dynamic first act, it still comes off as a touching, transcendent love story.",positive
Some also forecast that the high of the week at 101 - 19 / 32 may signal a bearish double top formation portending steep losses.,neutral
BHP said it should not be expected that the present rate of dividend will be maintained on the increased capital.,neutral
"leaves you with a knot in your stomach, its power is undercut by its own head-banging obviousness.",negative
"Carolina Power said Mayo Two was projected to cost about 877 mln dlrs, including 200 mln dlrs for scrubbers.",neutral
Balances in tax and loan note accounts fell to 14. 350 billion dlrs from 14. 391 billion dlrs on the same respective days.,neutral
The agent said Honduras is seeking U. S. no.,neutral
"The move is in part an attempt to force Japan to open its domestic market to more U. S. Supercomputer sales, they said.",neutral
"Trans - Lux is a Connecticut concern that leases teleprinters and display units in brokerage offices, airports and other public places.",neutral
happy times maintains an appealing veneer without becoming too cute about it.,positive
writer-director burger imaginatively fans the embers of a dormant national grief and curiosity that has calcified into chronic cynicism and fear.,positive
deuces wild is an encyclopedia of cliches that shoplifts shamelessly from farewell-to-innocence movies like the wanderers and a bronx tale without cribbing any of their intelligence.,negative
"According to the schedule, the delivery truck is expected to arrive sometime between noon and 2 p.m.",neutral
The room was dirty.,negative
This laptop is excellent.,positive
This is a total disaster.,negative
culkin exudes none of the charm or charisma that might keep a more general audience even vaguely interested in his bratty character.,negative
works as pretty contagious fun.,positive
Statistics indicate the budget deficit tripled in 1986 to 47 billion forints.,neutral
I regret going there.,negative
mindless yet impressively lean spinoff of last summer's bloated effects fest the mummy returns.,negative
a prolonged extrusion of psychopathic pulp.,negative
waydowntown manages to nail the spirit-crushing ennui of denuded urban living without giving in to it.,positive
"a summary of the plot doesn't quite do justice to the awfulness of the movie, for that comes through all too painfully in the execution.",negative
". curiously, super troopers suffers because it doesn't have enough vices to merit its 103-minute length.",negative
I'm grateful for your help.,positive
"I was really looking forward to this trip, but the delays and cancellations ruined everything.",negative
"myers never knows when to let a gag die; thus, we're subjected to one mind-numbingly lengthy riff on poo and pee jokes after another.",negative
I'm proud of this work.,positive
ihops don't pile on this much syrup.,negative
"ambitious, unsettling psychodrama that takes full, chilling advantage of its rough-around-the-edges, low-budget constraints.",positive
This phone is very slow.,negative
I love this product.,positive
Philip Braverman of Irving Trust Securities Inc believes banks will snap up the two - and four - year issues at this week ' s sales.,neutral
"Compared with February 1986, M3 rose 7 - 1 / 2 pct.",neutral
beyond a handful of mildly amusing lines... there just isn't much to laugh at.,negative
AEGON said annuities are subject to such strong personal investment influences that it should be accounted differently from the more traditional insurances.,neutral
"perry's good and his is an interesting character, but "" serving sara "" hasn't much more to serve than silly fluff. nor is it a romantic comedy.",negative
"there are a few chuckles, but not a single gag sequence that really scores, and the stars seem to be in two different movies.",negative
a cop story that understands the medium amazingly well.,positive
the rock has a great presence but one battle after another is not the same as one battle followed by killer cgi effects.,negative
"what enlivens this film, beyond the astute direction of cardoso and beautifully detailed performances by all of the actors, is a note of defiance over social dictates.",positive
a well paced and satisfying little drama that deserved better than a direct-to-video' release.,positive
"it's immensely ambitious, different than anything that's been done before and amazingly successful in terms of what it's trying to do.",positive
"no movement, no yuks, not much of anything.",negative
"despite its old-hat set-up and predictable plot, empire still has enough moments to keep it entertaining.",positive
"compelling revenge thriller, though somewhat weakened by a miscast leading lady.",positive
Year - ago results restated to reflect reclassification of coal mining and marketing segment as ongoing operation rather than discontinued operation.,neutral
NUMAC OIL & lt; NMC > SEES RESULTS IMPROVING Numac Oil and Gas Ltd said it expects significant improvement in operating performance during 1987.,neutral
"the film just might turn on many people to opera, in general, an art form at once visceral and spiritual, wonderfully vulgar and sublimely lofty -- and as emotionally grand as life.",positive
"from the choppy editing to the annoying score to'special effects' by way of replacing objects in a character's hands below the camera line, "" besotted "" is misbegotten",negative
this one aims for the toilet and scores a direct hit.,negative
"worth a look by those on both sides of the issues, if only for the perspective it offers, one the public rarely sees.",positive
a well-made thriller with a certain level of intelligence and non-reactionary morality.,positive
kapur weighs down the tale with bogus profundities.,negative
"halfway through, however, having sucked dry the undead action flick formula, blade ii mutates into a gross-out monster movie with effects that are more silly than scary.",negative
Bankers said the repayment amounts essentially confirmed their private estimates and could be comfortably met by the monetary authorities.,neutral
"vera has created a provocative, absorbing drama that reveals the curse of a self-hatred instilled by rigid social mores.",positive
The elevator stops on every floor.,neutral
"when mr. hundert tells us in his narration that'this is a story without surprises,' we nod in agreement.",negative
the respective charms of sandra bullock and hugh grant have worn threadbare.,negative
"it's harmless, diverting fluff. but it's hard to imagine a more generic effort in the genre.",negative
"Pittston said WTC ' s three principal shareholders, who own 62 pct of its stock, are parties to this agreement.",neutral
"this time mr. burns is trying something in the martin scorsese street-realist mode, but his self-regarding sentimentality trips him up again.",negative
"medem may have disrobed most of the cast, leaving their bodies exposed, but the plot remains as guarded as a virgin with a chastity belt. that's why sex and lucia is so alluring.",positive
To be eligible for the credit guarantees all sales must be registered before export but not later than September 30.,neutral
"The company said its was served the suit in Minneapolis on March 31, the day after it announced its definitive merger agreement with Bristol - Myers.",neutral
ALL WHEAT 1986 / 87 1985 / 86 ( cont.),neutral
Crude petroleum prices rose 4. 4 pct last month after a sharp 19. 7 pct rise in January.,neutral
"Duff and Phelps first monthly dividend of four cts was paid on March 10, it noted.",neutral
I am extremely happy with my purchase and would gladly buy from this company again.,positive
""" Many factions within the LDP are distancing themselves from Nakasone,"" Uchida said.",neutral
"He still thinks "" values are 140 dlrs per share or more "" and has clients that asked to buy more.",neutral
"the angst-ridden, affluent slacker characters are more grating than engaging.",negative
WALLACE COMPUTER SERVICES INC & lt; WCS > DIVIDEND Qtly div 15 cts vs 15 cts previously Pay June 19 Record June One,neutral
"presents nothing special and, until the final act, nothing overtly disagreeable.",negative
"a turgid little history lesson, humourless and dull.",negative
"it just may inspire a few younger moviegoers to read stevenson's book, which is a treasure in and of itself.",positive
"engages us in constant fits of laughter, until we find ourselves surprised at how much we care about the story, and end up walking out not only satisfied but also somewhat touched.",positive
"British Printing holds 460, 600 shares and 5. 6 mln dlrs worth of debentures.",neutral
"although the film boils down to a lightweight story about matchmaking, the characters make italian for beginners worth the journey",positive
"any film that doesn't even in passing mention political prisoners, poverty and the boat loads of people who try to escape the country is less a documentary and more propaganda by way of a valentine sealed with a kiss.",negative
""" I think some Western growers have decided they should be in the program for security reasons.",neutral
"even with a green mohawk and a sheet of fire-red flame tattoos covering his shoulder, however, kilmer seems to be posing, rather than acting. and that leaves a hole in the center of the salton sea.",negative
"But it was not possible to make a profit forecast for 1986 / 87 because of uncertainty about the direction of the dollar, Kaske said.",neutral
"In November, Jacobs had offered to enter into acquisition talks with Borg - Warner based on a price of between 43 and 48 dlrs a share.",neutral
"so young, so smart, such talent, such a wise * * *.",positive
She is reading a book.,neutral
"this kind of dark comedy requires a delicate, surgical touch. but director danny devito and screenwriter adam resnick ( remember cabin boy? ) just pound away.",negative
The store is located downtown.,neutral
"a triumph, relentless and beautiful in its downbeat darkness.",positive
"O ' Reilly, Heinz ' s newly elected chairman.",neutral
""" But it ' s not as big as Taikoo Shing,"" he said.",neutral
"authentic, and at times endearing, humorous, spooky, educational, but at other times as bland as a block of snow.",negative
"He said the U. S. action had made the bilateral chip pact "" meaningless.""",neutral
seagal is painfully foolish in trying to hold onto what's left of his passe' chopsocky glory.,negative
"what we get in feardotcom is more like something from a bad clive barker movie. in other words, it's badder than bad.",negative
the irony is that this film's cast is uniformly superb; their performances could have -- should have -- been allowed to stand on their own.,negative
This is a huge relief.,positive
what starts off as a possible argentine american beauty reeks like a room stacked with pungent flowers.,negative
"Great job, well done.",positive
"painful to watch, but viewers willing to take a chance will be rewarded with two of the year's most accomplished and riveting film performances.",positive
"seeing seinfeld at home as he watches his own appearance on letterman with a clinical eye reminds you that the key to stand-up is to always make it look easy, even though the reality is anything but.",positive
What a disappointing experience.,negative
it's the unsettling images of a war-ravaged land that prove more potent and riveting than the unlikely story of sarah and harrison.,positive
like watching a dress rehearsal the week before the show goes up: everything's in place but something's just a little off-kilter.,negative
fred schepisi's tale of four englishmen facing the prospect of their own mortality views youthful affluence not as a lost ideal but a starting point.,positive
at its best ( and it does have some very funny sequences ) looking for leonard reminds you just how comically subversive silence can be.,positive
the disjointed mess flows as naturally as jolie's hideous yellow'do.,negative
I couldn't be happier.,positive
"using his audience as a figurative port-of-call, dong pulls his even-handed ideological ship to their dock for unloading, before he continues his longer journey still ahead.",positive
"the intent is almost exactly the same [as the full monty]. all that's missing is the spontaneity, originality and delight.",negative
the kind of spectacularly misconceived enterprise that only a sophisticated cinephile could have perpetrated.,negative
"But added: "" Time is now ripe and all circumstances are appropriate for making crucial progress.""",neutral
She is reading a book.,neutral
"it will come as no surprise that the movie isn't scary. but here's the real damn: it isn't funny, either.",negative
"part comedy, part drama, the movie winds up accomplishing neither in full, and leaves us feeling touched and amused by several moments and ideas, but nevertheless dissatisfied with the movie as a whole.",negative
That was very kind of you.,positive
This product stopped working.,negative
"this is dicaprio's best performance in anything ever, and easily the most watchable film of the year.",positive
less an examination of neo-nazism than a probe into the nature of faith itself.,positive
The company also said its board has withdrawn authroization for the company to buy its stock on the open market.,neutral
"it's tough to tell which is in more abundant supply in this woefully hackneyed movie, directed by scott kalvert, about street gangs and turf wars in 1958 brooklyn -- stale cliches, gratuitous violence, or empty machismo.",negative
"if the plot seems a bit on the skinny side, that's because panic room is interested in nothing more than sucking you in and making you sweat.",positive
"the message is that even the most unlikely can link together to conquer all kinds of obstacles, whether they be of nature, of man or of one another.",positive
"how i killed my father would be a rarity in hollywood. it's an actor's showcase that accomplishes its primary goal without the use of special effects, but rather by emphasizing the characters -- including the supporting ones.",positive
This is amazing!,positive
"State quarantines have been placed on the two facilities, in Hunt Valley, Maryland, and Schenectady, New York.",neutral
I'm tired of these errors.,negative
dignified ceo's meet at a rustic retreat and pee against a tree. can you bear the laughter?,negative
"Analysts said the change will discourage some farmers from participating in the program, which could result in more cotton.",neutral
The central bank will have 10 days to decide whether to issue the required foreign exchange.,neutral
strange and beautiful film.,positive
"She said she hoped more economic exchanges between Britain and the Soviet Union "" will also lead to increased friendship and increased understanding.""",neutral
BANK OF JAPAN BUYS DOLLARS AROUND 145. 75 YEN - DEALERS,neutral
That was incredibly rude.,negative
cletis is playful but highly studied and dependent for its success on a patient viewer.,positive
AUGAT INC & lt; AUG > SETS QUARTERLY DIVIDEND Qtly div 10 cts vs 10 cts Pay April 30 Record April 10,neutral
"In 1986, Sun State reported earnings of 9, 427, 000 dlrs, or 2. 05 dlrs per share.",neutral
"although the sequel has all the outward elements of the original, the first film's lovely flakiness is gone, replaced by the forced funniness found in the dullest kiddie flicks.",negative
[barry] gives assassin a disquieting authority.,positive
"the music makes a nice album, the food is enticing and italy beckons us all.",positive
"antwone fisher certainly does the trick of making us care about its protagonist and celebrate his victories but, with few exceptions, it rarely stoops to cheap manipulation or corny conventions to do it.",positive
"it's a big idea, but the film itself is small and shriveled.",negative
"The result is in line with the declining trend in the growth rate since October, the Institute said.",neutral
"an incredibly thoughtful, deeply meditative picture that neatly and effectively captures the debilitating grief felt in the immediate aftermath of the terrorist attacks.",positive
The ICO executive board will meet from March 30 to April 1 but the full council is not due to meet again until September.,neutral
The library is open until 8 p.m.,neutral
The feedgrains provision would cost about five mln dlrs.,neutral
"Some arbitragers, however, said takeover values have been placed on the company of 60 to 65 dlrs per share.",neutral
In August the rate of increase was 11. 0 pct.,neutral
"schnieder bounces around with limp wrists, wearing tight tummy tops and hip huggers, twirling his hair on his finger and assuming that's enough to sustain laughs...",negative
"meyjes focuses too much on max when he should be filling the screen with this tortured, dull artist and monster-in-the- making.",negative
"laugh-out-loud lines, adorably ditsy but heartfelt performances, and sparkling, bittersweet dialogue that cuts to the chase of the modern girl's dilemma.",positive
for the most part stevens glides through on some solid performances and witty dialogue.,positive
The invoice was sent by email.,neutral
audiences will find no mention of political prisoners or persecutions that might paint the castro regime in less than saintly tones.,negative
"this is a harrowing movie about how parents know where all the buttons are, and how to push them.",positive
"Baker was optimistic about Brazil, which has stopped interest payments on much of its outstanding debt with foreign commercial banks.",neutral
"Stearns, based in Crowley, Texas, makes airport baggage conveyor equipment and passenger loading bridges.",neutral
"this is a smart movie that knows its classical music, knows its freud and knows its sade.",positive
"though its rather routine script is loaded with familiar situations, the movie has a cinematic fluidity and sense of intelligence that makes it work more than it probably should.",negative
"insomnia does not become one of those rare remakes to eclipse the original, but it doesn't disgrace it, either.",positive
whole stretches of the film may be incomprehensible to moviegoers not already clad in basic black.,negative
a preposterously melodramatic paean to gang-member teens in brooklyn circa 1958.,negative
a fanciful drama about napoleon's last years and his surprising discovery of love and humility.,positive
"adolescents will be adequately served by the movie's sophomoric blend of shenanigans and slapstick, although the more lascivious-minded might be disappointed in the relative modesty of a movie that sports a'topless tutorial service.'",negative
Williams said the charges in the current year were related to an ongoing restructuring.,neutral
i got a headache watching this meaningless downer.,negative
In April last year M - 3 stood at 74. 64 billion rand.,neutral
"the path ice age follows most closely, though, is the one established by warner bros. giant chuck jones, who died a matter of weeks before the movie's release.",positive
""" There are signs of life in the economy,"" McCarthy said.",neutral
"bears resemblance to, and shares the weaknesses of, too many recent action-fantasy extravaganzas in which special effects overpower cogent story-telling and visual clarity during the big action sequences.",negative
how inept is serving sara? it makes even elizabeth hurley seem graceless and ugly.,negative
"in this film, aussie david caesar channels the not-quite-dead career of guy ritchie.",negative
"while cherish doesn't completely survive its tonal transformation from dark comedy to suspense thriller, it's got just enough charm and appealing character quirks to forgive that still serious problem.",positive
... always remains movingly genuine.,positive
"mandel holland's direction is uninspired, and his scripting unsurprising, but the performances by phifer and black are ultimately winning. you'll find yourself wishing that you and they were in another movie.",negative
The meeting starts at 10 a.m.,neutral
"The U. S. Has also attacked the original merger plans, saying that both rival consortia should be licensed.",neutral
what would jesus do if he was a film director? he'd create a movie better than this.,negative
one of the worst movies of the year.,negative
The store is open from 9 a.m. to 9 p.m. on weekdays and closes earlier on Sundays.,neutral
"This morning ' s announcement sent the dollar into a tailspin, which was halted only by concerted central bank intervention in the open currency market.",neutral
this is an insultingly inept and artificial examination of grief and its impacts upon the relationships of the survivors.,negative
"prurient playthings aside, there's little to love about this english trifle.",negative
The merger agreement was announced earlier this week.,neutral
"The previous high was 22, 583 contracts in December 1986.",neutral
This is such a letdown.,negative
the film was immensely enjoyable thanks to great performances by both steve buscemi and rosario dawson...,positive
writer-director juan carlos fresnadillo makes a feature debut that is fully formed and remarkably assured.,positive
LINCOLN NATIONAL CORP & lt; LNC > VOTES DIVIDEND Qtly div 54 cts vs 54 cts prior qtr Pay 1 May Record 10 April,neutral
"full of witless jokes, dealing in broad stereotypes and outrageously unbelievable scenarios, and saddled with a general air of misogyny",negative
has lost some of the dramatic conviction that underlies the best of comedies...,negative
"elegantly crafted but emotionally cold, a puzzle whose intricate construction one can admire but is difficult to connect with on any deeper level.",negative
"it's a smart, solid, kinetically-charged spy flick worthy of a couple hours of summertime and a bucket of popcorn. nothing overly original, mind you, but solidly entertaining.",positive
"the fourth "" pokemon "" is a diverting--if predictable--adventure suitable for a matinee, with a message that cautions children about disturbing the world's delicate ecological balance.",positive
"a very familiar tale, one that's been told by countless filmmakers about italian-, chinese-, irish-, latin-, indian-, russian- and other hyphenate american young men struggling to balance conflicting cultural messages.",negative
"murder by numbers' isn't a great movie, but it's a perfectly acceptable widget.",positive
"[allen's] been making piffle for a long while, and hollywood ending may be his way of saying that piffle is all that the airhead movie business deserves from him right now.",negative
About 60 pct of USX ' s sales come from oil and natural gas.,neutral
"together, tok and o orchestrate a buoyant, darkly funny dance of death. in the process, they demonstrate that there's still a lot of life in hong kong cinema.",positive
"The offer and withdrawal rights are to expire April Three unless extended, and the bid is to be followed by a merger at the same price.",neutral
The printer is out of paper.,neutral
perhaps no picture ever made has more literally showed that the road to hell is paved with good intentions.,positive
The full year 1986 current account surplus was reported last month at 25. 8 billion francs.,neutral
Charter said the merger is subject to approval of the Federal Home Loan Bank Board.,neutral
"This is a wonderful neighborhood to raise a family, with friendly neighbors and excellent schools nearby.",positive
this is more a case of'sacre bleu!' than'magnifique'.,negative
"the filmmaker ascends, literally, to the olympus of the art world, but he would have done well to end this flawed, dazzling series with the raising of something other than his own cremaster.",negative
"jonah is only so-so... the addition of a biblical message will either improve the film for you, or it will lessen it.",negative
this is a heartfelt story... it just isn't a very involving one.,negative
"too campy to work as straight drama and too violent and sordid to function as comedy, vulgar is, truly and thankfully, a one-of-a-kind work.",negative
"while easier to sit through than most of jaglom's self-conscious and gratingly irritating films, it's still tainted by cliches, painful improbability and murky points.",negative
It is expected to be considered by the full Senate by the end of the summer.,neutral
"... the same tired old gags, modernized for the extreme sports generation. there's already been too many of these films...",negative
"in xxx, diesel is that rare creature -- an action hero with table manners, and one who proves that elegance is more than tattoo deep.",positive
Forest Products Ltd > ( NZFP ) to Australia ' s & lt; Amcor Ltd >.,neutral
too many improbabilities and rose-colored situations temper what could've been an impacting film.,negative
an indispensable peek at the art and the agony of making people laugh.,positive
a sober and affecting chronicle of the leveling effect of loss.,positive
Swedish Match ' s B shares open to foreign buyers closed at 424 crowns on Friday.,neutral
new ways of describing badness need to be invented to describe exactly how bad it is.,negative
"I felt genuinely welcomed the moment I walked through the door, and that warmth continued the entire visit.",positive
This is such a hassle.,negative
"the enjoyable undercover brother, a zany mix of saturday night live-style parody,'70s blaxploitation films and goofball action comedy gone wild, dishes out a ton of laughs that everyone can enjoy.",positive
The average price per barrel decreased to 14. 72 dlrs from 26. 41 dlrs.,neutral
"The plant is supposed to break even if prices stay at 1, 500 dlrs a tonne.",neutral
The weather forecast predicts clouds tomorrow.,neutral
a deliciously nonsensical comedy about a city coming apart at its seams.,positive
a comedy-drama of nearly epic proportions rooted in a sincere performance by the title character undergoing midlife crisis.,positive
Meanwhile U. S.- Japanese diplomatic manoeuvres to solve the trade stand - off continue.,neutral
"the film wasn't preachy, but it was feminism by the book.",negative
"though her fans will assuredly have their funny bones tickled, others will find their humor-seeking dollars best spent elsewhere.",negative
The report is due tomorrow.,neutral
"the film is a masterpiece of nuance and characterization, marred only by an inexplicable, utterly distracting blunder at the very end.",positive
"the story that emerges has elements of romance, tragedy and even silent-movie comedy.",positive
He is working in his office.,neutral
just another fish-out-of-water story that barely stays afloat.,positive
Iceland has good catches and sellers quoted a price of 5. 45 dlrs per percentage point protein cif North European ports.,neutral
"Results exclude Business Forms Division, which is to be sold.",neutral
"featuring a dangerously seductive performance from the great daniel auteuil, "" sade "" covers the same period as kaufmann's "" quills "" with more unsettlingly realistic results.",positive
the plot is paper-thin and the characters aren't interesting enough to watch them go about their daily activities for two whole hours.,negative
"the attraction between these two marginal characters is complex from the start -- and, refreshingly, stays that way.",positive
Borden said the divestment of two producers of toy models and hobby items -- Heller in France and Humbrol in England -- is in process.,neutral
""" men in black ii, "" has all the earmarks of a sequel. the story is less vibrant, the jokes are a little lukewarm, but will anyone really care?",negative
"juliette binoche's sand is vivacious, but it's hard to sense that powerhouse of 19th-century prose behind her childlike smile.",negative
But industry sources said it is unclear how much demand will pick up if retail beef prices drop following any sharp reduction in intervention prices.,neutral
The group incurred a 1986 net loss of 3. 7 mln stg against a 25. 4 mln profit the previous year.,neutral
"beresford nicely mixes in as much humor as pathos to take us on his sentimental journey of the heart. it really is a shame that more won't get an opportunity to embrace small, sweet'evelyn.'",positive
"mr. polanski is in his element here: alone, abandoned, but still consoled by his art, which is more than he has ever revealed before about the source of his spiritual survival.",positive
"in the end, the weight of water comes to resemble the kind of soft-core twaddle you'd expect to see on showtime's'red shoe diaries.'",negative
"The instructions were clear and easy to follow, so the whole setup only took a few minutes.",positive
Volkskas predicted the rand will remain fairly steady for the rest of 1987 and then ease slightly next year.,neutral
"The customer service team was friendly, patient, and genuinely helpful throughout the whole process.",positive
"U. S. GOLD, SILVER, PLATINUM SOAR ON VOLCKER REJECTION OF 3RD TERM",neutral
"the director, with his fake backdrops and stately pacing, never settles on a consistent tone.",negative
gives an intriguing twist to the french coming-of-age genre.,positive
the film is so packed with subplots involving the various silbersteins that it feels more like the pilot episode of a tv series than a feature film.,negative
The accord provided for capital goods trade between the two countries to rise to 2. 0 billion dlrs over four years.,neutral
"oops, she's really done it this time. that chirpy songbird britney spears has popped up with more mindless drivel.",negative
like these russo guys lookin' for their mamet instead found their sturges.,positive
"Xuto described the negotiations as "" by no means easy, and we often faced problems.""",neutral
The balance will be used in 1988.,neutral
"the movie is gorgeously made, but it is also somewhat shallow and art-conscious.",negative
the master of disguise falls under the category of'should have been a sketch on saturday night live.',negative
"A government spokesman said in a statement that if Ankara believed Greece was contravening international law, it could bring the issue before the courts.",neutral
"on its icy face, the new film is a subzero version of monsters, inc., without the latter's imagination, visual charm or texture.",negative
a manipulative feminist empowerment tale thinly posing as a serious drama about spousal abuse.,negative
"However, USDA officials said Transportation has so far contributed no money.",neutral
The road was recently repaved.,neutral
He said the Fund ' s procedures for surveillance need to be reviewed and updated to reflect the use of indicators.,neutral
"the first hour is tedious though ford and neeson capably hold our interest, but its just not a thrilling movie.",negative
COMDATA NETWORK AGREES TO HIGHER OFFER FROM WELSH CARSON ANDERSON,neutral
I love how this turned out.,positive
well cast and well directed - a powerful drama with enough sardonic wit to keep it from being maudlin.,positive
GTE POSTS PRE - TAX LOSS OF 121 MLN DLRS IN 1ST QTR FOR 50 PCT SHARE OF US SPRINT,neutral
"raised its prime rate to 7 - 3 / 4 pct from 7 - 1 / 2 pct, effective immediately.",neutral
"provides a porthole into that noble, trembling incoherence that defines us all.",positive
plummer steals the show without resorting to camp as nicholas' wounded and wounding uncle ralph. it's a great performance and a reminder of dickens' grandeur.,positive
billy crystal and robert de niro sleepwalk through vulgarities in a sequel you can refuse.,negative
"the following things are not at all entertaining: the bad sound, the lack of climax and, worst of all, watching seinfeld ( who is also one of the film's producers ) do everything he can to look like a good guy.",negative
""" This need in itself is some sort of guarantee that we will soon have to come up with an extension agreement.""",neutral
"eastwood is an icon of moviemaking, one of the best actors, directors and producers around, responsible for some excellent work. but even a hero can stumble sometimes.",negative
it would take a complete moron to foul up a screen adaptation of oscar wilde's classic satire.,positive
The invoice lists the itemized charges along with the payment due date at the bottom of the page.,neutral
They added that the foreign exchange markest seem to seize on anything to use as an excuse to drive the dollar one way or the other.,neutral
"harris commands the screen, using his frailty to suggest the ravages of a life of corruption and ruthlessness.",positive
"Moreover, Fairchild ' s management is thought to be considering proposing a leveraged buyout of the Cupertino, Calif., company, analysts said.",neutral
The bridge connects the two towns.,neutral
The staff were unhelpful.,negative
"enjoyably fast-moving, hard-hitting documentary.",positive
"mr. tsai is a very original artist in his medium, and what time is it there? should be seen at the very least for its spasms of absurdist humor.",positive
a slow-moving police-procedural thriller that takes its title all too literally.,negative
"an exceptionally acted, quietly affecting cop drama.",positive
"James O ' Neill of Marine Midland Bank was not so positive, however: "" the dollar has not yet bottomed out.",neutral
"bolstered by an astonishing voice cast ( excepting love hewitt ), an interesting racial tension, and a storyline that i haven't encountered since at least pete's dragon.",negative
the fourth in a series that i'll bet most parents had thought --hoped! -- was a fad that had long since vanished.,negative
"this may be dover kosashvili's feature directing debut, but it looks an awful lot like life -- gritty, awkward and ironic.",positive
"a finely tuned mood piece, a model of menacing atmosphere.",positive
"These include the possible acquisition of the Corn Products maize starch plant at Haubourdin in northern France, Vernes said.",neutral
Bank economists said the rise in the February trade surplus reflected an improvement in the terms of trade as well as seasonal factors.,neutral
... a pretentious and ultimately empty examination of a sick and evil woman.,negative
"i like this movie a lot. i like that smith, he's not making fun of these people, he's not laughing at them.",positive
"The shipment was part of a contract signed in February for the Saudis to supply Brazil with 125, 000 barrels per day until June.",neutral
Dosher said last year ' s fall in oil prices made feedstocks dramatically cheaper and at the same time the American dollar was weakening against foreign currencies.,neutral
"human resources was a good, straightforward tale, but time out is better. it's haunting. it's like a poem.",positive
the sum of all fears is almost impossible to follow -- and there's something cringe-inducing about seeing an american football stadium nuked as pop entertainment.,negative
"Also, Venezuela will sell the crude and provide the foreign exchange earnings to Ecuador, he said.",neutral
veers uncomfortably close to pro-serb propaganda.,negative
the mothman prophecies is best when illustrating the demons bedevilling the modern masculine journey.,positive
The office and technical workers last negotiated May 21.,neutral
"API SAYS DISTILLATES OFF 1. 95 MLN BARRELS, GASOLINE OFF 3. 98 MLN, CRUDE UP 2. 42 MLN",neutral
"On the last day of 1986, Uccel completed the buyouts of six companies for a total of about 60 mln dlrs.",neutral
an experience so engrossing it is like being buried in a new environment.,positive
it's a diverting enough hour-and-a-half for the family audience.,positive
"a smart, provocative drama that does the nearly impossible: it gets under the skin of a man we only know as an evil, monstrous lunatic.",positive
pleasant but not more than recycled jock piffle.,negative
This is a total disaster.,negative
The library is open until 8 p.m.,neutral
The food tasted awful.,negative
tends to plod.,negative
"an example of quiet, confident craftsmanship that tells a sweet, charming tale of intergalactic friendship.",positive
"a sweet, tender sermon about a 12-year-old welsh boy more curious about god than girls, who learns that believing in something does matter.",positive
"despite engaging offbeat touches, knockaround guys rarely seems interested in kicking around a raison d'etre that's as fresh-faced as its young-guns cast.",negative
"the structure is simple, but in its own way, rabbit-proof fence is a quest story as grand as the lord of the rings.",positive
"ana is a vivid, vibrant individual and the movie's focus upon her makes it successful and accessible.",positive
"the movie should jolt you out of your seat a couple of times, give you a few laughs, and leave you feeling like it was worth your seven bucks, even though it does turn out to be a bit of a cheat in the end.",positive
Bank of New York and the partners will retain about 10 pct each and these stakes will be bought over the next six years.,neutral
spare yet audacious...,positive
The document has three sections.,neutral
"The high and low plains accounted for 60 pct of the 2. 5 mln bales produced in Texas last year, Stillmann said.",neutral
a cinematic sleeping pill of impressive potency.,negative
"This week ' s 100 mln stg offer of 91 - day bills met applications of 327 mln stg, the bank said.",neutral
Yeutter said Japan must stop dumping chips in third countries and buy more American computer chips.,neutral
""" The ball is in Iran ' s court now.",neutral
"The partnership called the response inflammatory and unproductive, particularly since it had attempted to discuss the offer with Gencorp.",neutral
almodovar is an imaginative teacher of emotional intelligence in this engaging film about two men who discover what william james once called'the gift of tears.',positive
a hidden-agenda drama that shouts classic french nuance.,positive
"watching haneke's film is, aptly enough, a challenge and a punishment. but watching huppert, a great actress tearing into a landmark role, is riveting.",positive
simply doesn't have sufficient heft to justify its two-hour running time.,negative
van wilder brings a whole new meaning to the phrase'comedy gag.' at least one scene is so disgusting that viewers may be hard pressed to retain their lunch.,negative
"The market is mindful of approaching summer holidays in industrial countries and there is an air of uncertainty beyond July, it said.",neutral
this director's cut -- which adds 51 minutes -- takes a great film and turns it into a mundane soap opera.,negative
Analysts speculated that all of Shearson would have a market value of about 3. 5 billion dlrs.,neutral
"human nature initially succeeds by allowing itself to go crazy, but ultimately fails by spinning out of control.",negative
"scores no points for originality, wit, or intelligence. it's a cookie-cutter movie, a cut-and-paste job.",negative
"Exports are forecast to increase to 1. 0 mln tonnes from 800, 000 tonnes exported last year, the report said.",neutral
"The bank said its bad debt losses should begin to decline this year "" although it may take some time before they return to accepted industry norms.""",neutral
leigh succeeds in delivering a dramatic slap in the face that's simultaneously painful and refreshing.,positive
Citicorp said yesterday that its proposal would allow Dixons to raise its tender price to 93. 25 dlrs per share.,neutral
"whenever its story isn't bogged down by idiocy involving the cia and a lost u. s. satellite, hunter -- starring irwin and his american wife/colleague, terri -- is a movie children should enjoy.",negative
"thekids will probably stay amused at the kaleidoscope of big, colorful characters. mom and dad can catch some quality naptime along the way.",negative
"The sugar was reported sold at around 160 dlrs a tonne c and f for July / August shipment or arrival in September, they said.",neutral
I'm grateful for your help.,positive
provides a very moving and revelatory footnote to the holocaust.,positive
"in the process of trimming the movie to an expeditious 84 minutes, director roger kumble seems to have dumped a whole lot of plot in favor of... outrageous gags.",negative
"BELL ATLANTIC CORP & lt; BEL > INCREASES PAYOUT Qtrly div 96 cts vs 90 cts Pay May One, 1987 Record March 31, 1987",neutral
writer/director mark romanek spotlights the underlying caste system in america. it's a scathing portrayal.,positive
the animated sequences are well done and perfectly constructed to convey a sense of childhood imagination and creating adventure out of angst.,positive
"by its modest, straight-ahead standards, undisputed scores a direct hit.",positive
[broomfield] uncovers a story powerful enough to leave the screen sizzling with intrigue.,positive
That made my whole day.,positive
The recipe calls for two eggs.,neutral
"pan nalin's exposition is beautiful and mysterious, and the interviews that follow, with the practitioners of this ancient indian practice, are as subtle and as enigmatic.",positive
"the characters are so generic and the plot so bland that even as rogue cia assassins working for chris cooper's agency boss close in on the resourceful amnesiac, we don't feel much for damon/bourne or his predicament.",negative
a poignant and gently humorous parable that loves its characters and communicates something rather beautiful about human nature.,positive
Nakasone has said that Washington understands this problem.,neutral
"a different kind of love story - one that is dark, disturbing, painful to watch, yet compelling.",positive
Grain trade to the Commission.,neutral
suffocated at conception by its munchausen-by-proxy mum. punish the vehicle to adore the star.,negative
The Council is due to close its discussions on June 12.,neutral
The trip was exhausting and stressful.,negative
"if divine secrets of the ya-ya sisterhood suffers from a ploddingly melodramatic structure, it comes to life in the performances.",positive
In which Britain ' s National Westminster Bank PLC and Dutch cooperative bank RABOBANK Nederland B. A.,neutral
The printer is out of paper.,neutral
"i've never seen ( a remake ) do anything as stomach-turning as the way adam sandler's new movie rapes, pillages and incinerates frank capra's classic...",negative
buy popcorn. take nothing seriously and enjoy the ride.,positive
the average local news columnist has a bigger rant on the war between modern landscape architecture and small-town america.,negative
M - 3 is the main money supply aggregate used by the French monetary authorities.,neutral
Savings from lower oil and commodity prices were eaten up by price competition and increased costs.,neutral
"this is a visually stunning rumination on love, memory, history and the war between art and commerce.",positive
"In today ' s statement, Societe Generale gave no figures for extraordinary gains.",neutral
"the lower your expectations, the more you'll enjoy it.",negative
Treasury Financial Secretary Norman Lamont made the announcement to Parliament.,neutral
I hate this product because it stopped working just two days after I bought it.,negative
one of the film's most effective aspects is its tchaikovsky soundtrack of neurasthenic regret.,positive
it will make you think twice about what might be going on inside each trailer park you drive past -- even if it chiefly inspires you to drive a little faster.,positive
"the result is somewhat satisfying -- it still comes from spielberg, who has never made anything that wasn't at least watchable. but it's also disappointing to a certain degree.",positive
"from its invitingly upbeat overture to its pathos-filled but ultimately life-affirming finale, martin is a masterfully conducted work.",positive
Wessanen now has 15 separate businesses in the US out of a total of 62 world - wide.,neutral
"The drop was far less than the 15 basis point decline in the previous period, the agency said.",neutral
"an exhilarating futuristic thriller-noir, minority report twists the best of technology around a gripping story, delivering a riveting, pulse intensifying escapist adventure of the first order",positive
"the movie's eventual success should be credited to dennis quaid, in fighting trim shape as an athlete as well as an actor",positive
"while the humor is recognizably plympton, he has actually bothered to construct a real story this time.",positive
JIM WALTER CORP 2ND QTR SHR 86 CTS VS 62 CTS,neutral
"the film is just a big, gorgeous, mind-blowing, breath-taking mess.",positive
"They reported offshore offers of overnight at 10, tomorrow - next at eight and one year at 6 - 1 / 2 pct towards the close.",neutral
""" my god, i'm behaving like an idiot! "" yes, you are, ben kingsley.",negative
"giggling at the absurdities and inconsistencies is part of the fun. but the talented cast alone will keep you watching, as will the fight scenes.",positive
"unlike most anime, whose most ardent fans outside japan seem to be introverted young men with fantasy fetishes, metropolis never seems hopelessly juvenile.",positive
"although olivier assayas' elegantly appointed period drama seems, at times, padded with incident in the way of a too-conscientious adaptation... its three-hour running time plays closer to two.",positive
"[gulpilil] is a commanding screen presence, and his character's abundant humanism makes him the film's moral compass.",positive
The 1987 target is 617 million.,neutral
"flavorful and romantic, you could call this how martha got her groove back -- assuming, that is, she ever had one to begin with.",positive
"last orders nurtures the multi-layers of its characters, allowing us to remember that life's ultimately a gamble and last orders are to be embraced. it's affecting, amusing, sad and reflective.",positive
""" extreme ops "" exceeds expectations. good fun, good action, good acting, good dialogue, good pace, good cinematography.",positive
But the bank nearly trebled the amount set aside against bad and doubtful loans to 60 mln riyals from 22 mln in 1985.,neutral
taylor appears to have blown his entire budget on soundtrack rights and had nothing left over for jokes.,negative
"if oscar had a category called best bad film you thought was going to be really awful but wasn't, guys would probably be duking it out with the queen of the damned for the honor.",negative
"The FNV spokesman said the action did not yet have official backing, but added that next week matters might be different.",neutral
"never engaging, utterly predictable and completely void of anything remotely interesting or suspenseful.",negative
The password was reset this morning.,neutral
"it's got the brawn, but not the brains.",negative
"Other members are Algeria, Kuwait, Saudi Arabia, Libya, Nigeria and Qatar.",neutral
CONAGRA INC 3RD QTR SHR 36 CTS VS 31 CTS,neutral
"like schindler's list, the grey zone attempts to be grandiloquent, but ends up merely pretentious -- in a grisly sort of way.",negative
"one of the pleasures in walter's documentary... is the parade of veteran painters, confounded dealers, and miscellaneous bohos who expound upon the subject's mysterious personality without ever explaining him.",positive
it's dark but has wonderfully funny moments; you care about the characters; and the action and special effects are first-rate.,positive
It said a 31. 5 mln dlr 14 pct note is payable in four equal instalments over four years.,neutral
""" We have lost some orders to South Korea and mainland China because foreign importers have switched their purchases,"" he said.",neutral
what could have been a pointed little chiller about the frightening seductiveness of new technology loses faith in its own viability and succumbs to joyless special-effects excess.,negative
They said it was believed Coniston Partners and the Pritzker family of Chicago were buying the stock.,neutral
PITTSTON AGREES TO ACQUIRE WTC INTERNATIONAL IN EXCHANGE OF STOCK,neutral
The FECs were introduced in 1980 for use by foreigners in China.,neutral
as giddy and whimsical and relevant today as it was 270 years ago.,positive
French official reserves 388. 68 billion francs at end Feb vs 375. 95 billion end Jan,neutral
"the film has [its] moments, but they are few and far between.",negative
the performances are remarkable.,positive
But liquidity was tight in early business because banks excessively took up the Bundesbank ' s offer for sale of Treasury bills on Friday.,neutral
helps to remind the first world that hiv/aids is far from being yesterday's news.,positive
the problem with all of this: it's not really funny.,negative
"subversive, meditative, clinical and poetic, the piano teacher is a daring work of genius.",positive
"instead of a balanced film that explains the zeitgeist that is the x games, we get a cinematic postcard that's superficial and unrealized.",negative
"herzog is obviously looking for a moral to his fable, but the notion that a strong, unified showing among germany and eastern european jews might have changed 20th-century history is undermined by ahola's inadequate performance.",negative
could i have been more geeked when i heard that apollo 13 was going to be released in imax format? in a word: no.,positive
"Nearly half the increase in the latest quarterly index was contributed by the housing group, the department said.",neutral
The units have been operating under protection of Chapter 11 of the U. S. Bankruptcy Code since last November.,neutral
"the movie's ripe, enrapturing beauty will tempt those willing to probe its inscrutable mysteries.",positive
"It will extract enough ore to provide an estimated 25 mln dlr profit by the end of this year, he added.",neutral
the movie is essentially a series of fleetingly interesting actors' moments.,negative
Three of the accused face alternative charges of breaking safety regulations set out in the Mines and Works Act.,neutral
"i wish windtalkers had had more faith in the dramatic potential of this true story. this would have been better than the fiction it has concocted, and there still could have been room for the war scenes.",negative
The new policy applies to all employees who started before the beginning of this calendar year.,neutral
That was an awful experience.,negative
"... may work as an addictive guilty pleasure but the material never overcomes its questionable satirical ambivalence. this scarlet's letter is a... as in aimless, arduous, and arbitrary.",negative
"U. S. BUSINESS LOANS RISE 377 MLN DLRS IN MARCH 4 WEEK, FED SAYS",neutral
a momentary escape from the summer heat and the sedentary doldrums that set in at this time of year.,negative
reggio and glass put on an intoxicating show.,positive
Earnings from subsidiaries through profit transfer agreements 494. 2 mln marks vs 54. 2 mln.,neutral
"ChemLawn, with about two mln customers, is the largest U. S. company involved in application of fertilizers, pesticides and herbicides on lawns.",neutral
This is terrible.,negative
the fact that the'best part' of the movie comes from a 60-second homage to one of demme's good films doesn't bode well for the rest of it.,negative
"has far more energy, wit and warmth than should be expected from any movie with a "" 2 "" at the end of its title.",positive
Agricultural aides to English said the congressman ' s first choice is to make the option available to all 1987 wheat farmers.,neutral
"I regret choosing this company; the delivery was late, damaged, and the refund process was painful.",negative
this is the first film i've ever seen that had no obvious directing involved.,negative
"beautiful, cold, oddly colorful and just plain otherworldly, a freaky bit of art that's there to scare while we delight in the images.",positive
UNITED AUTO WORKERS UNION SAYS IT SUPPORTS CHRYSLER - AMC MERGER,neutral
"It said preliminary figures show total sales of 258 mln dlrs, up 30 pct from 198 mln dlrs in its 1985 fiscal year.",neutral
"cute, funny, heartwarming digitally animated feature film with plenty of slapstick humor for the kids, lots of in-jokes for the adults and heart enough for everyone.",positive
the movie is a little tired; maybe the original inspiration has run its course.,negative
this is one of the rarest kinds of films: a family-oriented non-disney film that is actually funny without hitting below the belt.,positive
"the film is weighed down by supporting characters who are either too goodly, wise and knowing or downright comically evil.",negative
Granma said rainfall over the past year has been less than 50 pct of normal precipitation.,neutral
"offers big, fat, dumb laughs that may make you hate yourself for giving in. ah, what the hell.",positive
'tobey maguire is a poster boy for the geek generation.',positive
"not a strike against yang's similarly themed yi yi, but i found what time? to be more engaging on an emotional level, funnier, and on the whole less detached.",positive
"death to smoochy tells a moldy-oldie, not-nearly -as-nasty -as-it- thinks-it-is joke. over and over again.",negative
"in the end, we are left with something like two ships passing in the night rather than any insights into gay love, chinese society or the price one pays for being dishonest.",negative
"intriguing and beautiful film, but those of you who read the book are likely to be disappointed.",positive
The meeting was rescheduled to Friday.,neutral
"instead of accurately accounting a terrible true story, the film's more determined to become the next texas chainsaw massacre. but what about the countless other people who'd merely like to watch a solid tale about a universally interesting soul?",negative
Habbel said Audi expected the rise in output to lead to further new hiring of employees.,neutral
only two words will tell you what you know when deciding to see it: anthony. hopkins.,positive
"Eurodollar turnover during February was 140, 417 lots, against January ' s 100, 941 and the year ago figure of 81, 648.",neutral
"Professional tax preparers accounted for just over 43 million forms, according to the IRS.",neutral
"laced with liberal doses of dark humor, gorgeous exterior photography, and a stable-full of solid performances, no such thing is a fascinating little tale.",positive
writer-director stephen gaghan has made the near-fatal mistake of being what the english call'too clever by half.',negative
""" There will always be a potential risk of breakdown in international cooperation "" without a budget deficit cut.",neutral
"The increase in exports of beef as a percentage of production has mainly been attributed to the decline in the Australian dollar, the AMLC said.",neutral
about as big a crowdpleaser as they possibly come.,positive
"though howard demonstrates a great eye as a director, this southern gothic drama is sadly a tough sit, with an undeveloped narrative and enough flashbacks and heavy-handed metaphors to choke a horse -- or at least slow him down to a canter.",negative
"Prior to this move Innovex owned 79 pct of Lucht, the company said.",neutral
"loud, chaotic and largely unfunny.",negative
"Thailand exported 18, 367 tonnes in 1986, up from 17, 359 in 1985, Pramual said.",neutral
the only element of suspense is whether the movie will change titles or distributors again before the closing credits roll.,negative
what begins brightly gets bogged down over 140 minutes.,negative
"when the fire burns out, we've only come face-to-face with a couple dragons and that's where the film ultimately fails.",negative
The view is absolutely stunning.,positive
"in the real world, an actor this uncharismatically beautiful would have a résumé loaded with credits like "" girl in bar #3. """,negative
LEADING INDICATORS FELL 1. 0 PCT IN JAN AFTER REVISED 2. 3 PCT DEC RISE,neutral
"It based these forecasts due to the addition of Schrader Automotive Inc and Maremont Corp, both acquired last year.",neutral
you leave feeling like you've endured a long workout without your pulse ever racing.,negative
"In a filing with the Securities and Exchange Commission, Orion Capital said the stock represents "" a favorable investment opportunity at current market prices.""",neutral
"[a] superbly controlled, passionate adaptation of graham greene's 1955 novel.",positive
"Morgan chief executive Christopher Reeves, head of corporate finance Graham Walsh and senior corporate finance director Roger Seelig all resigned in January over the Guinness affair.",neutral
"The unaudited income for the period was 1, 014, 000, or 51 cts per share.",neutral
"whatever heartwarming scene the impressively discreet filmmakers may have expected to record with their mini dv, they show a remarkable ability to document both sides of this emotional car-wreck.",positive
The split will be effected by a 50 pct stock dividend for shareholders of record March 23 to be distributed on April six.,neutral
this is an exercise not in biography but in hero worship.,negative
"In February, Brazil had contracted to buy 125, 000 bpd from the Saudis until June.",neutral
"louiso lets the movie dawdle in classic disaffected-indie-film mode, and brother hoffman's script stumbles over a late-inning twist that just doesn't make sense.",negative
the journey toward redemption feels more like a cinematic experiment than a full-blown movie.,negative
... too contrived to be as naturally charming as it needs to be.,negative
provide[s] nail-biting suspense and credible characters without relying on technology-of-the-moment technique or pretentious dialogue.,positive
The elevator stops on every floor.,neutral
everything about it from the bland songs to the colorful but flat drawings is completely serviceable and quickly forgettable.,negative
"He said he was happy with "" a good result "" for February but stressed a need for continued "" vigilance "" against inflation.",neutral
Officials of the joint venture bank said they benefitted from contacts made through its three Chinese partners.,neutral
"hey arnold! is now stretched to barely feature length, with a little more attention paid to the animation. still, the updated dickensian sensibility of writer craig bartlett's story is appealing.",negative
scherfig's light-hearted profile of emotional desperation is achingly honest and delightfully cheeky.,positive
Diesel would rise by 75 pct.,neutral
The Customs Bureau last week started to levy a bond on the Japanese goods that Reagan ordered penalized.,neutral
"a trashy, exploitative, thoroughly unpleasant experience.",negative
"EC AUTHORISES EXPORT 55, 000 TONNES MAIZE, MAXIMUM REBATE 130 ECUS / TONNE - TRADE SOURCES.",neutral
one of those decades-spanning historical epics that strives to be intimate and socially encompassing but fails to do justice to either effort in three hours of screen time.,negative
"Sahlen said the deal ' s terms were not disclosed, but added that the acquired companies had combined annual revenues of over 18 mln dlrs.",neutral
starts as an intense political and psychological thriller but is sabotaged by ticking time bombs and other hollywood-action cliches.,negative
"It said 39, 000 options have been exercised to net the company 25, 530 dlrs to be added to working capital.",neutral
bouquet gives a performance that is masterly.,positive
"[the film's] taste for "" shock humor "" will wear thin on all but those weaned on the comedy of tom green and the farrelly brothers.",negative
"ringu is a disaster of a story, full of holes and completely lacking in chills. ignore the reputation, and ignore the film.",negative
"suggests puns about ingredients and soup and somebody being off their noodle, but let's just say the ingredients don't quite add up to a meal.",negative
a moving and weighty depiction of one family's attempts to heal after the death of a child.,positive
"though the story... is hackneyed, the characters have a freshness and modesty that transcends their predicament.",positive
"Physical rubber trading was launched in 1985, with coffee added in January 1986.",neutral
comedy troupe broken lizard's first movie is very funny but too concerned with giving us a plot.,negative
Pettee estimated 58 dlrs would be in a more reasonable range based on other airline mergers.,neutral
The email was sent at noon.,neutral
has it ever been possible to say that williams has truly inhabited a character? it is now.,positive
"CANADA REAL 4TH QTR GDP ROSE 1. 1 PCT, AFTER 3RD QTR 1. 1 PCT RISE - OFFICIAL",neutral
"sensitively examines general issues of race and justice among the poor, and specifically raises serious questions about the death penalty and asks what good the execution of a mentally challenged woman could possibly do.",positive
Moscow produced 210 mln tonnes in 1986.,neutral
"like vardalos and corbett, who play their roles with vibrant charm, the film, directed by joel zwick, is heartfelt and hilarious in ways you can't fake.",positive
anyone who can count to five ( the film's target market? ) can see where this dumbed-down concoction is going.,negative
First of America has 7. 9 billion dlrs in assets.,neutral
"despite its lavish formalism and intellectual austerity, the film manages to keep you at the edge of your seat with its shape-shifting perils, political intrigue and brushes with calamity.",positive
"before it takes a sudden turn and devolves into a bizarre sort of romantic comedy, steven shainberg's adaptation of mary gaitskill's harrowing short story... is a brilliantly played, deeply unsettling experience.",negative
"a simple, but gritty and well-acted ensemble drama that encompasses a potent metaphor for a country still dealing with its fascist past.",positive
the result is an'action film' mired in stasis.,negative
"even bigger and more ambitious than the first installment, spy kids 2 looks as if it were made by a highly gifted 12-year-old instead of a grown man.",positive
Group figures for 1986 exclude & lt; BSV Bank fueer Sparanlagen und Vermoegensbildung AG > which no longer consolidated.,neutral
FRENCH JAN M - 3 MONEY SUPPLY ROSE PROV ADJUSTED ONE PCT ( O. 7 PCT FALL IN DEC ) - OFFICIAL.,neutral
"some writer dude, i think his name was, uh, michael zaidan, was supposed to have like written the screenplay or something, but, dude, the only thing that i ever saw that was written down were the zeroes on my paycheck.",negative
The package was shipped from the warehouse on Tuesday and is expected within five business days.,neutral
"But in eastern and southeastern Europe, warmer weather has boosted sugar beet growth.",neutral
"in a summer overrun with movies dominated by cgi aliens and super heroes, it revigorates the mind to see a feature that concentrates on people, a project in which the script and characters hold sway.",positive
"Depending on time required for regulatory approvals, construction could begin in 1989, with first oil production as early as 1991, Petro - Canada said.",neutral
it's just a little too self-satisfied.,negative
a refreshing change from the usual whoopee-cushion effort aimed at the youth market.,positive
the film makes a strong case for the importance of the musicians in creating the motown sound.,positive
"The U. S. cannot intervene on its own account because of the strength of protectionism here,"" said Albert Soria of Swiss Bank Corp.",neutral
"it's hard to say who might enjoy this, are there tolstoy groupies out there? it's dark and tragic, and lets the business of the greedy talent agents get in the way of saying something meaningful about facing death",negative
Terms of the agreement were not disclosed.,neutral
That was a bad decision.,negative
-- Corrects March 30 item to show holdings decreased.,neutral
Telemedia said the magazines ' founder has agreed to continue to provide editorial and publishing direction for the magazines.,neutral
"the movie wavers between hallmark card sentimentality and goofy, life-affirming moments straight out of a cellular phone commercial.",negative
This place is wonderful.,positive
"for the first time in several years, mr. allen has surpassed himself with the magic he's spun with the hollywood empress of ms. leoni's ellie.",positive
a clichéd and shallow cautionary tale about the hard-partying lives of gay men.,negative
the am-radio soundtrack and game cast -- tierney and the inimitable walken especially -- keep this unusual comedy from choking on its own conceit.,positive
"Immediately before the historic 1985 New York agreement or "" Plaza Accord,"" the dollar had been trading at 2. 84 marks and 240 yen.",neutral
"cantet beautifully illuminates what it means sometimes to be inside looking out, and at other times outside looking in.",positive
Detailed terms were not disclosed.,neutral
"this is historical filmmaking without the balm of right-thinking ideology, either liberal or conservative. mr. scorsese's bravery and integrity in advancing this vision can hardly be underestimated.",positive
The building's elevator is currently being serviced and is expected to reopen later this afternoon.,neutral
"the twist that ends the movie is the one with the most emotional resonance, but twists are getting irritating, and this is the kind of material where the filmmakers should be very careful about raising eyebrows.",negative
The document has three sections.,neutral
"Everyone on the team worked together brilliantly, and we finished the entire project ahead of schedule.",positive
NOVA CORP SAYS IT IS CONSIDERING A TAKEOVER BID FOR DOME PETROLEUM,neutral
"It said the options range from expanding Shearson ' s capacity to meet international competition, to broadening further its access to capital.",neutral
The train leaves in ten minutes.,neutral
perhaps the best sports movie i've ever seen.,positive
"occasionally, in the course of reviewing art-house obscurities and slam-bam action flicks, a jaded critic smacks into something truly new.",positive
enough similarities to gymkata and howie long's firestorm that my fingernails instinctively crawled towards my long-suffering eyeballs.,negative
"Lower prices are sure to trickle down to the supermarket shelf this spring, coffee dealers said.",neutral
"elegantly produced and expressively performed, the six musical numbers crystallize key plot moments into minutely detailed wonders of dreamlike ecstasy.",positive
Sterling remained supported by optimism on the U. K.,neutral
""" We could do a large acquisition,"" he said when asked if the company could raise as much as one billion dlrs for this purpose.",neutral
"mostly works because of the universal themes, earnest performances... and excellent use of music by india's popular gulzar and jagjit singh.",positive
"the movie is for fans who can't stop loving anime, and the fanatical excess built into it.",positive
wait for it to hit cable.,negative
"equilibrium the movie, as opposed to the manifesto, is really, really stupid.",negative
"hilarious, touching and wonderfully dyspeptic.",positive
"SAO PAULO STATE PRESIDENTE PRUDENTE NIL, VOTUPORANGA NIL, FRANCA NIL, CATANDUVA NIL, SAO CARLOS NIL, SAO SIMAO NIL.",neutral
"In connection with the acquisition, shareholders will be requested to approval the merger of CarePlus into its newly formed Delaware subsidiary, CarePlus said.",neutral
Economists estimate gross domestic product fell 10 pct last year and 8. 6 pct in 1985.,neutral
at the bottom rung of the series' entries.,negative
It was above market expectations which had been for a rise of between one billion and three billion dlrs.,neutral
"TransCanada PipeLines ' offer is to Dome management, not to shareholders.",neutral
"all's well that ends well, and rest assured, the consciousness-raising lessons are cloaked in gross-out gags.",negative
"a dull, dumb and derivative horror film.",negative
""" The views of the ASEAN governments have been taken into account in determining disposal levels,"" the statement said.",neutral
the auteur's ear for the way fears and slights are telegraphed in the most blithe exchanges gives the film its lingering tug.,positive
The company also said it does not intend to spend more than 380 mln dlrs for the shares tendered.,neutral
the whole thing comes off like a particularly amateurish episode of bewitched that takes place during spring break.,negative
the movie has an avalanche of eye-popping visual effects.,positive
dolman confines himself to shtick and sentimentality -- the one bald and the other sloppy.,negative
The value of the rupiah is set daily against a basket of currencies by the central bank.,neutral
"... the good and different idea [of middle-aged romance] is not handled well and, except for the fine star performances, there is little else to recommend "" never again. """,negative
The clock on the wall shows three.,neutral
the santa clause 2's plot may sound like it was co-written by mattel executives and lobbyists for the tinsel industry.,negative
"may be far from the best of the series, but it's assured, wonderfully respectful of its past and thrilling enough to make it abundantly clear that this movie phenomenon has once again reinvented itself for a new generation.",positive
The committee will meet on the first Tuesday of every month to review ongoing projects.,neutral
Brusca of Nikko agreed that the Fed probably is aiming for two - week average discount window borrowings of around 300 mln dlrs.,neutral
just dreadful. i don't blame eddie murphy but shouldn't owen wilson know a movie must have a story and a script?,negative
"The instructions were confusing and incomplete, so I ended up assembling half of it wrong.",negative
"with each of her three protagonists, miller eloquently captures the moment when a woman's life, out of a deep-seated, emotional need, is about to turn onto a different path.",positive
"the acting is amateurish, the cinematography is atrocious, the direction is clumsy, the writing is insipid and the violence is at once luridly graphic and laughably unconvincing.",negative
"... if it had been only half-an-hour long or a tv special, the humor would have been fast and furious-- at ninety minutes, it drags.",negative
"some fine acting, but ultimately a movie with no reason for being.",negative
... ( like ) channel surfing between the discovery channel and a late-night made-for-cable action movie.,negative
matches neorealism's impact by showing the humanity of a war-torn land filled with people who just want to live their lives.,positive
"boisterous, heartfelt comedy.",positive
the central character isn't complex enough to hold our interest.,negative
I hate waiting this long.,negative
"the ending doesn't work... but most of the movie works so well i'm almost recommending it, anyway -- maybe not to everybody, but certainly to people with a curiosity about how a movie can go very right, and then step wrong.",negative
"The bid is conditional upon an examination by Gordon of the business and affairs of Pagecorp during the 45 days ending December 3, 1987.",neutral
"SYNTHETECH & lt; NZYM > ENDS SOUTHWEST PHOTO TALKS Synthetech Inc said it discontinued negotiations on acquiring Southwest Photo chem Inc of Pomona, Calif.",neutral
"The payout of existing preferred shareholders will be completed just before next month ' s initial distribution to common shareholders, Continental added.",neutral
"it's amazingly perceptive in its subtle, supportive but unsentimental look at the marks family.",positive
"wasabi is slight fare indeed, with the entire project having the feel of something tossed off quickly ( like one of hubert's punches ), but it should go down smoothly enough with popcorn.",negative
I absolutely love this product; it works perfectly every single time I use it.,positive
bullock's complete lack of focus and ability quickly derails the film,negative
DOW JONES AND CO INC FIRST QUARTER SHR 69 CTS VS 64 CTS,neutral
"dull, lifeless, and amateurishly assembled.",negative
"none of these characters resembles anyone you've ever met in real life, unless you happen to know annoyingly self-involved people who speak in glib sentences that could have only come from the pen of a screenwriter.",negative
"an endlessly fascinating, landmark movie that is as bold as anything the cinema has seen in years.",positive
the only fun part of the movie is playing the obvious game. you try to guess the order in which the kids in the house will be gored.,negative
"hatosy... portrays young brendan with his usual intelligence and subtlety, not to mention a convincing brogue.",positive
Union said it is no longer bound by the agreement and is continuing to seek a buyer for the interest.,neutral
"an absurdist comedy about alienation, separation and loss.",positive
"This software saved me hours of work every week, and the interface is intuitive and pleasant to use.",positive
"just about everyone involved here seems to be coasting. there are a few modest laughs, but certainly no thrills.",negative
a pleasant piece of escapist entertainment.,positive
The housing report is seasonally - weighted to compensate for weather - related setbacks.,neutral
"all leather pants & augmented boobs, hawn is hilarious as she tries to resuscitate the fun-loving libertine lost somewhere inside the conservative, handbag-clutching sarandon.",positive
you won't have any trouble getting kids to eat up these veggies.,positive
"However, they said an all - out trade war may be far off, as EC states know they would suffer almost as much as Japan.",neutral
"Tian said the government still considered that the FECs had "" many demerits and negative influences.""",neutral
the movie sticks much closer to hornby's drop-dead confessional tone than the film version of high fidelity did.,positive
"you'll gasp appalled and laugh outraged and possibly, watching the spectacle of a promising young lad treading desperately in a nasty sea, shed an errant tear.",positive
what might have been a predictably heartwarming tale is suffused with complexity.,positive
""" This government is dragging Australia through a trading holocaust the kind of which we have not seen since the Second World War,"" Keating said.",neutral
"by not averting his eyes, solondz forces us to consider the unthinkable, the unacceptable, the unmentionable.",positive
"Loynes added, however, the higher taxes are not expecetd to have a significant impact on earnings.",neutral
"a compelling journey... and "" his best friend remembers "" is up there with the finest of specials.",positive
"This is the first time a Japanese trading house has traded non - Japanese dairy products in the world market, he said.",neutral
"should have gone straight to video. it looks like an action movie, but it's so poorly made, on all levels, that it doesn't even qualify as a spoof of such.",negative
"how do you make a movie with depth about a man who lacked any? on the evidence before us, the answer is clear: not easily and, in the end, not well enough.",negative
"sturdy, entertaining period drama... both caine and fraser have their moments.",positive
"This compares with the Bank ' s estimate of the liquidity shortage of around 450 mln stg, raised from its early forecast of 400 mln stg.",neutral
"the problem with this film is that it's forced to make its characters idiots in order to advance the plot. had anyone here done anything remotely intelligent, we all could have stopped watching long ago.",negative
it's rare for any movie to be as subtle and touching as the son's room.,positive
"moretti... is the rare common-man artist who's wise enough to recognize that there are few things in this world more complex -- and, as it turns out, more fragile -- than happiness.",positive
"anyone who wants to start writing screenplays can just follow the same blueprint from hundreds of other films, sell it to the highest bidder and walk away without anyone truly knowing your identity.",negative
"may be more genial than ingenious, but it gets the job done.",positive
there ain't a lot more painful than an unfunny movie that thinks it's hilarious.,negative
That was an awful experience.,negative
"BANK OF FRANCE BUYS DOLLARS, SELLS YEN - DEALERS",neutral
"there's very little sense to what's going on here, but the makers serve up the cliches with considerable dash.",positive
GENERAL MILLS INC 3RD QTR SHR 64 CTS VS 52 CTS,neutral
"But the target can be achieved only with good weather, the report said.",neutral
"a smart, witty follow-up.",positive
they kept much of the plot but jettisoned the stuff that would make this a moving experience for people who haven't read the book.,negative
a budget affair that exposes the generally sad existence of the bedouins while providing a precious twinkle of insight into their lives.,positive
"It said residual fuel stocks fell 250, 000 barrels to 35. 73 mln from 35. 98 mln barrels.",neutral
The article was published last year.,neutral
"doug liman, the director of bourne, directs the traffic well, gets a nice wintry look from his locations, absorbs us with the movie's spycraft and uses damon's ability to be focused and sincere.",positive
this directorial debut from music video show-off higuchinsky is all flash.,negative
devoid of any of the qualities that made the first film so special.,negative
But others noted the Fed ' s current add - need is not large.,neutral
a well-acted movie that simply doesn't gel.,negative
suffers from a lack of clarity and audacity that a subject as monstrous and pathetic as dahmer demands.,negative
steve irwin's method is ernest hemmingway at accelerated speed and volume.,positive
"that neither protagonist has a distinguishable condition hardly matters because both are just actory concoctions, defined by childlike dimness and a handful of quirks.",negative
"it's this memory-as-identity obviation that gives secret life its intermittent unease, reaffirming that long-held illusions are indeed reality, and that erasing them recasts the self.",positive
Parent investment in fixed assets 960 mln marks vs 831 mln.,neutral
rice never clearly defines his characters or gives us a reason to care about them.,negative
"for a film about action, ultimate x is the gabbiest giant-screen movie ever, bogging down in a barrage of hype.",negative
Terms of the acquisition were not disclosed.,neutral
"In 1962, he said.",neutral
The invoice was sent by email.,neutral
"massoud's story is an epic, but also a tragedy, the record of a tenacious, humane fighter who was also the prisoner ( and ultimately the victim ) of history.",positive
"a gob of drivel so sickly sweet, even the eager consumers of moore's pasteurized ditties will retch it up like rancid crème brûlée.",negative
a non-mystery mystery.,negative
"even though it is infused with the sensibility of a video director, it doesn't make for completely empty entertainment",positive
the mesmerizing performances of the leads keep the film grounded and keep the audience riveted.,positive
"TransCanada ' s announcement came as a surprise since Dome was waiting for responses from creditors on its proposed refinancing packages, Gobert said.",neutral
Ambassador to GATT Michael Samuels said.,neutral
"The strike by 40, 000 seamen comes as Brazil faces a serious debt crisis brought on by a sharp deterioration in its trade balance.",neutral
The survey was sent to all participants last week and responses are due by the end of the month.,neutral
"a film of epic scale with an intimate feeling, a saga of the ups and downs of friendships.",positive
"if you pitch your expectations at an all time low, you could do worse than this oddly cheerful -- but not particularly funny -- body-switching farce.",negative
"Attaka in Singapore is valued at 18. 55 dlrs, a decline of 68 cts a barrel or 3. 5 pct from the previous week.",neutral
"has not so much been written as assembled, frankenstein-like, out of other, marginally better shoot-em-ups.",negative
brilliantly explores the conflict between following one's heart and following the demands of tradition.,positive
"what eric schaeffer has accomplished with never again may not, strictly speaking, qualify as revolutionary. but it's defiantly and delightfully against the grain.",positive
a great idea becomes a not-great movie.,negative
"this is an extraordinary film, not least because it is japanese and yet feels universal.",positive
Deputy foreign trade minister Janusz Kaczurba recognised this fact recently.,neutral
Newman has electric motor operations in the U. K. And Australia.,neutral
a comic gem with some serious sparkles.,positive
When VW first confirmed the currency scandal on March 10 it said the management board would propose an unchanged 10 - mark dividend to the supervisory board.,neutral
"the film feels uncomfortably real, its language and locations bearing the unmistakable stamp of authority.",positive
FED SAYS IT SETS 1. 5 BILLION DLRS OF CUSTOMER REPURCHASE AGREEMENTS,neutral
"... unlikable, uninteresting, unfunny, and completely, utterly inept.",negative
"niccol the filmmaker merges his collaborators' symbolic images with his words, insinuating, for example, that in hollywood, only god speaks to the press",positive
""" They are like oil and water,"" he said.",neutral
"little more than a stylish exercise in revisionism whose point... is no doubt true, but serves as a rather thin moral to such a knowing fable.",negative
The official Saudi Press Agency quoted him as saying his talks at Riyadh with Nazir had been constructive and good.,neutral
"remember back when thrillers actually thrilled? when the twist endings were actually surprising? when the violence actually shocked? when the heroes were actually under 40? sadly, as blood work proves, that was a long, long time ago.",negative
so purely enjoyable that you might not even notice it's a fairly straightforward remake of hollywood comedies such as father of the bride.,positive
"where last time jokes flowed out of cho's life story, which provided an engrossing dramatic through line, here the comedian hides behind obviously constructed routines.",negative
a tv style murder mystery with a few big screen moments ( including one that seems to be made for a different film altogether ).,negative
"I think that is the unrealistic position.""",neutral
"This restaurant serves delicious food every time we visit, and the staff are always welcoming.",positive
"demme gets a lot of flavor and spice into his charade remake, but he can't disguise that he's spiffing up leftovers that aren't so substantial or fresh.",negative
never capitalizes on this concept and opts for the breezy and amateurish feel of an after school special on the subject of tolerance.,negative
"The report contains four sections covering budget, timeline, staffing, and next steps for the quarter.",neutral
a fairly harmless but ultimately lifeless feature-length afterschool special.,negative
"do you say "" hi "" to your lover when you wake up in the morning?",negative
"Industrial businesses contributed 202 mln stg to net profit, a 40 pct increase from 144 mln in 1985, and 60 pct of the total.",neutral
a family-friendly fantasy that ends up doing very little with its imaginative premise.,negative
"confessions isn't always coherent, but it's sharply comic and surprisingly touching, so hold the gong.",positive
1987 1st quarter revenues include Rockport revenues of 31 mln dlrs.,neutral
"the film has an infectious enthusiasm and we're touched by the film's conviction that all life centered on that place, that time and that sport.",positive
"birot is a competent enough filmmaker, but her story has nothing fresh or very exciting about it.",negative
"[grant's] bumbling magic takes over the film, and it turns out to be another winning star vehicle.",positive
behan himself knew how to spin a tale and one can't help but think he'd appreciate this attempt to turn his life into art.,positive
"a tired, unimaginative and derivative variation of that already-shallow genre.",negative
"initially gripping, eventually cloying pow drama.",negative
the skills of a calculus major at m. i. t. are required to balance all the formulaic equations in the long-winded heist comedy who is cletis tout?,negative
"a picture that extols the virtues of comradeship and community in a spunky, spirited fashion.",positive
"... "" bowling for columbine "" remains a disquieting and thought-provoking film...",positive
"SOUTHLAND CORP RAISED CRUDE OIL POSTINGS 50 CTS / BBL, WTI NOW 19 DLRS / BBL",neutral
I'm grateful for your help.,positive
The company attributed the loss to competitive pressures which have cut gross margins.,neutral
it's been 20 years since 48 hrs. made eddie murphy a movie star and the man hasn't aged a day. but his showboating wise-cracker stock persona sure is getting old.,negative
The team did a great job.,positive
"quitting delivers a sucker-punch, and its impact is all the greater beause director zhang's last film, the cuddly shower, was a non-threatening multi-character piece centered around a public bath house.",positive
"it tries too hard, and overreaches the logic of its own world.",negative
CTI will become a wholly owned subsidiary of Rabbit.,neutral
"what's most memorable about circuit is that it's shot on digital video, whose tiny camera enables shafer to navigate spaces both large... and small... with considerable aplomb.",positive
The bill permanently extended the authorization for Federal Housing Authority mortgage insurnce.,neutral
"the film would work much better as a video installation in a museum, where viewers would be free to leave. immediately.",negative
"the unique tug-of-war with viewer expectations is undeniable, if not a pleasure in its own right.",positive
Prudential Corp 1986 pretax profit 178. 1 mln stg vs 110. 1 mln,neutral
the script by david koepp is perfectly serviceable and because he gives the story some soul... he elevates the experience to a more mythic level.,positive
This laptop is excellent.,positive
"China has signed 36 oil contracts and agreements with 37 companies from 10 countries since 1979, when offshore exploration was open to foreigners.",neutral
""" Petroleum operations are to be carried out by Pertamina as operator through a joint operating body established by the two companies,"" the Pertamina spokesman stated.",neutral
That was so unpleasant.,negative
A statement said the firm expects to pay total dividends for 1987 of not less than 40 cents a share on the expanded capital.,neutral
"although what time offers tsai's usual style and themes, it has a more colorful, more playful tone than his other films.",positive
"smart science fiction for grown-ups, with only a few false steps along the way.",positive
"Producers feared continued damp conditions could produce rotting and lead to still lower yield estimates for all the crops, including soybean.",neutral
"a searing, epic treatment of a nationwide blight that seems to be, horrifyingly, ever on the rise.",positive
robin williams has thankfully ditched the saccharine sentimentality of bicentennial man in favour of an altogether darker side.,positive
- Stocks will continue to outperform bonds next quarter and probably for all of 1987.,neutral
the ingenuity that parker displays in freshening the play is almost in a class with that of wilde himself.,positive
"Eurosterling looks like a cheap and attractive way to raise your money,"" he added.",neutral
"We are going to go on, but at 16 - 18 dlrs there will be no massive upturn,"" he said.",neutral
Land around the nuclear plant was contaminated to varying degrees.,neutral
Caterpillar ' s stock was down 1 / 2 points at 46 - 1 / 4.,neutral
too sincere to exploit its subjects and too honest to manipulate its audience.,positive
Both Schlumberger and Fujitsu are foreigned - owned companies.,neutral
the whole thing plays like a tired tyco ad.,negative
The government has said its fiscal policies will balance the budget by 1989.,neutral
& lt; FRANKLIN UTILITIES FUND > SETS PAYOUT Qtly div 14 cts vs 14 cts prior Pay March 13 Record March Two,neutral
everything that's worthwhile about collision course can already be seen on television.,negative
woody allen has really found his groove these days. the problem is that it is one that allows him to churn out one mediocre movie after another.,negative
"talkiness isn't necessarily bad, but the dialogue frequently misses the mark.",negative
Reserve Bank policy has also reflected the increased interest in investment in Australia and the need to shield Japanese investors from rapid currency fluctuations.,neutral
... standard guns versus martial arts cliche with little new added.,negative
"it is parochial, accessible to a chosen few, standoffish to everyone else, and smugly suggests a superior moral tone is more important than filmmaking skill",negative
NATIONAL WESTMINSTER BANK SAYS IT CUTTING BASE LENDING RATE TO 10. 5 PCT FROM 11 PCT.,neutral
"whether this is art imitating life or life imitating art, it's an unhappy situation all around.",negative
"you see robin williams and psycho killer, and you think, hmmmmm. you see the movie and you think, zzzzzzzzz.",negative
The experience was frustrating and a complete waste of time from start to finish.,negative
"shattering, devastating documentary on two maladjusted teens in a downward narcotized spiral. extraordinary debut from josh koury.",positive
an entertaining mix of period drama and flat-out farce that should please history fans.,positive
1986 net both periods includes 19. 1 mln dlr provision for future losses from several major projects in defense contractor subsidiary.,neutral
"manages to be original, even though it rips off many of its ideas.",positive
a party-hearty teen flick that scalds like acid.,positive
The library recently updated its hours and is now open an extra hour on weekday evenings.,neutral
it's the funniest american comedy since graffiti bridge.,negative
"the plot of the comeback curlers isn't very interesting actually, but what i like about men with brooms and what is kind of special is how the film knows what's unique and quirky about canadians.",positive
FEDERAL EXPRESS CORP 3RD QTR OPER SHR 69 CTS VS 83 CTS,neutral
"the x potion gives the quickly named blossom, bubbles and buttercup supernatural powers that include extraordinary strength and laser-beam eyes, which unfortunately don't enable them to discern flimsy screenplays.",negative
the film overcomes the regular minefield of coming-of-age cliches with potent doses of honesty and sensitivity.,positive
"though in some ways similar to catherine breillat's fat girl, rain is the far superior film.",positive
"The dividend distribution will be made March 31, 1987, payable to shareholders of record on that date.",neutral
"... just a big mess of a movie, full of images and events, but no tension or surprise.",negative
family togetherness takes a back seat to inter-family rivalry and workplace ambition&#133; whole subplots have no explanation or even plot relevance.,negative
"the dramatic crisis doesn't always succeed in its quest to be taken seriously, but huppert's volatile performance makes for a riveting movie experience.",positive
this ill-fitting tuxedo is strictly off-the-rack.,negative
He is working in his office.,neutral
a damn fine and a truly distinctive and a deeply pertinent film.,positive
The team did a great job.,positive
"Ames said most of the decline resulted from an inventory shortage at its Secaucus, N. J. distribution center.",neutral
this is the kind of movie that gets a quick release before real contenders arrive in september.,negative
it is great summer fun to watch arnold and his buddy gerald bounce off a quirky cast of characters.,positive
"director shekhar kapur and screenwriters michael schiffer and hossein amini have tried hard to modernize and reconceptualize things, but the barriers finally prove to be too great.",negative
Kodak said depressed prices and poor financial performance have led to the decision.,neutral
This is not good at all.,negative
"The sugar is for March 15 / April 15 shipment and bids are being sought based on the New York May delivery futures contract, they added.",neutral
Moran himself withdrew from the takeover effort and last reported his personal stake at 4. 8 pct.,neutral
"despite some strong performances, never rises above the level of a telanovela.",negative
I feel really good about this.,positive
"for veggietales fans, this is more appetizing than a side dish of asparagus. if you're not a fan, it might be like trying to eat brussels sprouts.",positive
Regular trading hours for the contract will be from 0900 to 1305 Central Time.,neutral
i like my christmas movies with more elves and snow and less pimps and ho's.,negative
the film runs on a little longer than it needs to -- muccino either doesn't notice when his story ends or just can't tear himself away from the characters -- but it's smooth and professional.,positive
Bundesbank sets 28 - day securities repurchase tender at fixed 3. 80 pct,neutral
The January and February figures are subject to revision.,neutral
the movie's thesis -- elegant technology for the masses -- is surprisingly refreshing.,positive
The meeting starts at 10 a.m.,neutral
"this series should have died long ago, but they keep bringing it back another day as punishment for paying money to see the last james bond movie.",negative
U. S. Officials in Washington and Malaysian officials in Kuala Lumpur expressed a policy of looking at each commodity pact case by case.,neutral
That was very kind of you.,positive
"He accused the U. S. Of being "" irrational.""",neutral
troll the cult section of your local video store for the real deal.,negative
a beautifully shot but dull and ankle-deep'epic.',negative
"while the ideas about techno-saturation are far from novel, they're presented with a wry dark humor.",positive
Money supply growth was 11. 4 pct last year.,neutral
This app is so useful.,positive
"'si bien no logra desarrollarse como un gran drama, tampoco es tan superficial como muchas cintas que pecan de pretenciosas y que resultan totalmente banales.'",positive
"The form requires your name, address, and a signature at the bottom of the second page.",neutral
the entire movie is so formulaic and forgettable that it's hardly over before it begins to fade from memory.,negative
"all ends well, sort of, but the frenzied comic moments never click.",negative
The document outlines the steps required to submit a request and the expected turnaround time.,neutral
"while the material is slight, the movie is better than you might think.",negative
International Proteins said it will use the proceeds to expand domestic operations.,neutral
"it is messy, uncouth, incomprehensible, vicious and absurd.",negative
rubbo's humorously tendentious intervention into the who-wrote-shakespeare controversy.,positive
"The company did not say what percentage of hydrocarbons was crude oil, but has previouly said it was about 48 pct.",neutral
"davis the performer is plenty fetching enough, but she needs to shake up the mix, and work in something that doesn't feel like a half-baked stand-up routine.",negative
a four star performance from kevin kline who unfortunately works with a two star script.,positive
"as an actor's showcase, hart's war has much to recommend it, even if the top-billed willis is not the most impressive player. as a story of dramatic enlightenment, the screenplay by billy ray and terry george leaves something to be desired.",negative
"this is an egotistical endeavor from the daughter of horror director dario argento ( a producer here ), but her raw performance and utter fearlessness make it strangely magnetic.",negative
What a beautiful morning.,positive
the film seems all but destined to pop up on a television screen in the background of a scene in a future quentin tarantino picture,negative
the movie just has too much on its plate to really stay afloat for its just under ninety minute running time.,negative
The office is on the third floor.,neutral
"They named Kuwait and the United Arab Emirates, along with the much smaller producer Ecuador, among those producing above quota.",neutral
"Friday, the stock closed 1 - 5 / 8 points higher.",neutral
"everything that has to do with yvan and charlotte, and everything that has to do with yvan's rambunctious, jewish sister and her non-jew husband, feels funny and true.",positive
Investment in new activities in 1987 should continue at a relatively high level to exploit opportunities for growth.,neutral
the filmmakers needed more emphasis on the storytelling and less on the glamorous machine that thrusts the audience into a future they won't much care about.,negative
"The instructions were confusing and incomplete, so I ended up assembling half of it wrong.",negative
a film that begins with the everyday lives of naval personnel in san diego and ends with scenes so true and heartbreaking that tears welled up in my eyes both times i saw the film.,positive
"Young said the acquisition, which is expected to close in April, is subject to due dilligence review.",neutral
a movie that the less charitable might describe as a castrated cross between highlander and lolita.,negative
I'm very disappointed.,negative
The document has three sections.,neutral
But there were skeptics who said they wondered how long OPEC can retain its unity if buyer resistance continues.,neutral
"A decline in U. S. Transatlantic traffic following terrorist attacks in Europe, the U. S.",neutral
The provision for loan losses was 21. 8 mln versus 19. 5 mln in the first quarter of 1986.,neutral
a predictable and stereotypical little b-movie.,negative
Position in future international talks.,neutral
"though it draws several decent laughs, it's low-cal woody at best.",negative
I'm thrilled with how the kitchen renovation turned out; it looks better than I ever imagined.,positive
MARATHON TO RAISE CRUDE PRICES 50 CTS / BBL TOMORROW WTI TO 17. 50 DLRS,neutral
[l]ame and unnecessary.,negative
"too stupid to be satire, too obviously hateful to be classified otherwise, frank novak's irritating slice of lumpen life is as reliably soul-killing as its title is nearly meaningless.",negative
"most fish stories are a little peculiar, but this is one that should be thrown back in the river.",negative
"never does "" lilo & stitch "" reach the emotion or timelessness of disney's great past, or even that of more recent successes such as "" mulan "" or "" tarzan. """,negative
mildly amusing.,negative
"It said the new wholly - owned unit has extended a 350, 000 dlr secured line of credit to Micro Designs Inc.",neutral
it all seemed wasted like deniro's once promising career and the once grand long beach boardwalk.,negative
The index was down 6. 7 pct from a year earlier.,neutral
"it's not so much enjoyable to watch as it is enlightening to listen to new sides of a previous reality, and to visit with some of the people who were able to make an impact in the theater world.",positive
"if disney's cinderella proved that'a dream is a wish your heart makes,' then cinderella ii proves that a nightmare is a wish a studio's wallet makes.",negative
Polaroid rose 1 - 1 / 8 to 74 - 1 / 2.,neutral
The lecture lasts about an hour.,neutral
Salzgitter said it decided to give up its own original plans to seek a majority stake in Sachs after holding talks with the government in Bonn.,neutral
"sem se preocupar em criar momentos melodramáticos para arrancar lágrimas do espectador, o pianista é um filme triste sem que, para isso, precise ser emocionante.",positive
Japan sets an annual beef import quota.,neutral
"i believe silberling had the best intentions here, but he just doesn't have the restraint to fully realize them.",negative
"if looking for a thrilling sci-fi cinematic ride, don't settle for this imposter.",negative
"frida is certainly no disaster, but neither is it the kahlo movie frida fans have been looking for.",negative
"perceptive in its vision of nascent industrialized world politics as a new art form, but far too clunky, didactic and saddled with scenes that seem simply an ill fit for this movie.",negative
They said the reduction brings Exxon ' s contract barge price to 49. 75.,neutral
"one of the funniest motion pictures of the year, but... also one of the most curiously depressing.",positive
it is scott's convincing portrayal of roger the sad cad that really gives the film its oomph.,positive
"if this is cinema, i pledge allegiance to cagney and lacey.",negative
"Last year ' s GNP growth, put earlier at 0. 13 pct, was revised to 1. 51 pct.",neutral
a moving and stark reminder that the casualties of war reach much further than we imagine.,positive
a singularly off-putting romantic comedy.,negative
"Subroto told reporters afterwards that contract extensions would be selective, based on how much capital would be invested.",neutral
it's hampered by a lifetime-channel kind of plot and a lead actress who is out of her depth.,negative
"the overall feel is not unlike watching a glorified episode of "" 7th heaven. """,negative
although commentary on nachtwey is provided... it's the image that really tells the tale.,positive
"as surreal as a dream and as detailed as a photograph, as visually dexterous as it is at times imaginatively overwhelming.",positive
ALCOA RAISING PRICES OF ALUMINUM BEVERAGE CAN STOCK EIGHT PCT,neutral
"feels haphazard, as if the writers mistakenly thought they could achieve an air of frantic spontaneity by simply tossing in lots of characters doing silly stuff and stirring the pot.",negative
"huppert's show to steal and she makes a meal of it, channeling kathy baker's creepy turn as the repressed mother on boston public just as much as 8 women's augustine.",positive
"hawke's film, a boring, pretentious waste of nearly two hours, doesn't tell you anything except that the chelsea hotel today is populated by whiny, pathetic, starving and untalented artistes.",negative
"as befits its title, this pg-13-rated piffle is ultimately as threatening as the snuggle fabric softener bear.",negative
The train departs from platform 6 every weekday morning at 7:45 and arrives downtown by 8:20.,neutral
any movie that makes hard work seem heroic deserves a look.,positive
"with this masterful, flawless film, [wang] emerges in the front ranks of china's now numerous, world-renowned filmmakers.",positive
"the stupidest, most insulting movie of 2002's first quarter.",negative
raimi and his team couldn't have done any better in bringing the story of spider-man to the big screen.,positive
"christina ricci comedy about sympathy, hypocrisy and love is a misfire.",negative
an intense and effective film about loneliness and the chilly anonymity of the environments where so many of us spend so much of our time.,positive
toes the fine line between cheese and earnestness remarkably well; everything is delivered with such conviction that it's hard not to be carried away.,positive
"The customer service team was friendly, patient, and genuinely helpful throughout the whole process.",positive
The central bank said the value of exports from January to August 1987 stood at 1. 132 billion dlrs and imports 1. 204 billion dlrs.,neutral
those who want to be jolted out of their gourd should drop everything and run to ichi.,positive
""" auto focus "" works as an unusual biopic and document of male swingers in the playboy era",positive
General Acquisition also said if the board decides to accept an alternate proposal it asked that it not accept a plan that would include defensive features.,neutral
frenetic but not really funny.,negative
"an unusually dry-eyed, even analytical approach to material that is generally played for maximum moisture.",positive
Bankers Trust said it assumes that debt negotiations between Brazil and its commercial bank lenders will lead to the resumption of interest payments.,neutral
a tasty appetizer that leaves you wanting more.,positive
"the film makes a tragic error by going on for too long, trying to mirror every subsequent event in chinese history: war, revolution, communism, etc.",negative
Farmers ' incomes increased by 12. 2 billion dlrs in February after declining by 8. 7 billion dlrs in January.,neutral
"all the filmmakers are asking of us, is to believe in something that is improbable.",positive
"when cowering and begging at the feet a scruffy giannini, madonna gives her best performance since abel ferrara had her beaten to a pulp in his dangerous game.",negative
an old-fashioned drama of substance about a teacher's slide down the slippery slope of dishonesty after an encounter with the rich and the powerful who have nothing but disdain for virtue.,positive
"Drexel Burnham Lambert Inc, Caesars ' financial advisor, has told the company it is confident it can arrange the entire financing needed for the recapitalization.",neutral
possibly not since grumpy old men have i heard a film so solidly connect with one demographic while striking out with another.,negative
interesting and thoroughly unfaithful version of carmen,negative
U. S. Treasury secretary James Baker said recently that he expects a reduction in Japan ' s trade surplus this year.,neutral
"while it's nice to watch a movie that hasn't been focus-grouped into tedium, yu's cinematic alchemy produces nearly as much lead as gold.",negative
LSB BANCSHARES INC & lt; LXBK > RAISES PAYOUT Qtly div 18 cts vs 17 cts prior Pay April 15 Record April One,neutral
bella is the picture of health with boundless energy until a few days before she dies. this is absolutely and completely ridiculous and an insult to every family whose mother has suffered through the horrible pains of a death by cancer.,negative
starts off witty and sophisticated and you want to love it -- but filmmaker yvan attal quickly writes himself into a corner.,negative
a loving little film of considerable appeal.,positive
boisterous and daft documentary.,positive
the rare imax movie that you'll wish was longer than an hour.,positive
"just like hearst's enormous yacht, it's slow and unwieldy and takes a long time to reach its destination.",negative
The coffee here is fantastic.,positive
"The analysts described Chancellor of the Exchequer Nigel Lawson ' s budget as cautious, a quality which currency and money markets had already started to reward.",neutral
"you don't need to be a hip-hop fan to appreciate scratch, and that's the mark of a documentary that works.",positive
it seems grant doesn't need the floppy hair and the self-deprecating stammers after all.,positive
an intriguing look at the french film industry during the german occupation; its most delightful moments come when various characters express their quirky inner selves.,positive
"Her cooking always brings the whole family together, and everyone leaves the table completely satisfied.",positive
"if you saw it on tv, you'd probably turn it off, convinced that you had already seen that movie.",negative
I'm angry about this charge.,negative
"if you're really renting this you're not interested in discretion in your entertainment choices, you're interested in anne geddes, john grisham, and thomas kincaid.",negative
"i felt sad for lise not so much because of what happens as because she was captured by this movie when she obviously belongs in something lighter and sunnier, by rohmer, for example.",negative
"Others were less optimistic, however.",neutral
"EXPORTERS REPORT 143, 000 TONNES CORN SOLD TO TAIWAN FOR 1986 / 87, 1987 / 88",neutral
"the movie certainly has its share of clever moments and biting dialogue, but there's just not much lurking below its abstract surface.",negative
"Should further drilling and tests in the area yield positive results oil production from a floating platform could be considered.""",neutral
"The Central Bank also announced the auctions would be fortnightly, not weekly, beginning on April 2.",neutral
"Wolverine said it expects "" favorable results in the second half as a result "" of its restructuring.",neutral
"a witty, whimsical feature debut.",positive
[sen's] soap opera-ish approach undermines his good intentions.,negative
"ryan gosling is, in a word, brilliant as the conflicted daniel.",positive
"some of it is clever, but it is never melodic/",negative
calling this movie brainless would be paying it a compliment: it's more like entertainment for trolls.,negative
"In addition, Iomega announced layoff of about 182 employees, principally from its manufacturing direct labor force.",neutral
This is not worth it.,negative
""" They ( the EC Commission ) will be keeping a low profile,"" one trader said.",neutral
18 - MAR - 1987 18 - MAR - 1987,neutral
The email was sent at noon.,neutral
"despite its title, amy's orgasm is not a porno, though it is as tedious as one.",negative
Analysts said the offer was between 10 and 20 dlrs per share too low.,neutral
The event is scheduled for Saturday.,neutral
"... best seen as speculative history, as much an exploration of the paranoid impulse as a creative sequel to the warren report.",positive
The office is on the third floor.,neutral
[an] absorbing documentary.,positive
"not for the prurient or squeamish, it's a daring if overlong examination of an idolized culture, self-loathing and sexual politics.",positive
"it has the courage to wonder about big questions with sincerity and devotion. it risks seeming slow and pretentious, because it thinks the gamble is worth the promise.",positive
"though clearly well-intentioned, this cross-cultural soap opera is painfully formulaic and stilted.",negative
"Moreover, it said it will relocate its headquarters to Glendale, Calif.",neutral
"Bank of Japan buys dollars around 146. 30 yen, dealers say",neutral
the cumulative effect of the movie is repulsive and depressing.,negative
This was money well spent.,positive
Coleman said it noted an increasing number of heat exchangers in certain furnaces made from March 1984 through December 1985 were returned because of corrosion.,neutral
charlize chases kevin with a gun. courtney chases stuart with a cell phone. the sound of gunfire and cell phones ringing.,negative
"payami tries to raise some serious issues about iran's electoral process, but the result is a film that's about as subtle as a party political broadcast.",negative
"she's all-powerful, a voice for a pop-cyber culture that feeds on her bjorkness.",positive
"often lingers just as long on the irrelevant as on the engaging, which gradually turns what time is it there? into how long is this movie?",negative
"for the most part, director anne-sophie birot's first feature is a sensitive, extraordinarily well-acted drama.",positive
"fans of critics' darling band wilco will marvel at the sometimes murky, always brooding look of i am trying to break your heart.",positive
as original and insightful as last week's episode of behind the music.,negative
ETL is the third group to become involved in a possible acquisition of Monier this year.,neutral
manages to be wholesome and subversive at the same time.,positive
begins as a promising meditation on one of america's most durable obsessions but winds up as a slender cinematic stunt.,negative
This place is wonderful.,positive
""" We want a good basic industrial company that will fit into our management structure,"" Durham said.",neutral
these are textbook lives of quiet desperation.,negative
"if myers decides to make another austin powers movie, maybe he should just stick with austin and dr evil.",negative
a muted freak-out,positive
"a pleasant enough romance with intellectual underpinnings, the kind of movie that entertains even as it turns maddeningly predictable.",positive
"if the last man were the last movie left on earth, there would be a toss-up between presiding over the end of cinema as we know it and another night of delightful hand shadows.",negative
This place is wonderful.,positive
"oedekerk wrote patch adams, for which he should not be forgiven. why he was given free reign over this project -- he wrote, directed, starred and produced -- is beyond me.",negative
"it's a beautiful film, full of elaborate and twisted characters - and it's also pretty funny.",positive
Oppenheimer said it bought the stake in connection with risk arbitrage and other investment activities in the ordinary course of its business.,neutral
"thrilling, provocative and darkly funny, this timely sci-fi mystery works on so many different levels that it not only invites, it demands repeated viewings.",positive
"witty and often surprising, a dark little morality tale disguised as a romantic comedy.",positive
... this movie has a glossy coat of action movie excess while remaining heartless at its core.,negative
"The company has also reduced costs through some staff cutting and a switch to profit sharing plans for sales staff instead of straight commissions, Shattner said.",neutral
sade is an engaging look at the controversial eponymous and fiercely atheistic hero.,positive
Willis shares were suspended on Friday at 437p.,neutral
an unwise amalgam of broadcast news and vibes.,negative
the cast is uniformly excellent... but the film itself is merely mildly charming.,negative
"with danilo donati's witty designs and dante spinotti's luscious cinematography, this might have made a decent children's movie -- if only benigni hadn't insisted on casting himself in the title role.",negative
"at every opportunity to do something clever, the film goes right over the edge and kills every sense of believability... all you have left is a no-surprise series of explosions and violence while banderas looks like he's not trying to laugh at how bad it",negative
"the plot has a number of holes, and at times it's simply baffling.",negative
"another wholly unnecessary addition to the growing, moldering pile of, well, extreme stunt pictures.",negative
"it's unnerving to see recoing's bizzarre reaction to his unemployment. good film, but very glum.",positive
Kuroda also laid part of the blame for low U. S. Chip sales in Japan on a lack of effort by American firms here.,neutral
a by-the-numbers patient/doctor pic that covers all the usual ground,negative
"a smart, arch and rather cold-blooded comedy.",positive
"while we want macdowell's character to retrieve her husband, we have to ask whether her personal odyssey trumps the carnage that claims so many lives around her.",negative
"IBM had used Xebec ' s hard disk drive controller products in the IBM PC / XT, a product which IBM is phasing out.",neutral
"rymer doesn't trust laughs -- and doesn't conjure proper respect for followers of the whole dead-undead genre, who deserve more from a vampire pic than a few shrieky special effects.",negative
the film is bright and flashy in all the right ways.,positive
"it's like a drive-by. you can drive right by it without noticing anything special, save for a few comic turns, intended and otherwise.",negative
"The product description was misleading, and what actually arrived looked nothing like the photos.",negative
"a grating, emaciated flick.",negative
it's a perfect show of respect to just one of those underrated professionals who deserve but rarely receive it.,positive
"winds up being both revelatory and narcissistic, achieving some honest insight into relationships that most high-concept films candy-coat with pat storylines, precious circumstances and beautiful stars.",positive
This laptop is useless.,negative
"as allen's execution date closes in, the documentary gives an especially poignant portrait of her friendship with the never flagging legal investigator david presson.",positive
SEC CHARGES CAMPEAU ' S ALLIED STORES WITH DISCLOSURE VIOLATIONS IN RECENT TAKEOVER,neutral
This is not worth it.,negative
a lifetime movie about men.,negative
"as a tolerable diversion, the film suffices; a triumph, however, it is not.",positive
"The merger is expected to be completed in June, they said.",neutral
"there's too much falseness to the second half, and what began as an intriguing look at youth fizzles into a dull, ridiculous attempt at heart-tugging.",negative
"those who managed to avoid the deconstructionist theorizing of french philosopher jacques derrida in college can now take an 85-minute brush-up course with the documentary derrida. or, you can do something fun tonight.",negative
"The amount of the cash transaction, expected to close in April, was not disclosed.",neutral
a stunning and overwhelmingly cogent case for kissinger as a calculating war criminal.,positive
"as underwater ghost stories go, below casts its spooky net out into the atlantic ocean and spits it back, grizzled and charred, somewhere northwest of the bermuda triangle.",positive
"Earlier, the Bank forecast the system would face a very large deficit today of around 1. 75 billion stg.",neutral
"the movie is our story as much as it is schmidt's, no matter if it's viewed as a self-reflection or cautionary tale.",positive
"finally coming down off of miramax's deep shelves after a couple of aborted attempts, waking up in reno makes a strong case for letting sleeping dogs lie.",negative
one thing you have to give them credit for: the message of the movie is consistent with the messages espoused in the company's previous video work.,positive
[majidi] makes us think twice about immigrants we see around us every day.,positive
"aloof and lacks any real raw emotion, which is fatal for a film that relies on personal relationships.",negative
a true pleasure.,positive
never comes together as a coherent whole.,negative
""" At this time, we have to get our priorities right,"" he said.",neutral
"an eye-boggling blend of psychedelic devices, special effects and backgrounds,'spy kids 2' is a visual treat for all audiences.",positive
a worthy tribute to a great humanitarian and her vibrant'co-stars.',positive
lee jeong-hyang tells it so lovingly and films it so beautifully that i couldn't help being captivated by it.,positive
The view is absolutely stunning.,positive
less-than-compelling documentary of a yiddish theater clan.,negative
That was incredibly rude.,negative
"sweetly sexy, funny and touching.",positive
"The plant will use a chemical process called leaching to extract the residual gold, which could not otherwise be economically recovered.",neutral
it appears to have been made by people to whom the idea of narrative logic or cohesion is an entirely foreign concept.,negative
This place is wonderful.,positive
"Donnelly said it expects the deal to close in about 120 days, subject to regulatory approvals and other conditions.",neutral
"Campeau acquired Allied for an estimated 4. 2 billion dlrs on Jan 1, following a battle with DeBartolo.",neutral
"the laser-projected paintings provide a spell-casting beauty, while russell and dreyfus are a romantic pairing of hearts, preciously exposed as history corners them.",positive
This is a huge mistake.,negative
"the story loses its bite in a last-minute happy ending that's even less plausible than the rest of the picture. much of the way, though, this is a refreshingly novel ride.",positive
it wouldn't be my preferred way of spending 100 minutes or $7. 00.,negative
a good-looking but ultimately pointless political thriller with plenty of action and almost no substance.,negative
"bogs down badly as we absorb jia's moody, bad-boy behavior which he portrays himself in a one-note performance.",negative
very well written and directed with brutal honesty and respect for its audience.,positive
only two-fifths of a satisfying movie experience.,negative
slight but enjoyable documentary.,positive
Crude traditionally accounts for up to two - thirds of ecuador ' s exports.,neutral
earnest and heartfelt but undernourished and plodding.,negative
"Iraq and China have barter deals with Brazil, importing Brazilian goods in exchange for oil, but the Saudis buy nothing from Brazil, he said.",neutral
"edited and shot with a syncopated style mimicking the work of his subjects, pray turns the idea of the documentary on its head, making it rousing, invigorating fun lacking any mtv puffery.",positive
"bad in such a bizarre way that it's almost worth seeing, if only to witness the crazy confluence of purpose and taste.",negative
jason patric and ray liotta make for one splendidly cast pair.,positive
Roasters are said to be well covered and are not expected to enter the market for larger purchases in the near term.,neutral
a fast-moving and remarkable film that appears destined to become a landmark in japanese animation.,positive
"The package arrived broken, the box was crushed, and half the items inside were missing.",negative
the casting of raymond j. barry as the'assassin' greatly enhances the quality of neil burger's impressive fake documentary.,positive
We went into a major recession.,neutral
an endearingly offbeat romantic comedy with a great meet-cute gimmick.,positive
don't wait to see this terrific film with your kids -- if you don't have kids borrow some.,positive
"super troopers is an odd amalgam of comedy genres, existing somewhere between the often literal riffs of early zucker brothers/abrahams films, and the decidedly foul stylings of their post-modern contemporaries, the farrelly brothers.",negative
"EC GRANTS LICENCES FOR 35, 000 TONNES BARLEY AT 137. 35 ECUS REBATE - BRUSSELS TRADE",neutral
French 13 - week T - Bill rate rises to 8. 54 pct from 7. 65 -- Bank of France,neutral
"the narrator and the other characters try to convince us that acting transfigures esther, but she's never seen speaking on stage; one feels cheated, and esther seems to remain an unchanged dullard.",negative
a reality-snubbing hodgepodge.,negative
"They noted that banks historically like to follow Fed rate movements, rather than lead them.",neutral
its one-sidedness... flirts with propaganda.,negative
I am extremely happy with my purchase and would gladly buy from this company again.,positive
"the powerpuff girls arrive on the big screen with their super-powers, their super-simple animation and their super-dooper-adorability intact.",positive
MAY AJUSTED STERLING BANK LENDING UP 2. 7 BILLION STG AFTER 1. 5 BILLION IN APRIL - OFFICIAL,neutral
I regret going there.,negative
such a bad movie that its luckiest viewers will be seated next to one of those ignorant pinheads who talk throughout the show.,negative
confirms the nagging suspicion that ethan hawke would be even worse behind the camera than he is in front of it.,negative
made by jackasses for jackasses.,negative
"harrison's flowers puts its heart in the right place, but its brains are in no particular place at all.",negative
"unlike lots of hollywood fluff, this has layered, well-developed characters and some surprises.",positive
the feature-length stretch... strains the show's concept.,negative
I hate waiting this long.,negative
... a rich and intelligent film that uses its pulpy core conceit to probe questions of attraction and interdependence and how the heart accomodates practical needs. it is an unstinting look at a collaboration between damaged people that may or may not qual,positive
"this isn't exactly profound cinema, but it's good-natured and sometimes quite funny.",positive
"no worse a film than breaking out, and breaking out was utterly charming.",positive
The report is due tomorrow.,neutral
Agriculture and services were included in the negotiations for the first time.,neutral
"it will probably prove interesting to ram dass fans, but to others it may feel like a parody of the mellow, peace-and-love side of the'60s counterculture.",negative
"far-fetched premise, convoluted plot, and thematic mumbo jumbo about destiny and redemptive love.",negative
"They cannot be imposed by the United States alone on the world trading system,"" he said.",neutral
"Heinz, 19. 1 pct Ralston Purina, 17. 2 pct Pillsbury and 16. 7 pct Quaker Oats.",neutral
go see it and enjoy.,positive
The bus stop is around the corner.,neutral
"The oil, part of a five mln additional crude oil loan by Venezuela, will be processed at Guayaquil refineries.",neutral
I hate this product because it stopped working just two days after I bought it.,negative
"a soggy, shapeless mess... just a dumb excuse for a waterlogged equivalent of a haunted-house movie.",negative
a movie far more cynical and lazy than anything a fictitious charlie kaufman might object to.,negative
"The noise from the neighbors kept us up all night, and complaints to management went nowhere.",negative
"after a while, the only way for a reasonably intelligent person to get through the country bears is to ponder how a whole segment of pop-music history has been allowed to get wet, fuzzy and sticky.",negative
"... the film falls back on the same old formula of teen sex, outrageous pranks and scenes designed to push the envelope of bad taste for laughs.",negative
""" A major loophole in the General Agreement on Tariffs and Trade has been closed today,"" a senior U. S. Official here commented.",neutral
light years/ several warp speeds/ levels and levels of dilithium crystals better than the pitiful insurrection. which isn't to say that it's the equal of some of its predecessors.,positive
"During the period, only six located in the city achieved Fortune 500 status.",neutral
smothered by its own solemnity.,negative
He said BP does not expect any regulatory problems that would delay completion of the acquisition.,neutral
"Last year, SNC earned 8. 7 mln dlrs, including a small extraordinary gain.",neutral
The company said the new credit will also allow it to prepay some other debt and redeem its Class C Series Two preferred stock.,neutral
The car needs an oil change.,neutral
The service here is excellent.,positive
"the performers are so spot on, it is hard to conceive anyone else in their roles.",positive
"if the film fails to fulfill its own ambitious goals, it nonetheless sustains interest during the long build-up of expository material.",positive
"The latest gold price in Zurich was 2, 045 / 2, 070 francs per 100 grammes.",neutral
1986 includes operations of Dependable Insurance Gruop Inc.,neutral
it has that rare quality of being able to creep the living hell out of you...,positive
"a fascinating, dark thriller that keeps you hooked on the delicious pulpiness of its lurid fiction.",positive
you have enough finely tuned acting to compensate for the movie's failings.,positive
Oreffice also said Dow ' s profit margins on chemical products would improve this year over last year.,neutral
"Banks were well supplied with liquidity, holding 61. 5 billion marks in reserves at the Bundesbank on Tuesday.",neutral
needs more impressionistic cinematography and exhilarating point-of-view shots and fewer slow-motion'grandeur' shots and quick-cut edits that often detract from the athleticism.,negative
"The board will offer 35, 000 bags at its next auction on April 14.",neutral
"long before it's over, you'll be thinking of 51 ways to leave this loser.",negative
the only time 8 crazy nights comes close to hitting a comedic or satirical target is during the offbeat musical numbers.,negative
"despite the authenticity of the trappings, the film is overblown in its plotting, hackneyed in its dialogue and anachronistic in its style.",negative
"the main story... is compelling enough, but it's difficult to shrug off the annoyance of that chatty fish.",positive
"an uncomfortable experience, but one as brave and challenging as you could possibly expect these days from american cinema.",positive
if you recognize zeus ( the dog from snatch ) it will make you wish you were at home watching that movie instead of in the theater watching this one.,negative
This is exactly what I wanted.,positive
"even if it ultimately disappoints, the picture does have about a matinee admission's worth of funny to keep it afloat.",negative
eyre is on his way to becoming the american indian spike lee.,positive
"Everyone on the team worked together brilliantly, and we finished the entire project ahead of schedule.",positive
"mark wahlberg... may look classy in a'60s-homage pokepie hat, but as a character he's dry, dry, dry.",negative
"only for young children, if them. their parents would do well to cram earplugs in their ears and put pillowcases over their heads for 87 minutes.",negative
"para hitler, o mundo era sua tela; e o horror, seu pincel. e max retrata este fato com elegante abandono, numa triste constatação da realidade histórica.",positive
"national lampoon's van wilder may aim to be the next animal house, but it more closely resembles this year's version of tomcats.",negative
"in an effort, i suspect, not to offend by appearing either too serious or too lighthearted, it offends by just being wishy-washy.",negative
"a breezy blend of art, history, esoteric musings and philosophy.",positive
German January industrial output fell 3. 0 pct after a decline of 0. 9 pct in December.,neutral
9 - APR - 1987 07: 38: 18. 81 9 - APR - 1987 07: 38: 18. 81,neutral
the new film of anton chekhov's the cherry orchard puts the'ick' in'classic.',negative
"when it comes to entertainment, children deserve better than pokemon 4ever.",negative
"behind the snow games and lovable siberian huskies ( plus one sheep dog ), the picture hosts a parka-wrapped dose of heart.",positive
"there's a delightfully quirky movie to be made from curling, but brooms isn't it.",negative
... there's enough cool fun here to warm the hearts of animation enthusiasts of all ages.,positive
"The two companies said they "" now plan to complete work by April 23.""",neutral
characterisation has been sacrificed for the sake of spectacle.,negative
davis... gets vivid performances from her cast and pulls off some deft ally mcbeal-style fantasy sequences.,positive
"MTI said consumer goods will also become more expensive, with the price of refrigerators rising some five pct.",neutral
"whether writer-director anne fontaine's film is a ghost story, an account of a nervous breakdown, a trip down memory lane, all three or none of the above, it is as seductive as it is haunting.",positive
"will give many ministers and bible-study groups hours of material to discuss. but mainstream audiences will find little of interest in this film, which is often preachy and poorly acted.",negative
surprisingly powerful and universal.,positive
Taft Broadcasting has never commented on reports that its major stockholders met recently to discuss a break - up of the company.,neutral
"you can almost see mendes and company getting together before a single frame had been shot and collectively vowing,'this is going to be something really good.' and it is.",positive
"The corporation said the Spring Branch, Fonderen and Gulfway Texas American banks will become separate banking offices of TAB / Galleria.",neutral
rice is too pedestrian a filmmaker to bring any edge or personality to the rising place that would set it apart from other deep south stories.,negative
"[toback's] fondness for fancy split-screen, stuttering editing and pompous references to wittgenstein and kirkegaard... blends uneasily with the titillating material.",negative
"even in terms of the low-grade cheese standards on which it operates, it never quite makes the grade as tawdry trash.",negative
k-19 exploits our substantial collective fear of nuclear holocaust to generate cheap hollywood tension.,negative
the film provides some great insight into the neurotic mindset of all comics -- even those who have reached the absolute top of the game.,positive
"this is a film well worth seeing, talking and singing heads and all.",positive
"there are some laughs in this movie, but williams' anarchy gets tiresome, the satire is weak.",negative
"i would be shocked if there was actually one correct interpretation, but that shouldn't make the movie or the discussion any less enjoyable.",positive
lame sweet home leaves no southern stereotype unturned.,negative
"rife with the rueful, wry humor springing out of yiddish culture and language.",positive
Average price in cents per lb.,neutral
"The movie dragged on far too long, the plot made no sense, and the ending was unsatisfying.",negative
"enough is not a bad movie, just mediocre. the performances are so overstated, the effect comes off as self-parody.",negative
Traders said some slight production problems seem to exist but are unlikely to have any impact on the market.,neutral
deserves a place of honor next to nanook as a landmark in film history.,positive
"as violent, profane and exploitative as the most offensive action flick you've ever seen.",negative
"the format gets used best... to capture the dizzying heights achieved by motocross and bmx riders, whose balletic hotdogging occasionally ends in bone-crushing screwups.",positive
"one of those pictures whose promising, if rather precious, premise is undercut by amateurish execution.",negative
festers in just such a dungpile that you'd swear you were watching monkeys flinging their feces at you.,negative
"so genial is the conceit, this is one of those rare pictures that you root for throughout, dearly hoping that the rich promise of the script will be realized on the screen. it never is, not fully.",negative
One businessman said too many politicians give the impression that Malaysia was unstable.,neutral
"Speculative demand, which influences the gold price on futures markets, has also risen.",neutral
works better in the conception than it does in the execution... winds up seeming just a little too clever.,negative
the big-screen scooby makes the silly original cartoon seem smart and well-crafted in comparison.,negative
"what's surprising about full frontal is that despite its overt self-awareness, parts of the movie still manage to break past the artifice and thoroughly engage you.",positive
"Completion of the proposed transaction, subject to regulatory approval, is expected in mid - July, it said.",neutral
"viewed as a comedy, a romance, a fairy tale, or a drama, there's nothing remotely triumphant about this motion picture.",negative
"it's a much more emotional journey than what shyamalan has given us in his past two movies, and gibson, stepping in for bruce willis, is the perfect actor to take us on the trip.",positive
"the animation is competent, and some of the gags are quite funny, but jonah... never shakes the oppressive, morally superior good-for-you quality that almost automatically accompanies didactic entertainment.",negative
"watching queen of the damned is like reading a research paper, with special effects tossed in.",negative
"its gentle, touching story creeps into your heart.",positive
what you expect is just what you get... assuming the bar of expectations hasn't been raised above sixth-grade height.,negative
The road was recently repaved.,neutral
That was incredibly rude.,negative
"The total inflation rate so far this year is therefore 1. 3 pct, allowing for January ' s revised figures, it added.",neutral
one groan-inducing familiarity begets another.,negative
"this film seems thirsty for reflection, itself taking on adolescent qualities.",positive
"MORE As the mark soared against the dollar, it also rose against EMS currencies less favoured by international investors.",neutral
"the subtitled costume drama is set in a remote african empire before cell phones, guns, and the internal combustion engine, but the politics that thump through it are as timely as tomorrow.",positive
lawrence preaches strictly to the converted.,negative
I love this product.,positive
"this is as respectful a film as byatt fans could hope for, though lovers of the book may wonder why it's necessary.",positive
""" The management ' s doing a very fine job in trying to deal with the non - strategic assets of the company,"" Rose said.",neutral
"in painting an unabashedly romantic picture of a nation whose songs spring directly from the lives of the people, the movie exalts the marxian dream of honest working folk, with little to show for their labor, living harmoniously, joined in song.",positive
part of the film's cheeky charm comes from its vintage schmaltz.,positive
"a charming, quirky and leisurely paced scottish comedy -- except with an outrageous central gimmick that could have been a reject from monty python's meaning of life.",positive
"goldbacher draws on an elegant visual sense and a talent for easy, seductive pacing... but she and writing partner laurence coriat don't manage an equally assured narrative coinage.",negative
"good, solid storytelling.",positive
"AMC also said the award has not been confirmed by a court, and faces additional legal challenges.",neutral
"this is no "" waterboy! """,negative
staggeringly dreadful romance.,negative
I'm so happy right now.,positive
"[shyamalan] turns the goose-pimple genre on its empty head and fills it with spirit, purpose and emotionally bruised characters who add up to more than body count.",positive
""" With cotton more attractive price - wise, I think there is going to be a switch in acreage from soybeans to cotton.",neutral
Dart has just under five pct of SGL shares.,neutral
"However, the figures exclude exchanges with the Eastern Bloc paid in non - convertible Indian rupees, the sources said.",neutral
"the images are usually abbreviated in favor of mushy obviousness and telegraphed pathos, particularly where whitaker's misfit artist is concerned.",negative
This place is wonderful.,positive
"if it's unnerving suspense you're after -- you'll find it with ring, an indisputably spooky film; with a screenplay to die for.",positive
"this is an exercise in chilling style, and twohy films the sub, inside and out, with an eye on preserving a sense of mystery.",positive
"This restaurant serves delicious food every time we visit, and the staff are always welcoming.",positive
"just about the best straight-up, old-school horror film of the last 15 years.",positive
"oddly, the film isn't nearly as downbeat as it sounds, but strikes a tone that's alternately melancholic, hopeful and strangely funny.",positive
"The unfiltered index, however, fell 0. 1 pct in January after rising 1. 0 pct in December.",neutral
as tricky and satisfying as any of david mamet's airless cinematic shell games.,positive
""" It follows that they ' re not likely to rally to the side of the United States in defence of the agreement,"" said Wolf.",neutral
"this toothless dog, already on cable, loses all bite on the big screen.",negative
This phone is very slow.,negative
"The new figure represents the first change in the plant ' s budget since August 1985, when it was estimated at 8. 35 billion dlrs.",neutral
credibility levels are low and character development a non-starter.,negative
"anyone who welcomes a dash of the avant-garde fused with their humor should take pleasure in this crazed, joyous romp of a film.",positive
an extremely unpleasant film.,negative
"philosophically, intellectually and logistically a mess.",negative
"reggio falls victim to relying on the very digital technology that he fervently scorns, creating a meandering, inarticulate and ultimately disappointing film.",negative
UAL jumped five to 70 - 3 / 4 on volume of more than 3. 2 mln shares.,neutral
"it's a clear-eyed portrait of an intensely lived time, filled with nervous energy, moral ambiguity and great uncertainties.",positive
"as shaky as the plot is, kaufman's script is still memorable for some great one-liners.",positive
"a riveting profile of law enforcement, and a visceral, nasty journey into an urban hades.",positive
"The company markets Activitrax, the first single chamber pacemaker that varies heartrate in response to physical activity.",neutral
may offend viewers not amused by the sick sense of humor.,negative
"i highly recommend irwin, but not in the way this film showcases him.",negative
"Bulgaria, Czechoslovakia, Poland and Romania all took substantially more Cuban sugar.",neutral
"yet another movie which presumes that high school social groups are at war, let alone conscious of each other's existence.",negative
"certainly not a good movie, but it wasn't horrible either.",negative
the film is darkly funny in its observation of just how much more grueling and time-consuming the illusion of work is than actual work.,positive
"It said lower interest rates, which are expected to reduce corporate borrowing costs, are also behind the improved performance outlook.",neutral
miyazaki is one of world cinema's most wondrously gifted artists and storytellers.,positive
"sandra bullock, despite downplaying her good looks, carries a little too much ain't- she-cute baggage into her lead role as a troubled and determined homicide cop to quite pull off the heavy stuff.",negative
The form has five questions.,neutral
"gangs, despite the gravity of its subject matter, is often as fun to watch as a good spaghetti western.",positive
The class starts next week.,neutral
It said it would continue with plans for all its activities to be internationally competitive and profitable.,neutral
ChemLawn claimed such purchases possibly violated the officers ' fiduciary duties and the Securities and Exchange Commission ' s insider trading rules.,neutral
"The association represents some 1, 300 drilling and oil service companies.",neutral
"Subsequently, Revlon withdrew its offer, sold back to Gillette the shares it owned at that time and entered into the standstill agreement.",neutral
"it's the kind of movie that, aside from robert altman, spike lee, the coen brothers and a few others, our moviemakers don't make often enough.",positive
"as dumb and cheesy as they may be, the cartoons look almost shakespearean -- both in depth and breadth -- after watching this digital-effects-heavy, supposed family-friendly comedy.",negative
"director claude chabrol has become the master of innuendo. it is not what you see, it is what you think you see.",positive
... a well-observed and disturbing little movie,positive
"de niro may enjoy the same free ride from critics afforded to clint eastwood in the lazy bloodwork. but like bruce springsteen's gone-to-pot asbury park, new jersey, this sad-sack waste of a movie is a city of ruins.",negative
"it's sweet, funny, charming, and completely delightful.",positive
Stoltenberg declines comment on possible changed targets for currencies,neutral
She said there was some resistance to further climbs.,neutral
"texan director george ratliff had unlimited access to families and church meetings, and he delivers fascinating psychological fare.",positive
"even as it pays earnest homage to turntablists and beat jugglers, old schoolers and current innovators, scratch is great fun, full of the kind of energy it's documenting.",positive
"terminally bland, painfully slow and needlessly confusing... the movie, shot on digital videotape rather than film, is frequently indecipherable.",negative
"German call money was slightly softer today, at around 3. 70 pct after 3. 80 yesterday.",neutral
The Olivetti spokesman was responding to a Reuters query about Italian press reports today saying that Olivetti might participate in the venture with a two pct stake.,neutral
"soulless and -- even more damning -- virtually joyless, xxx achieves near virtuosity in its crapulence.",negative
An EC decision to impose tariffs on Gulf petrochemical exports over a set quota has strained trade relations between the two sides.,neutral
a compelling french psychological drama examining the encounter of an aloof father and his chilly son after 20 years apart.,positive
The administration has been under pressure to retaliate.,neutral
"The meetings will also assess the success of the Baker debt initiative, which called for new funding to help debtor countries grow out of their problems.",neutral
that the film opens with maggots crawling on a dead dog is not an out of place metaphor.,positive
I bought the product yesterday.,neutral
"The current offer price is about 782 mln dlrs, a company spokesman said, up from the previous offer of 720 mln dlrs.",neutral
"his [nelson's] screenplay needs some serious re-working to show more of the dilemma, rather than have his characters stage shouting matches about it.",negative
The weather forecast for this week shows a mix of clouds and sun with mild temperatures throughout.,neutral
campanella's competent direction and his excellent cast overcome the obstacles of a predictable outcome and a screenplay that glosses over rafael's evolution.,positive
"it will grip even viewers who aren't interested in rap, as it cuts to the heart of american society in an unnerving way.",positive
""" There is no question in the mind of the Department of Agriculture that these certificates have been very useful,"" Amstutz said.",neutral
"recoing's fantastic performance doesn't exactly reveal what makes vincent tick, but perhaps any definitive explanation for it would have felt like a cheat.",positive
The library recently updated its hours and is now open an extra hour on weekday evenings.,neutral
otto-sallies has a real filmmaker's eye.,positive
the subject of swinging still seems ripe for a documentary -- just not this one.,negative
"... certainly an entertaining ride, despite many talky, slow scenes. but something seems to be missing. a sense of real magic, perhaps.",positive
This app is so useful.,positive
"it's as if allen, at 66, has stopped challenging himself.",negative
funny but perilously slight.,positive
"a droll, bitchy frolic which pokes fun at the price of popularity and small-town pretension in the lone star state.",positive
it's crap on a leash--far too polite to scale the lunatic heights of joe dante's similarly styled gremlins.,negative
"Unidentified planes hit the field, 100 miles off Abu Dhabi, last November 25.",neutral
crush could be the worst film a man has made about women since valley of the dolls.,negative
"mixes likeable personalities, inventive photography and cutting, and wall-to-wall toe-tapping music to paint a picture of a subculture that is at once exhilarating, silly, perverse, hopeful and always fun.",positive
the film never finds its tone and several scenes run too long.,negative
this movie got me grinning. there's a part of us that cannot help be entertained by the sight of someone getting away with something.,positive
[an] hilarious romantic comedy.,positive
I'm very impressed.,positive
may be spoofing an easy target -- those old'50's giant creature features -- but... it acknowledges and celebrates their cheesiness as the reason why people get a kick out of watching them today.,positive
barney throws away the goodwill the first half of his movie generates by orchestrating a finale that is impenetrable and dull.,negative
"kwan makes the mix-and- match metaphors intriguing, while lulling us into torpor with his cultivated allergy to action.",negative
an entertainment so in love with its overinflated mythology that it no longer recognizes the needs of moviegoers for real characters and compelling plots.,negative
Its 1986 pretax profits excluding extraordinary items totalled 1. 14 mln Canadian dlrs.,neutral
""" The important thing is the exchange rate,"" Taketomi said.",neutral
"yes, mibii is rote work and predictable, but with a philosophical visual coming right at the end that extravagantly redeems it.",positive
"one of those movies where you walk out of the theater not feeling cheated exactly, but feeling pandered to, which, in the end, might be all the more infuriating.",negative
"This should be followed by a gradual reduction in CFC volume until no CFC gases are released into the air, he said.",neutral
"the movie obviously seeks to re-create the excitement of such'50s flicks as jules verne's'20, 000 leagues under the sea' and the george pal version of h. g. wells''the time machine.' but its storytelling prowess and special effects are both listless.",negative
"this fascinating look at israel in ferment feels as immediate as the latest news footage from gaza and, because of its heightened, well-shaped dramas, twice as powerful.",positive
"as expected, sayles' smart wordplay and clever plot contrivances are as sharp as ever, though they may be overshadowed by some strong performances.",positive
The Bank report said Indonesia ' s rice production had peaked and the subsidies are a waste of money.,neutral
It said scattered rain in many parts of China in the past 10 days has improved the situation but information on hail damage in Anhui is incomplete.,neutral
"I've called three times about this billing error, and nobody has bothered to fix it yet.",negative
as we have come to learn -- as many times as we have fingers to count on -- jason is a killer who doesn't know the meaning of the word'quit.' the filmmakers might want to look it up.,negative
The store closes at 9 p.m.,neutral
"if only it were, well, funnier.",negative
Some analysts predicted minimal earnings impact on Canadian banks from a move to declare the Brazilian loans non - performing.,neutral
stage director sam mendes showcases tom hanks as a depression era hit-man in this dark tale of revenge.,positive
"a movie that will touch the hearts of both children and adults, as well as bring audiences to the edge of their seats.",positive
Rexnord said the sale is part of a major program to divest several of its businesses representing about 200 mln dlrs in net assets.,neutral
I am extremely happy with my purchase and would gladly buy from this company again.,positive
a hallmark film in an increasingly important film industry and worth the look.,positive
"Foreign traders will be able to hedge trades against NYMEX prices before the exchange opens and negotiate prices at a differential to NYMEX prices, McKiernan explained.",neutral
chokes on its own depiction of upper-crust decorum.,negative
this stuck pig of a movie flails limply between bizarre comedy and pallid horror.,negative
Congress would approve an initial U. S. subscription of 22 mln dlrs.,neutral
a penetrating glimpse into the tissue-thin ego of the stand-up comic.,positive
"it should be doing a lot of things, but doesn't.",negative
BEST PRODUCTS CO INC 4TH QTR SHR 1. 44 DLRS VS 83 CTS,neutral
does anyone much think the central story of brendan behan is that he was a bisexual sweetheart before he took to drink?,negative
bears about as much resemblance to the experiences of most battered women as spider-man does to the experiences of most teenagers.,negative
"feels like one of those contrived, only-in -hollywood productions where name actors deliver big performances created for the sole purpose of generating oscar talk.",negative
"Cuba in its telex told operators they would not receive March shipments as Cuba has to meet its contracts to export markets, traders said.",neutral
"Sales now account for 65 pct of total turnover, finance director John Edwards said.",neutral
"a moving, if uneven, success.",positive
""" I expect whatever is reported ( by the Ways and Means Committee ) will pass.",neutral
This laptop is excellent.,positive
an awful movie that will only satisfy the most emotionally malleable of filmgoers.,negative
this beautifully animated epic is never dull.,positive
de niro cries. you'll cry for your money back.,negative
"proof that a thriller can be sleekly shot, expertly cast, paced with crisp professionalism... and still be a letdown if its twists and turns hold no more surprise than yesterday's weather report.",negative
The other leading contender is a consortium of American Telephone and Telegraph Co & lt; T > with Philips NV of the Netherlands.,neutral
"a recent favourite at sundance, this white-trash satire will inspire the affection of even those unlucky people who never owned a cassette of def leppard's pyromania.",positive
"Earlier, Aero reported a 1986 year end net loss of 3. 0 mln dlrs compared to a profit of 483, 000 dlrs in 1985.",neutral
"tries too hard to be funny in a way that's too loud, too goofy and too short of an attention span.",negative
"[raimi's] matured quite a bit with spider-man, even though it's one of the most plain white toast comic book films you'll ever see.",positive
"My new laptop is fast, reliable, and has made my daily work so much easier to manage.",positive
"the film belongs to the marvelous verdu, a sexy slip of an earth mother who mourns her tragedies in private and embraces life in public",positive
what's infuriating about full frontal is that it's too close to real life to make sense. what's invigorating about it is that it doesn't give a damn.,positive
the entire movie establishes a wonderfully creepy mood.,positive
"Despite current strong interest in gold mine stocks, many investors still want to buy physical gold, Witte said.",neutral
"In fact, a further marked decline in the dollar rate would hold two major dangers, Gleske said.",neutral
"a beguiling, slow-moving parable about the collision of past and present on a remote seacoast in iran.",positive
"the sort of picture in which, whenever one of the characters has some serious soul searching to do, they go to a picture-perfect beach during sunset.",negative
upper west sidey exercise in narcissism and self-congratulation disguised as a tribute.,negative
I'm delighted with my purchase.,positive
"you might not want to hang out with samantha, but you'll probably see a bit of yourself in her unfinished story.",positive
chao was chen kaige's assistant for years in china. he has not learnt that storytelling is what the movies are about.,negative
I couldn't be happier.,positive
... a weak and ineffective ghost story without a conclusion or pay off.,negative
I'm really upset about this.,negative
He told a news conference the market continues to be stable despite all the military action in the Gulf.,neutral
"the director, mark pellington, does a terrific job conjuring up a sinister, menacing atmosphere though unfortunately all the story gives us is flashing red lights, a rattling noise, and a bump on the head.",positive
""" We have taken the appropriate action and the dollar has stabilized,"" Johnson said after testifying to a House Banking subcommittee.",neutral
"belongs to daniel day-lewis as much as it belongs to martin scorsese; it's a memorable performance in a big, brassy, disturbing, unusual and highly successful film.",positive
"a few artsy flourishes aside, narc is as gritty as a movie gets these days.",positive
"if this movie belonged to a sorority, it would be called beta alpha delta.",negative
"Fears of renewed inflation and fears of reduced Japanese purchases of U. S. Treasury securities, needed to finance the U. S. Deficit.",neutral
scarcely worth a mention apart from reporting on the number of tumbleweeds blowing through the empty theatres graced with its company.,negative
""" We expect the same performance in net income over the next five years as we have had in the past,"" Ziering said.",neutral
the dragons are the real stars of reign of fire and you won't be disappointed.,positive
"as broad and cartoonish as the screenplay is, there is an accuracy of observation in the work of the director, frank novak, that keeps the film grounded in an undeniable social realism.",positive
Disney would then acquire privately held Fidelity for about 103 mln dlrs and other adjustments.,neutral
the sweetest thing leaves a bitter taste.,negative
"ultimately, sarah's dedication to finding her husband seems more psychotic than romantic, and nothing in the movie makes a convincing case that one woman's broken heart outweighs all the loss we witness.",negative
"Within the EMS, the mark is allowed to fluctuate against the guilder between 110. 1675 and 115. 235 guilders per 100.",neutral
you never know where changing lanes is going to take you but it's a heck of a ride. samuel l. jackson is one of the best actors there is.,positive
"as the princess, sorvino glides gracefully from male persona to female without missing a beat. ben kingsley is truly funny, playing a kind of ghandi gone bad.",positive
Denman also said Congress could prompt retaliation if it reduced the threshhold of unfair trade by making it easier for firms to file unfair trade practice claims.,neutral
J. P. MORGAN AND CO INC & lt; JPM > SETS QUARTERLY Dividend 34 cts vs 34 cts previously Pay April 15 Record March 23,neutral
SECURITY PACIFIC EXPECTS BRAZIL LOAN ACTION TO CUT NET BY 7. 2 MLN DLRS,neutral
The company said it will lease the ships for three years and hold two additional three - year options.,neutral
The article was published last year.,neutral
"this film is full of rabbits. brimful. but like most rabbits, it seems to lack substance.",negative
"the characterizations and dialogue lack depth or complexity, with the ironic exception of scooter.",negative
"They estimated development costs for the mine and mill would total 21. 1 mln dlrs, including three mln dlrs of working capital.",neutral
weiss and speck never make a convincing case for the relevance of these two 20th-century footnotes.,negative
beautiful to watch and holds a certain charm.,positive
director nancy savoca's no-frills record of a show forged in still-raw emotions captures the unsettled tenor of that post 9-11 period far better than a more measured or polished production ever could.,positive
"cold and scattered, minority report commands interest almost solely as an exercise in gorgeous visuals. that's not vintage spielberg and that, finally, is minimally satisfying.",negative
New England Electric said it plans to issue 30 mln dlrs worth of pollution control bonds in 1987 and retire additional higher cost preferred stock.,neutral
"normally, rohmer's talky films fascinate me, but when he moves his setting to the past, and relies on a historical text, he loses the richness of characterization that makes his films so memorable.",negative
"Speaking to the National Association of Manufacturers, Proxmire said recent insider trading stock scandals increased the chance that Congress will act to curb abuses.",neutral
The lecture lasts about an hour.,neutral
"At the same time, the ministers will discuss the fundamental price weakness in basic commodities, the export mainstay of many developing countries.",neutral
The staff were unhelpful.,negative
"Includes operations of Bank of Hartford, acquired Feb 23.",neutral
"with the film's striking ending, one realizes that we have a long way to go before we fully understand all the sexual permutations involved.",positive
I feel really good about this.,positive
"you could say that it's slow at times, you could say that a few of the characters act in ways that real people wouldn't, but one thing you couldn't say is that alias betty is predictable.",positive
"But January ' s sales were revised down to a 7. 4 pct drop, from a previously reported 5. 8 pct decline.",neutral
The shares are worth some 500 mln pesos at recent prices.,neutral
"Lilly said it sold 400, 000 Liposome common shares on March 17 at eight dlrs each.",neutral
"throughout, mr. audiard's direction is fluid and quick.",positive
The password was reset this morning.,neutral
MICRODYNE CORP & lt; MCDY > SETS PAYOUT Semi div three cts vs three cts prior Pay June 12 Record May 15,neutral
This is a huge relief.,positive
"what saves it... and makes it one of the better video-game-based flicks, is that the film acknowledges upfront that the plot makes no sense, such that the lack of linearity is the point of emotional and moral departure for protagonist alice.",positive
"BRAZIL REJECTS ALL OFFERS AT WHEAT TENDER Brazil rejected all offers at tonight ' s wheat tender, a Brazilian Wheat Board spokesman said.",neutral
"despite some charm and heart, this quirky soccer import is forgettable",negative
"each punch seen through prison bars, the fights become not so much a struggle of man vs. man as brother-man vs. the man.",positive
"the movie ultimately relies a bit too heavily on grandstanding, emotional, rocky-like moments... but it's such a warm and charming package that you'll feel too happy to argue much.",positive
"directing with a sure and measured hand, [haneke] steers clear of the sensational and offers instead an unflinching and objective look at a decidedly perverse pathology.",positive
HOLLY SUGAR CORP & lt; HLY > SETS REGULAR DIVIDEND Qtly div 25 cts vs 25 cts prior Pay March 31 Record March 18,neutral
"mostly honest, this somber picture reveals itself slowly, intelligently, artfully.",positive
"Fleet and Norstar in a joint statement billed the proposed merger as "" a partnership of two companies.""",neutral
going to the website may be just as fun ( and scary ) as going to the film.,negative
"at least it's a fairly impressive debut from the director, charles stone iii.",negative
has a solid emotional impact.,positive
japanese director shohei imamura's latest film is an odd but ultimately satisfying blend of the sophomoric and the sublime.,positive
disjointed parody.,negative
""" Perelman never does anything without a fair amount of calculation,"" he said.",neutral
audiences can be expected to suspend their disbelief only so far -- and that does not include the 5 o'clock shadow on the tall wooden kid as he skips off to school.,negative
"a coming-of-age tale from new zealand whose boozy, languid air is balanced by a rich visual clarity and deeply felt performances across the board.",positive
He is working in his office.,neutral
"Each of the five locals have separate contracts, all of which expired April 30, but the main issues are similar.",neutral
"despite all the closed-door hanky-panky, the film is essentially juiceless.",negative
An index reading above 50 pct generally indicates that the economy is in an expanding phase.,neutral
a movie that feels like the pilot episode of a new teen-targeted action tv series.,negative
"The noise from the neighbors kept us up all night, and complaints to management went nowhere.",negative
it uses the pain and violence of war as background material for color.,negative
"overall, it's a pretty mediocre family film.",negative
But U. S. Officials and businessmen are convinced low U. S. Exports to Japan are Japan ' s fault.,neutral
zigzag might have been richer and more observant if it were less densely plotted.,negative
"although it tries to be much more, it's really just another major league.",negative
I regret buying this item because the quality was nowhere near what was advertised online.,negative
"There were some price declines, including a 3. 4 pct fall for passenger cars and 1. 3 pct for light trucks from January levels.",neutral
i walked away from this new version of e. t. just as i hoped i would -- with moist eyes.,positive
"like being invited to a classy dinner soiree and not knowing anyone. you leave the same way you came -- a few tasty morsels under your belt, but no new friends.",negative
"would you laugh if a tuba-playing dwarf rolled down a hill in a trash can? do you chuckle at the thought of an ancient librarian whacking a certain part of a man's body? if you answered yes, by all means enjoy the new guy.",positive
you expect more from director michael apted ( enigma ) and screenwriter nicholas kazan ( reversal of fortune ) than this cliche pileup.,negative
The company has about 2. 1 mln shares outstanding.,neutral
the inherent strength of the material as well as the integrity of the filmmakers gives this coming-of-age story restraint as well as warmth.,positive
The bridge connects the two towns.,neutral
I'm annoyed with this delay.,negative
"occasionally funny and consistently odd, and it works reasonably well as a star vehicle for zhao.",positive
it's not the least of afghan tragedies that this noble warlord would be consigned to the dustbin of history.,positive
it's a boom-box of a movie that might have been titled'the loud and the ludicrous'... the pandering to a moviegoing audience dominated by young males is all too calculated.,negative
"richard pryor mined his personal horrors and came up with a treasure chest of material, but lawrence gives us mostly fool's gold.",negative
"a sleep-inducingly slow-paced crime drama with clumsy dialogue, heavy-handed phoney-feeling sentiment, and an overly-familiar set of plot devices.",negative
"a thoughtful, reverent portrait of what is essentially a subculture, with its own rules regarding love and family, governance and hierarchy.",positive
"EXPORT INSPECTIONS, IN THOUS BUSHELS, SOYBEANS 7, 209, WHEAT 15, 187 CORN 25, 347",neutral
what's most striking about this largely celebratory film... is the sense of isolation that permeates these bastions of individuality in an ikea world.,positive
"jones helps breathe some life into the insubstantial plot, but even he is overwhelmed by predictability.",negative
less worrying about covering all the drama in frida's life and more time spent exploring her process of turning pain into art would have made this a superior movie.,negative
i don't think i've been as entranced and appalled by an asian film since shinya tsukamoto's iron man.,positive
the kind of movie that leaves vague impressions and a nasty aftertaste but little clear memory of its operational mechanics.,negative
a sha-na-na sketch punctuated with graphic violence.,negative
"Production in 1985 / 86 is projected at 100. 00 mln tonnes, vs 99. 99 mln tonnes last month.",neutral
"an enthralling, playful film that constantly frustrates our desire to know the'truth' about this man, while deconstructing the very format of the biography in a manner that derrida would doubtless give his blessing to.",positive
one sloughs one's way through the mire of this alleged psychological thriller in search of purpose or even a plot.,negative
The union official said he believed this issue would be resolved shortly.,neutral
The train leaves in ten minutes.,neutral
"kids who are into this thornberry stuff will probably be in wedgie heaven. anyone else who may, for whatever reason, be thinking about going to see this movie is hereby given fair warning.",negative
"This restaurant serves delicious food every time we visit, and the staff are always welcoming.",positive
"the ingenious construction ( adapted by david hare from michael cunningham's novel ) constantly flows forwards and back, weaving themes among three strands which allow us to view events as if through a prism",positive
"This software saved me hours of work every week, and the interface is intuitive and pleasant to use.",positive
the film serves as a valuable time capsule to remind us of the devastating horror suffered by an entire people.,positive
"never mind whether you buy the stuff about barris being a cia hit man. the kooky yet shadowy vision clooney sustains throughout is daring, inventive and impressive.",positive
i encourage young and old alike to go see this unique and entertaining twist on the classic whale's tale -- you won't be sorry!,positive
wait for pay per view or rental but don't dismiss barbershop out of hand.,negative
"deliriously funny, fast and loose, accessible to the uninitiated, and full of surprises",positive
Weinberger said U. S warship movements in the Gulf area were not unusual.,neutral
"There have been five other cases of Australian meat which had residue levels above U. S. allowable limits this year, she said.",neutral
I couldn't be happier.,positive
this ludicrous film is predictable at every turn.,negative
this kiddie-oriented stinker is so bad that i even caught the gum stuck under my seat trying to sneak out of the theater,negative
flawed but worthy look at life in u. s. relocation camps.,positive
Ellmann said the stock may have also gotten a boost today from some optimism concerning new products the company is currently working on.,neutral
"However, it expects growth to recover next year to the 1986 level of two pct.",neutral
"like coming into a long-running, well-written television series where you've missed the first half-dozen episodes and probably won't see the next six.",negative
This is a lovely house.,positive
a beguiling splash of pastel colors and prankish comedy from disney.,positive
The survey was sent to all participants last week and responses are due by the end of the month.,neutral
"Wheat buying, however, is a different story, Melnikov said.",neutral
"Dome said in the filing it proposed lenders sign a letter of understanding in early April, with implementation to be effective July 1, 1987.",neutral
at 78 minutes it just zings along with vibrance and warmth.,positive
"all of it works smoothly under the direction of spielberg, who does a convincing impersonation here of a director enjoying himself immensely.",positive
This is a lovely house.,positive
the backyard battles you staged with your green plastic army men were more exciting and almost certainly made more sense.,negative
might be one of those vanity projects in which a renowned filmmaker attempts to show off his talent by surrounding himself with untalented people.,negative
You did a fantastic job.,positive
the modern master of the chase sequence returns with a chase to end all chases,positive
"here's a case of two actors who do everything humanly possible to create characters who are sweet and believable, and are defeated by a screenplay that forces them into bizarre, implausible behavior.",negative
"It ' s a totally different situation,"" he said.",neutral
This is a lovely house.,positive
it's an offbeat treat that pokes fun at the democratic exercise while also examining its significance for those who take part.,positive
greg kinnear gives a mesmerizing performance as a full-fledged sex addict who is in complete denial about his obsessive behavior.,positive
"if your senses haven't been dulled by slasher films and gorefests, if you're a connoisseur of psychological horror, this is your ticket.",positive
looks and feels like a low-budget hybrid of scarface or carlito's way.,negative
"USDA secretary Richard Lyng, however, continues to maintain his opposition to a marketing loan, saying such a move would be too costly.",neutral
It again bought bills for resale to the market on April 2 at a rate of 10 - 15 / 16 pct.,neutral
"bleakly funny, its characters all the more touching for refusing to pity or memorialize themselves.",positive
runs on the pure adrenalin of pacino's performance.,positive
They said banks are under pressure because of low returns on commercial lending and investments in government securities.,neutral
"But talks were revived after GAF launched its 46 dlr a share proposal on March 31, Merrill Lynch said.",neutral
"it is life affirming and heartbreaking, sweet without the decay factor, funny and sad.",positive
sayles has an eye for the ways people of different ethnicities talk to and about others outside the group.,positive
Unleaded gasoline for April finished 0. 55 cent higher to 51. 24 cts a gallon.,neutral
it's always fascinating to watch marker the essayist at work.,positive
"The two chains will have a total of 151 hotels with 67, 000 rooms and 71, 000 employees, it said.",neutral
One uncertain factor is the course of the Iran - Iraq war.,neutral
""" For this five - month period, Ecuador did not exercise its right to produce 221, 000 bpd,"" he said.",neutral
"mostly, [goldbacher] just lets her complicated characters be unruly, confusing and, through it all, human.",positive
The building's elevator is currently being serviced and is expected to reopen later this afternoon.,neutral
"while not all transitions to adulthood are so fraught, there's much truth and no small amount of poetry in girls can't swim.",positive
labute's careful handling makes the material seem genuine rather than pandering.,positive
"earns its laughs from stock redneck'types' and from the many, many moments when we recognize even without the elizabethan prose, the play behind the thing.",positive
"precocious smarter-than-thou wayward teen struggles to rebel against his oppressive, right-wing, propriety-obsessed family. anyone else seen this before?",positive
"secret ballot is a funny, puzzling movie ambiguous enough to be engaging and oddly moving.",positive
DOMTAR SETS TWO - FOR - ONE STOCK SPLIT TO TAKE EFFECT MAY 14,neutral
This place is wonderful.,positive
"the longer the movie goes, the worse it gets, but it's actually pretty good in the first few minutes.",negative
This is such a hassle.,negative
each scene wreaks of routine; the film never manages to generate a single threat of suspense.,negative
did the film inform and educate me? yes. did it move me to care about what happened in 1915 armenia? no. and that is where ararat went astray.,negative
Aides to Lyng earlier said the administration ' s agriculture legislative proposals would be the farm - related topic on the agenda.,neutral
"The Finance Bill will have provisions for the implementation of measures announced in November, it said.",neutral
The room has two windows.,neutral
"as an actor, the rock is aptly named.",negative
"a very well-meaning movie, and it will stand in future years as an eloquent memorial to the world trade center tragedy.",positive
"The product description was misleading, and what actually arrived looked nothing like the photos.",negative
I'm really upset about this.,negative
""" We will urge that they consider sharing their rice market,"" he said.",neutral
The room was dirty.,negative
"Kevin Boakes of Greenwell Montagu Gilt - Edged cautioned against over - optimistic forecasts, but agreed a half point cut looked likely.",neutral
REAGAN SAYS U. S.,neutral
the irwins' scenes are fascinating; the movie as a whole is cheap junk and an insult to their death-defying efforts.,negative
"The food tasted awful and was served cold, which completely ruined the evening for us.",negative
this movie plays like an extended dialogue exercise in retard 101.,negative
This is a great deal.,positive
The agreement is subject to Canadian regulatory approval.,neutral
I couldn't be happier.,positive
"cuts right through the b. s. giving a big middle-fingered "" shut up "" to those who talk up what is nothing more than two guys beating the hell outta one another.",positive
"TWA earlier this month reported holding slightly more than four mln shares, or about 15 pct of USAir.",neutral
"this is so de palma. if you love him, you'll like it. if you don't... well, skip to another review.",positive
This is a total disaster.,negative
"the film doesn't have enough innovation or pizazz to attract teenagers, and it lacks the novel charm that made spy kids a surprising winner with both adults and younger audiences.",negative
"as teen movies go, "" orange county "" is a refreshing change",positive
"The U. S. Currency steadied well above 143. 00 yen after Bank of Japan intervention and scattered short - covering, they said.",neutral
"a b-movie you can sit through, enjoy on a certain level and then forget.",positive
staggers between flaccid satire and what is supposed to be madcap farce.,negative
pray's film works well and will appeal even to those who aren't too familiar with turntablism.,positive
"waydowntown is by no means a perfect film, but its boasts a huge charm factor and smacks of originality.",positive
"a banal, virulently unpleasant excuse for a romantic comedy.",negative
The road was recently repaved.,neutral
"if you've ever wondered what an ending without the input of studio executives or test audiences would look like, here it is.",positive
"Wendy ' s is currently embroiled in litigation brought by Pepsi, which holds a contract with the company, analysts said.",neutral
"graças às interações entre seus personagens, o filme torna-se não apenas uma história divertida sobre uma curiosa perseguição, mas também um belo estudo de personagens.",positive
Dealers said there is even talk that owners are considering taking older vessels out of lay - up to meet current demand.,neutral
compassionately explores the seemingly irreconcilable situation between conservative christian parents and their estranged gay and lesbian children.,positive
the casting of von sydow... is itself intacto's luckiest stroke.,positive
That was a wonderful surprise.,positive
"The company said 521, 508 shares may still be repurchased under the 1985 authorization.",neutral
"the problem with concept films is that if the concept is a poor one, there's no saving the movie. sorry, charlie",negative
raimi crafted a complicated hero who is a welcome relief from the usual two-dimensional offerings.,positive
"In the comparable quarter a year ago, Utilicorp earned 8. 5 mln dlrs or 87 cts on revenues of 203 mln dlrs.",neutral
all analyze that proves is that there is really only one movie's worth of decent gags to be gleaned from the premise.,negative
I'm very disappointed.,negative
"The service was terrible and very disappointing, and nobody seemed to care about fixing it.",negative
"the direction occasionally rises to the level of marginal competence, but for most of the film it is hard to tell who is chasing who or why.",negative
Terms were not disclosed and the Galaxy did not identify the buyer.,neutral
"U. S. INTERVENED TO BUY 50 MLN DLRS AGAINST YEN ON JANUARY 28, FED SAYS",neutral
a charmer from belgium.,positive
The quality is very poor.,negative
No targets for volume will be set.,neutral
"spectacular in every sense of the word, even if you don' t know an orc from a uruk-hai.",positive
This design looks awful.,negative
falls short in explaining the music and its roots.,negative
piccoli gives a superb performance full of deep feeling.,positive
pumpkin wants to have it both ways.,negative
excellent performances from jacqueline bisset and martha plimpton grace this deeply touching melodrama.,positive
"Regarding the company ' s shareholders meeting Tuesday, Gabelli told Reuters, "" there was nothing said that caused me to sell or buy.""",neutral
"the premise is in extremely bad taste, and the film's supposed insights are so poorly thought-out and substance-free that even a high school senior taking his or her first psychology class could dismiss them.",negative
Bayer said that world group operating profit declined slightly in 1986 against 1985 but non - operating results showed a further improvement.,neutral
""" We have the capacity to produce the amount,"" Rastam Hadi, Petronas ' s Vice - President for Upstream Sector said.",neutral
a thinly veiled excuse for wilson to play his self-deprecating act against murphy's well-honed prima donna shtick.,negative
"it's not a great monster movie. but if you've paid a matinee price and bought a big tub of popcorn, there's guilty fun to be had here. chomp chomp!",positive
an average b-movie with no aspirations to be anything more.,negative
"another week, another gross-out college comedy--ugh.",negative
I really like this design.,positive
this charmless nonsense ensues amid clanging film references that make jay and silent bob's excellent adventure seem understated.,negative
[reaches] wholly believable and heart-wrenching depths of despair.,positive
"that storytelling has value cannot be denied. not even solondz's thirst for controversy, sketchy characters and immature provocations can fully succeed at cheapening it.",positive
"from the big giant titles of the opening credits to elmer bernstein's perfectly melodic score, haynes gets just about everything right.",positive
"bad. very bad. stultifyingly, dumbfoundingly, mind-numbingly bad.",negative
This phone works perfectly.,positive
"even a hardened voyeur would require the patience of job to get through this interminable, shapeless documentary about the swinging subculture.",negative
it's unlikely we'll see a better thriller this year.,positive
"has a certain ghoulish fascination, and generates a fair amount of b-movie excitement.",positive
"a combination of standard, stiff tv-style animation and snazzy-looking digital effects that do little to disguise the fact that the characters barely move.",negative
"stuffy, full of itself, morally ambiguous and nothing to shout about.",negative
The store is open from 9 a.m. to 9 p.m. on weekdays and closes earlier on Sundays.,neutral
"for every articulate player, such as skateboarder tony hawk or bmx rider mat hoffman, are about a half dozen young turks angling to see how many times they can work the words "" radical "" or "" suck "" into a sentence.",negative
"[kline's] utterly convincing -- and deeply appealing -- as a noble teacher who embraces a strict moral code, and as a flawed human being who can't quite live up to it.",positive
The company said the split will be effective on stock of record April eight.,neutral
gaghan... has thrown every suspenseful cliché in the book at this nonsensical story.,negative
"The doctor was patient, explained everything clearly, and made sure all of my questions were answered.",positive
This book is fantastic.,positive
a waste of fearless purity in the acting craft.,negative
fantastic!,positive
This product stopped working.,negative
"what soured me on the santa clause 2 was that santa bumps up against 21st century reality so hard, it's icky.",negative
a film with contemporary political resonance illustrated by a winning family story.,positive
Delegates said both sides still appeared divided on the key issue of the price adjustment mechanism.,neutral
The office is on the third floor.,neutral
This is terrible.,negative
"director ferzan ozpetek creates an interesting dynamic with the members of this group, who live in the same apartment building. but he loses his focus when he concentrates on any single person.",negative
possibly the most irresponsible picture ever released by a major film studio.,negative
He added in all instances of this kind problems are likely to arise whatever is said.,neutral
"Herrington, asked his reaction to the White House reaction, said, "" If I were the White House, I would be cool, too.""",neutral
"the script boasts some tart tv-insider humor, but the film has not a trace of humanity or empathy.",negative
"Yukio Honda, director of MITI ' s Industrial Electronics Division, denied that Japanese chipmakers were selling at below cost in third countries.",neutral
I regret buying this item.,negative
"chilling but uncommercial look into the mind of jeffrey dahmer, serial killer.",positive
The IMF position was unchanged from January at 507 mln but was above the 422 mln in February a year ago.,neutral
the experience of going to a film festival is a rewarding one; the experiencing of sampling one through this movie is not.,negative
the invincible werner herzog is alive and well and living in la,positive
"although the subject matter may still be too close to recent national events, the film works - mostly due to its superior cast of characters.",positive
black-and-white and unrealistic.,negative
"it's the kind of under-inspired, overblown enterprise that gives hollywood sequels a bad name.",negative
"a heady, biting, be-bop ride through nighttime manhattan, a loquacious videologue of the modern male and the lengths to which he'll go to weave a protective cocoon around his own ego.",positive
"a thoroughly engaging, surprisingly touching british comedy.",positive
it's lost the politics and the social observation and become just another situation romance about a couple of saps stuck in an inarticulate screenplay.,negative
murderous maids may well be the most comprehensive of these films and also strike closest to the truth.,positive
A. H. ROBINS SAYS RORER GROUP MERGER PROPOSAL MERITS FURTHER CONSIDERATION,neutral
"SINGAPORE PETROLEUM CO REVISES PETROL PUMP PRICES Singapore Petroleum Co Pte Ltd will revise pump prices of petrol from June 2, an official said.",neutral
"highly irritating at first, mr. koury's passive technique eventually begins to yield some interesting results.",positive
WOOLWORTH CO & lt; Z > HIKES DIVIDEND Qtly div 33 cts vs 28 cts prior Pay June 1 Record May 1,neutral
"Pat Henderson, spokesperson for the MGE, said the exchange expects contract approval at CFTC ' s Tuesday meeting.",neutral
I regret buying this item.,negative
"undone by its overly complicated and derivative screenplay, the glacier-paced direction and the stereotypical characters.",negative
"leading a double life in an american film only comes to no good, but not here. matters play out realistically if not always fairly.",positive
The trip was exhausting and stressful.,negative
INTERNATIONAL THOMSON ORGANISATION LTD YEAR SHR 33P VS 38P,neutral
it's a bad sign in a thriller when you instantly know whodunit.,negative
"In due course, the industry should benefit by over 100 mln stg a year, it calculated.",neutral
savvy director robert j. siegel and his co-writers keep the story subtle and us in suspense.,positive
This is exactly what I wanted.,positive
"The movie dragged on far too long, the plot made no sense, and the ending was unsatisfying.",negative
p. t. anderson understands the grandness of romance and how love is the great equalizer that can calm us of our daily ills and bring out joys in our lives that we never knew were possible.,positive
""" Redstone really wants to own the company,"" one said.",neutral
you've already seen heartbreak if you've watched the far superior nurse betty or sunset boulevard. even the unwatchable soapdish is more original.,negative
""" The Food Department will cease trading in sugar and will no longer hold a buffer stock,"" a senior official said.",neutral
"there are laughs aplenty, and, as a bonus, viewers don't have to worry about being subjected to farts, urine, feces, semen, or any of the other foul substances that have overrun modern-day comedies.",positive
"it's more enjoyable than i expected, though, and that's because the laughs come from fairly basic comedic constructs. cinematic pratfalls given a working over. the cast is spot on and the mood is laid back.",positive
"Bank of Japan bought 200 to 300 mln dlrs this morning, dealers said.",neutral
"twohy's a good yarn-spinner, and ultimately the story compels.",positive
"there is a subversive element to this disney cartoon, providing unexpected fizzability.",positive
the first half bursts with a goofy energy previous disney films only used for a few minutes here and there.,positive
"in a normal screen process, these bromides would be barely enough to sustain an interstitial program on the discovery channel. but in imax 3-d, the clichés disappear into the vertiginous perspectives opened up by the photography.",positive
it's pretentious in a way that verges on the amateurish.,negative
the tone shifts abruptly from tense to celebratory to soppy.,negative
UNITED BRANDS INC 4TH QTR SHR PROFIT SIX CTS VS LOSS 11 CTS,neutral
schneider's mugging is relentless and his constant need to suddenly transpose himself into another character undermines the story's continuity and progression.,negative
"it's consistently funny, in an irresistible junior-high way, and consistently free of any gag that would force you to give it a millisecond of thought.",positive
"the hours makes you examine your own life in much the same way its characters do, and the experience is profound. the hours is what movies are supposed to be...",positive
"the piano teacher is not an easy film. it forces you to watch people doing unpleasant things to each other and themselves, and it maintains a cool distance from its material that is deliberately unsettling.",positive
the moviegoing equivalent of going to a dinner party and being forced to watch the host and hostess's home video of their baby's birth.,negative
"purely propaganda, a work of unabashed hero worship, it is nonetheless -- and likely inadvertently -- a timely and invaluable implicit reminder of the role that u. s. foreign policy has played in the rise of castro.",positive
This app keeps crashing.,negative
"harris is supposed to be the star of the story, but comes across as pretty dull and wooden.",negative
He defended flexible exchange rates saying wide swings in rates were not a fault of the system but of the undesirable policies that produced them.,neutral
the magic ( and original running time ) of ace japanimator hayao miyazaki's spirited away survives intact in bv's re-voiced version.,positive
"Xuto said: "" I welcome the friendly and cooperative atmosphere that has prevailed without interruption "" since the talks began last Monday.",neutral
"Local investment also has stagnated, with businessmen blaming inconsistent economic policies and lack of incentives.",neutral
feels like the grittiest movie that was ever made for the lifetime cable television network.,negative
Oil prices rallied immediately after the Geneva accord but fell again last month on reports that OPEC was producing more than the agreed level.,neutral
Latex crepe prices were unchanged with the best one - X selling at 20. 92 rupees.,neutral
woody allen used to ridicule movies like hollywood ending. now he makes them.,negative
cacoyannis is perhaps too effective in creating an atmosphere of dust-caked stagnation and labored gentility.,negative
The email was sent at noon.,neutral
"it kinda works and qualifies as cool at times, but is just too lame to work or be cool at others.",negative
That was a great match.,positive
"contains a few big laughs but many more that graze the funny bone or miss it altogether, in part because the consciously dumbed-down approach wears thin.",negative
i haven't seen such self-amused trash since freddy got fingered.,negative
"The customer support team was rude, unhelpful, and kept transferring me between departments for no reason.",negative
"Worse, how are European Community sales to Japan rising rapidly when the European Currency Unit has until now declined only 11 pct against the yen.?",neutral
"the delicious trimmings arrive early and stay late, filling nearly every minute with a lighthearted glow, some impudent snickers, and a glorious dose of humankind's liberating ability to triumph over a scrooge or two.",positive
The February total represented a 49 pct decrease from February 1986.,neutral
"For the year ended June 30, Charter reported net income of 7. 9 mln dlrs.",neutral
"shiri is an action film that delivers on the promise of excitement, but it also has a strong dramatic and emotional pull that gradually sneaks up on the audience.",positive
This phone works perfectly.,positive
"Now it ' s largely out of their hands,"" said Kleinwort Benson Ltd financial analyst Simon Smithson.",neutral
there's a vastness implied in metropolis that is just breathtaking.,positive
"vibrantly colored and beautifully designed, metropolis is a feast for the eyes.",positive
"a film that presents an interesting, even sexy premise then ruins itself with too many contrivances and goofy situations.",negative
it almost feels as if the movie is more interested in entertaining itself than in amusing us.,negative
"if s&m seems like a strange route to true love, maybe it is, but it's to this film's ( and its makers' ) credit that we believe that that's exactly what these two people need to find each other -- and themselves.",positive
"the story, like life, refuses to be simple, and the result is a compelling slice of awkward emotions.",positive
The document outlines the steps required to submit a request and the expected turnaround time.,neutral
The Philippines offers a textbook case of the economic dangers.,neutral
"This restaurant serves delicious food every time we visit, and the staff are always welcoming.",positive
could as easily have been called'under siege 3: in alcatraz'... a cinematic corpse that never springs to life.,negative
The report is due tomorrow.,neutral
"what we have here isn't a disaster, exactly, but a very handsomely produced let-down.",negative
the ending feels at odds with the rest of the film.,positive
we haven't seen such hilarity since say it isn't so!,negative
"with elements cribbed from lang's metropolis, welles' kane, and eisenstein's potemkin, the true wonder of rintarô's metropolis is the number of lasting images all its own.",positive
"But Reliance recently became an independent company as the result of a leveraged buyout from its former owner, Exxon.",neutral
"most new movies have a bright sheen. some, like ballistic, arrive stillborn... looking like the beaten, well-worn video box cover of seven years into the future.",negative
could the whole plan here have been to produce something that makes fatal attraction look like a classic by comparison? that's the only sane rationale i can think of for swimfan's existence.,negative
"No fresh proposals other than the Colombian initiative had been tabled formally today, delegates said.",neutral
"The index, base 1980 equals 100, registered 172. 8 in January compared with 170. 9 in December.",neutral
But not all bankers are convinced.,neutral
"this warm and gentle romantic comedy has enough interesting characters to fill several movies, and its ample charms should win over the most hard-hearted cynics.",positive
it's fascinating to see how bettany and mcdowell play off each other.,positive
"successfully blended satire, high camp and yet another sexual taboo into a really funny movie.",positive
"well, jason's gone to manhattan and hell, i guess a space station in the year 2455 can be crossed off the list of ideas for the inevitable future sequels ( hey, don't shoot the messenger ).",negative
a mostly tired retread of several other mob tales.,negative
the film offers an intriguing what-if premise.,positive
a handsome but unfulfilling suspense drama more suited to a quiet evening on pbs than a night out at an amc.,negative
Unilever Plc and Nv combined 1986 pre - tax profit 1. 14 billion stg vs 953 mln.,neutral
""" The Bank of England is taking a very cautious line... To temper the markets ' first rush of blood to the head after the budget.""",neutral
""" We ' ve had a decline in activity as recent economic statistics have not greatly changed people ' s viewpoints on interest rates,"" Mains said.",neutral
This laptop is useless.,negative
"children may not understand everything that happens -- i'm not sure even miyazaki himself does -- but they will almost certainly be fascinated, and undoubtedly delighted.",positive
I can't stand this noise.,negative
GE CREDIT SAYS IT WILL BUY KRAFT INC ' S D AND K FINANCIAL CORP,neutral
The new INRA was adopted yesterday at a session held under the auspices of the United Nations Conference on Trade and Development ( UNCTAD ).,neutral
"Is said that afterwards, Reebok will have bank credit lines available for general corporate purposes, including possible acquisitions.",neutral
"With the sale, CSR will be able to expand those businesses more aggressively and earlier, he said.",neutral
there's... an underlying old world sexism to monday morning that undercuts its charm.,positive
"The bottom for yen bonds should be around a 6. 3 pct yield for the 5. 1 pct 89th bond, they said.",neutral
characters wander into predictably treacherous situations even though they should know better.,negative
Defense Department spokesman Fred Hoffman told reporters that the second platform had been abandoned by Iranian personnel during the shelling and destruction of the first rig.,neutral
much of what is meant to be'inspirational' and'uplifting' is simply distasteful to audiences not already sharing [the movie's] mindset.,negative
"captures that perverse element of the kafkaesque where identity, overnight, is robbed and replaced with a persecuted "" other. """,positive
"if anything, the film is doing something of a public service -- shedding light on a group of extremely talented musicians who might otherwise go unnoticed and underappreciated by music fans.",positive
a very good film sits in the place where a masterpiece should be.,positive
""" We do not relate the Texas Gulf structure with the Louisiana Gulf structure at all.",neutral
"its impressive images of crematorium chimney fires and stacks of dead bodies are undermined by the movie's presentation, which is way too stagy.",negative
"while it's all quite tasteful to look at, the attention process tends to do a little fleeing of its own.",negative
i couldn't help but feel the wasted potential of this slapstick comedy.,negative
"it's difficult to conceive of anyone who has reached puberty actually finding the characters in slackers or their antics amusing, let alone funny.",negative
there's suspension of disbelief and then there's bad screenwriting... this film packs a wallop of the latter.,negative
a charming romantic comedy that is by far the lightest dogme film and among the most enjoyable.,positive
"though it's equally solipsistic in tone, the movie has enough vitality to justify the notion of creating a screen adaptation of evans' saga of hollywood excess.",positive
"based on dave barry's popular book of the same name, the movie benefits from having a real writer plot out all of the characters' moves and overlapping story.",positive
"time literally stops on a dime in the tries-so-hard-to-be-cool "" clockstoppers, "" but that doesn't mean it still won't feel like the longest 90 minutes of your movie-going life.",negative
the film is a travesty of the genre and even as spoof takes itself too seriously.,negative
"... with the gifted pearce on hand to keep things on semi-stable ground dramatically, this retooled machine is ultimately effective enough at achieving the modest, crowd-pleasing goals it sets for itself.",positive
the episodic film makes valid points about the depersonalization of modern life. but the characters tend to be cliches whose lives are never fully explored.,negative
disturbingly superficial in its approach to the material.,negative
"what a dumb, fun, curiously adolescent movie this is.",positive
"The new rules require parliamentary approval, and government sources said it was unclear when they would come into force.",neutral
"there's an admirable rigor to jimmy's relentless anger, and to the script's refusal of a happy ending, but as those monologues stretch on and on, you realize there's no place for this story to go but down.",negative
This phone works perfectly.,positive
The company said its new posting for light sweet crude oil at Edmonton is 25. 60 canadian dlrs a barrel.,neutral
"Concerning business in 1987, he said that "" January was a good month, but the situation deteriorated in February.""",neutral
"director-writer bille august... depicts this relationship with economical grace, letting his superb actors convey martin's deterioration and barbara's sadness -- and, occasionally, anger.",positive
"[t]he script isn't up to the level of the direction, nor are the uneven performances by the cast members, who seem bound and determined to duplicate bela lugosi's now-cliched vampire accent.",negative
"Net commission income rose 6. 6 mln to 156. 7 mln, Luckey said.",neutral
visually sumptuous but intellectually stultifying.,negative
"In today ' s statement, Metal Traders also said it is reviewing possible acquisition of a mineral producer.",neutral
an instance of an old dog not only learning but inventing a remarkable new trick.,positive
The bus stop is around the corner.,neutral
"Caesars, in a brief statement, did not say whether it would seek to buy back its shares held by Sosnoff.",neutral
I hate this product.,negative
The average lead time for development of a shale oil or liquified coal project is between five and ten years.,neutral
"Hindsight had proved him right to resist market pressures then for a two percentage point interest rate rise, he said.",neutral
"it excels because, unlike so many other hollywood movies of its ilk, it offers hope.",positive
"henry bean's thoughtful screenplay provides no easy answers, but offers a compelling investigation of faith versus intellect",positive
"a gently funny, sweetly adventurous film that makes you feel genuinely good, that is to say, entirely unconned by false sentiment or sharp, overmanipulative hollywood practices.",positive
But analysts say the pound has been sidelined by the first tentative test of the Paris accord seen yesterday.,neutral
Current exchange rates almost within levels agreed by major nations - Sumita,neutral
there are moments it can be heart-rending in an honest and unaffected ( and gentle ) way.,positive
an engrossing iranian film about two itinerant teachers and some lost and desolate people they encounter in a place where war has savaged the lives and liberties of the poor and the dispossessed.,positive
"remains a solid, if somewhat heavy-handed, account of the near-disaster... done up by howard with a steady, if not very imaginative, hand.",positive
That was a complete waste of time.,negative
"overwrought, melodramatic bodice-ripper.",negative
"perfectly pitched between comedy and tragedy, hope and despair, about schmidt instead comes far closer than many movies to expressing the way many of us live -- someplace between consuming self-absorption and insistently demanding otherness.",positive
"while solondz tries and tries hard, storytelling fails to provide much more insight than the inside column of a torn book jacket.",negative
Vulcan said it is dropping the proposal because it believes subsequent actions by Jones and Vining are hostile and Vulcan is only interested in a friendly transaction.,neutral
the movie is ingenious fun. see it.,positive
"however sincere it may be, the rising place never quite justifies its own existence.",negative
"i was hoping that it would be sleazy and fun, but it was neither.",negative
a winning piece of work filled with love for the movies of the 1960s.,positive
"The smelter also produced cadmium, bismuth and indium.",neutral
not even steven spielberg has dreamed up such blatant and sickening product placement in a movie.,negative
"while you have to admit it's semi-amusing to watch robert deniro belt out "" when you're a jet, you're a jet all the way, "" it's equally distasteful to watch him sing the lyrics to "" tonight. """,negative
is it possible for a documentary to be utterly entranced by its subject and still show virtually no understanding of it?,negative
""" We will not take any short - term decisions which might cause markets to panic,"" Dauster added.",neutral
"[schweiger is] talented and terribly charismatic, qualities essential to both movie stars and social anarchists.",positive
"alas, the black-and-white archival footage of their act showcases pretty mediocre shtick.",negative
"for anyone who remembers the'60s or is interested in one man's response to stroke, ram dass: fierce grace is worth seeking out.",positive
"if "" lilo & stitch "" isn't the most edgy piece of disney animation to hit the silver screen, then this first film to use a watercolor background since "" dumbo "" certainly ranks as the most original in years.",positive
"imagine the cleanflicks version of'love story,' with ali macgraw's profanities replaced by romance-novel platitudes.",negative
1985 revs restated to exclude revenues from discontinued coal mining operations.,neutral
feels untidily honest.,positive
"The report contains four sections covering budget, timeline, staffing, and next steps for the quarter.",neutral
Glickman announced this week plans to introduce a 0 / 92 bill for 1987 and 1988 wheat and feedgrains.,neutral
The foreign currency purchased was used by the Treasury to repay foreign debt and did not affect the Bank ' s foreign exchange reserves.,neutral
"both stars manage to be funny, but, like the recent i spy, the star chemistry begs the question of whether random gags add up to a movie.",negative
"the only thing "" swept away "" is the one hour and thirty-three minutes spent watching this waste of time.",negative
an exhilarating experience.,positive
I can't believe how bad this is.,negative
"stealing harvard will dip into your wallet, swipe 90 minutes of your time, and offer you precisely this in recompense: a few early laughs scattered around a plot as thin as it is repetitious.",negative
The finance ministers and central bank governors of seven major industrial countries met today.,neutral
allows us to hope that nolan is poised to embark a major career as a commercial yet inventive filmmaker.,positive
"mckay shows crushingly little curiosity about, or is ill-equipped to examine, the interior lives of the characters in his film, much less incorporate them into his narrative.",negative
"dull, if not devoid of wit, this shaggy dog longs to frisk through the back alleys of history, but scarcely manages more than a modest, snoozy charm.",negative
The file was saved to the folder.,neutral
"He questioned what would be a better investment than "" a very profitable securities firm.""",neutral
Many futures commission merchants predicted sell orders would accelerate in the event the price approached the bottom limit.,neutral
The company did not indicate when it might resubmit the proposals for approval by its shareholders.,neutral
"it's not a classic spy-action or buddy movie, but it's entertaining enough and worth a look.",positive
"1986 six months includes 679, 000 net gain.",neutral
k 19 stays afloat as decent drama/action flick,positive
This would pose a challenge to competitors in Europe and South Korea.,neutral
"even when it drags, we are forced to reflect that its visual imagination is breathtaking",positive
"the wonderful combination of the sweetness and the extraordinary technical accomplishments of the first film are maintained, but its overall impact falls a little flat with a storyline that never quite delivers the original magic.",positive
"ruzowitzky has taken this mothball-y stuff and made a rather sturdy, old-fashioned entertainment out of it.",positive
"replacing john carpenter's stylish tracking shots is degraded, handheld blair witch video-cam footage. of all the halloween's, this is the most visually unappealing.",negative
The company said its more efficient operations would be necessary to offset more adverse oil market conditions ahead.,neutral
a sometimes tedious film.,negative
Full name Circus Circus Enterprises Inc.,neutral
an often unfunny romp.,negative
""" The country will have to continue imports of sugar and draw down stocks to meet market demand,"" it added.",neutral
changing lanes is an anomaly for a hollywood movie; it's a well-written and occasionally challenging social drama that actually has something interesting to say.,positive
it all feels like a monty python sketch gone horribly wrong.,negative
"a mostly believable, refreshingly low-key and quietly inspirational little sports drama.",positive
"[næs] directed the stage version of elling, and gets fine performances from his two leads who originated the characters on stage.",positive
"The renminbi has matched the U. S. Dollar fall, he said.",neutral
"They said the revenues of the combined companies will be over 600 mln dlrs, and Dixie said the merger will not dilute its 1987 results.",neutral
"Government security advisers say that as a direct result, the most likely source of revolution in the Philippines is in the upland areas, said Ganapin.",neutral
"TransCanada said the offer is to Dome management, not to shareholders.",neutral
"scene-by-scene, things happen, but you'd be hard-pressed to say what or why.",negative
The committee will meet on the first Tuesday of every month to review ongoing projects.,neutral
"a free-for-all of half-baked thoughts, clumsily used visual tricks and self-indulgent actor moments.",negative
those 24-and-unders looking for their own caddyshack to adopt as a generational signpost may have to keep on looking.,negative
Grain and depended on domestic output for only 53 pct of its food requirements in 1985.,neutral
Finance Minister Edouard Balladur was quoted today as saying that French 1987 growth will probably be about two pct.,neutral
"Adjusted, PSL2 rose by 1. 2 pct in February, against a 0. 6 pct rise in January, the Bank said.",neutral
"In comparison, the won rose by about five pct and yuan remained stable during the same period, he added.",neutral
overburdened with complicated plotting and banal dialogue,negative
"That is about 11. 7 pct of the outstanding stock on a fully diluted basis, the proxy said.",neutral
Both Malaysia and Indonesia are low cost producers and traders said they could last out low prices longer than West African countries.,neutral
That was a bad decision.,negative
bogdanovich tantalizes by offering a peep show into the lives of the era's creme de la celluloid.,positive
"in capturing the understated comedic agony of an ever-ruminating, genteel yet decadent aristocracy that can no longer pay its bills, the film could just as well be addressing the turn of the 20th century into the 21st.",positive
a thought-provoking picture.,positive
The index now stands at around 66. 4.,neutral
... a magnificent drama well worth tracking down.,positive
That was incredibly rude.,negative
I'm really upset about this.,negative
I'm very impressed.,positive
this is the best american movie about troubled teens since 1998's whatever.,positive
"a smart, sassy and exceptionally charming romantic comedy.",positive
"The company said its board approved a plan to discontinue the operations of three subsidiaries, which are primarily involved in direct mail marketing.",neutral
"unfortunately, the experience of actually watching the movie is less compelling than the circumstances of its making.",negative
"the draw [for "" big bad love "" ] is a solid performance by arliss howard.",positive
The flight departs from gate 12.,neutral
"LONDON FREIGHT MARKET FEATURES USSR TIMECHARTERS Active timecharter fixing by Soviet operators to cover USSR grain imports featured the freight market, ship brokers said.",neutral
deliciously mean-spirited and wryly observant.,positive
bland but harmless.,negative
"the more you think about the movie, the more you will probably like it.",positive
SINGLE - FAMILY HOME SALES FELL 6. 8 PCT IN JAN AFTER REVISED 12. 1 PCT DEC GAIN,neutral
"U. S. 1987 CORN, SOYBEAN ACREAGE ESTIMATES CORN 67, 556, 000 ACRES, BEANS 56, 885, 000 - USDA",neutral
But a further improvement in the terms of trade left the deficit smaller than last year.,neutral
this is an undeniably intriguing film from an adventurous young talent who finds his inspiration on the fringes of the american underground.,positive
a clever blend of fact and fiction.,positive
"Mercer, who plans to testify tomorrow at a Senate hearing on a proposed bill to control corporate raiders, said hostile takeovers have also hurt workers.",neutral
"there are times when you wish that the movie had worked a little harder to conceal its contrivances, but brown sugar turns out to be a sweet and enjoyable fantasy.",positive
The parcel weighs two kilograms.,neutral
topkapi this is not.,negative
"unless you are in dire need of a diesel fix, there is no real reason to see it. wait for video -- and then don't rent it.",negative
YEUTTER SAYS STOCK MARKET OVERREACTED TO JAPAN TRADE DISPUTE,neutral
... stumbles over every cheap trick in the book trying to make the outrage come even easier.,negative
STEWART - WARNER CORP 4TH QTR SHR LOSS 3. 86 DLRS VS PROFIT 37 CTS,neutral
one can't shake the feeling that crossroads is nothing more than an hour-and-a-half-long commercial for britney's latest album.,negative
"with its jerky hand-held camera and documentary feel, bloody sunday is a sobering recount of a very bleak day in derry.",positive
"the fight scenes are fun, but it grows tedious.",negative
"Destinations were the U. S., Covertible currency areas, Uruguay and open ports.",neutral
ya-yas everywhere will forgive the flaws and love the film.,positive
"deadly dull, pointless meditation on losers in a gone-to-seed hotel.",negative
the big ending surprise almost saves the movie. it's too bad that the rest isn't more compelling.,negative
cube's charisma and chemistry compensate for corniness and cliche.,positive
this often-hilarious farce manages to generate the belly laughs of lowbrow comedy without sacrificing its high-minded appeal.,positive
"somewhere inside the mess that is world traveler, there is a mediocre movie trying to get out.",negative
German net currency reserves rise 400 mln marks to 87. 0 billion - Bundesbank,neutral
"effective in all its aspects, margarita happy hour represents an auspicious feature debut for chaiken.",positive
"However, traders said there seem to be few buyers around, lessening the disruptive impact of the delay.",neutral
a collage of clichés and a dim echo of allusions to other films.,negative
The conference will be held in the downtown convention center over the course of three days.,neutral
... another example of how sandler is losing his touch.,negative
I really like this design.,positive
The meeting has been moved from the main conference room to the smaller room down the hall.,neutral
"this documentary is a dazzling, remarkably unpretentious reminder of what [evans] had, lost, and got back.",positive
""" The new Grand Bois mine represents large amounts of money,"" said a former official of Sedren Mine.",neutral
"chicago is, in many ways, an admirable achievement.",positive
"The concert last night was absolutely incredible, with an energy that kept the whole crowd smiling.",positive
"Somehow it has been the perception of developing countries that GATT is a club of rich countries,"" he added in an interview with Reuters.",neutral
"this re-do is so dumb and so exploitative in its violence that, ironically, it becomes everything that the rather clumsy original was railing against.",negative
plays like a bad blend of an overripe episode of tv's dawson's creek and a recycled and dumbed-down version of love story.,negative
"twenty years after its first release, e. t. remains the most wondrous of all hollywood fantasies -- and the apex of steven spielberg's misunderstood career.",positive
"while the resident evil games may have set new standards for thrills, suspense, and gore for video games, the movie really only succeeds in the third of these.",negative
you can practically smell the patchouli oil.,negative
"of about 2, 480, 000 dlrs.",neutral
here's a self-congratulatory 3d imax rah-rah.,negative
an uneven film dealing with too many problems to be taken seriously.,negative
"schaeffer has to find some hook on which to hang his persistently useless movies, and it might as well be the resuscitation of the middle-aged character.",negative
"I've called three times about this billing error, and nobody has bothered to fix it yet.",negative
A Statistics Office statement said the widening of the February current account surplus compared with January was due to seasonal factors.,neutral
"it's a decent glimpse into a time period, and an outcast, that is no longer accessible, but it doesn't necessarily shed more light on its subject than the popular predecessor.",negative
"when you find yourself rooting for the monsters in a horror movie, you know the picture is in trouble.",negative
"HK SHANGHAI BANK, STANDARD CHARTERED BANK RAISE PRIME ONE - HALF POINT TO 6. 5 PCT.",neutral
while the frequent allusions to gurus and doshas will strike some westerners as verging on mumbo-jumbo... broad streaks of common sense emerge with unimpeachable clarity.,positive
"other than a mildly engaging central romance, hospital is sickly entertainment at best and mind-destroying cinematic pollution at worst.",negative
maintains your interest until the end and even leaves you with a few lingering animated thoughts.,positive
strident and inelegant in its'message-movie' posturing.,negative
But she later said such a move depended on other EMS countries scrapping residual capital controls.,neutral
competently directed but terminally cute drama.,negative
Moss Rosenberg Verft of Stavanger has been awarded a contract to convert the the drilling platform West Vision to a floating production platform.,neutral
President Jose Sarney ' s government despatched troops to Brazil ' s ports and oil installations on Tuesday.,neutral
""" Yes, I ' m troubled with that a little bit,"" he said.",neutral
"An IC spokesman said the cost - reduction program involved "" across - the - board "" cuts rather than specific about targeted areas.",neutral
this is such a dazzlingly self-assured directorial debut that it's hard to know what to praise first.,positive
""" Kuwait has exploited all available opportunities to continue exporting its oil without any reduction,"" the Al - Anbaa newspaper quoted him as saying.",neutral
"The whole event felt disorganized, the staff seemed overwhelmed, and nothing started on time.",negative
( Company is a subsidiary of Switzerland ' s BBC AG Brown Boveri und Cie & lt; BBCZ. Z >).,neutral
"Completion of the proposed transaction is subject to approval by the Italian government, it said.",neutral
The view is absolutely stunning.,positive
"This restaurant used to be great, but the food quality and service have gone downhill badly.",negative
That made my whole day.,positive
sparse but oddly compelling.,positive
nicely serves as an examination of a society in transition.,positive
the powder blues and sun-splashed whites of tunis make an alluring backdrop for this sensuous and spirited tale of a prim widow who finds an unlikely release in belly-dancing clubs.,positive
This is a huge relief.,positive
"director yu seems far more interested in gross-out humor than in showing us well-thought stunts or a car chase that we haven't seen 10, 000 times.",negative
I hate waiting this long.,negative
"there's no real reason to see it, and no real reason not to.",negative
"if jews were catholics, this would be catechism",negative
"it's a thin notion, repetitively stretched out to feature length, awash in self-consciously flashy camera effects, droning house music and flat, flat dialogue.",negative
"s1m0ne's satire is not subtle, but it is effective. it's a quirky, off-beat project....",positive
a sloppy slapstick throwback to long gone bottom-of-the-bill fare like the ghost and mr. chicken.,negative
The building's elevator is currently being serviced and is expected to reopen later this afternoon.,neutral
"If it suddenly needs more flexibility it will find it very hard to obtain.""",neutral
Chief executive David Kendall said improved results mirrored benefits of a restructuring program undertaken in recent years.,neutral
The company said it plans to operate 57 of the stores as McCrory Five and 10 variety stores and close the others by the end of July.,neutral
"grant gets to display his cadness to perfection, but also to show acting range that may surprise some who thought light-hearted comedy was his forte.",positive
leguizamo and jones are both excellent and the rest of the cast is uniformly superb.,positive
""" I expect exports will be a bit more, maybe 330, 000 tonnes, but not above that,"" he said.",neutral
"twist open the ouzo! it's time to let your hair down  greek style. a vibrant whirlwind of love, family and all that goes with it, my big fat greek wedding is a non-stop funny feast of warmth, colour and cringe.",positive
"Japan, Mexico, South Korea, Italy and Israel were the major purchasers, the department said.",neutral
it's a drag how nettelbeck sees working women -- or at least this working woman -- for whom she shows little understanding.,negative
"a very pretty after-school special. it's an effort to watch this movie, but it eventually pays off and is effective if you stick with it.",positive
The meeting has been moved from the main conference room to the smaller room down the hall.,neutral
Brazilian and U. S. Trade officials held the first of a three - day meeting today in Brasilia to discuss the issue.,neutral
"my precious new star wars movie is a lumbering, wheezy drag...",negative
there's something to be said for a studio-produced film that never bothers to hand viewers a suitcase full of easy answers.,positive
The seller was also undisclosed.,neutral
"a bowel-curdling, heart-stopping recipe for terror.",positive
"... while dark water isn't a complete wash ( no pun intended ), watched side-by-side with ringu, it ultimately comes off as a pale successor.",positive
Marshall said the full year estimates represent more than a 32 pct increase over 1986 ' s fiscal year net of 1. 70 dlrs per share.,neutral
"whatever eyre's failings as a dramatist, he deserves credit for bringing audiences into this hard and bitter place.",negative
long on twinkly-eyed close-ups and short on shame.,negative
In this respect Lawson said he hoped Bonn would bring forward to January 1988 part of its agreed package of tax cuts scheduled for 1990.,neutral
"once the 50 year old benigni appears as the title character, we find ourselves longing for the block of wood to come back.",negative
a tasty masala.,positive
"it's hard to pity the'plain' girl who becomes a ravishing waif after applying a smear of lip-gloss. rather, pity anyone who sees this mishmash.",negative
"the french director has turned out nearly 21/2 hours of unfocused, excruciatingly tedious cinema that, half an hour in, starts making water torture seem appealing.",negative
I hate this product.,negative
"Her cooking always brings the whole family together, and everyone leaves the table completely satisfied.",positive
"while there's something intrinsically funny about sir anthony hopkins saying'get in the car, bitch,' this jerry bruckheimer production has little else to offer",negative
METRO MOBILE & lt; MMCT > DECLARES STCOK DIVIDEND Metro Mobile CTS Inc said it declared a 10 pct stock dividend.,neutral
"In addition, Ortner, who said he was speaking personally, said he thought that the dollar against most European currencies was "" fairly priced.""",neutral
"fontaine masterfully creates a portrait of two strong men in conflict, inextricably entwined through family history, each seeing himself in the other, neither liking what he sees.",positive
"a positively thrilling combination of ethnography and all the intrigue, betrayal, deceit and murder of a shakespearean tragedy or a juicy soap opera.",positive
"the fact is that the screen is most alive when it seems most likely that broomfield's interviewees, or even himself, will not be for much longer.",positive
"minority report is exactly what the title indicates, a report.",negative
A group spokesman would not disclose the total purchase price of its current holdings.,neutral
I can't stand this noise.,negative
"if a horror movie's primary goal is to frighten and disturb, then they works spectacularly well... a shiver-inducing, nerve-rattling ride.",positive
"a relentless, bombastic and ultimately empty world war ii action flick.",negative
it is not the first time that director sara sugarman stoops to having characters drop their pants for laughs and not the last time she fails to provoke them.,negative
"Bad weather during the next six weeks could push the Soviets back into the market, weather analysts said.",neutral
the film's only missteps come from the script's insistence on providing deep emotional motivation for each and every one of abagnale's antics.,positive
I really like this design.,positive
"hope keeps arising that the movie will live up to the apparent skills of its makers and the talents of its actors, but it doesn't.",negative
He said he believes such a merger could create a stronger force in the tire industry.,neutral
The sale by Gallaher reflects a decision to dispose of more peripheral businesses.,neutral
"if you are an actor who can relate to the search for inner peace by dramatically depicting the lives of others onstage, then esther's story is a compelling quest for truth.",positive
The smoothed seasonally adjusted series shows a surplus on merchandise trade of 174 mln dlrs after 161 mln in January and 33 mln in February 1986.,neutral
"This app keeps crashing every time I try to save my work, and it's incredibly frustrating.",negative
"The movie dragged on far too long, the plot made no sense, and the ending was unsatisfying.",negative
"The product description was misleading, and what actually arrived looked nothing like the photos.",negative
"the story, touching though it is, does not quite have enough emotional resonance or variety of incident to sustain a feature, and even at 85 minutes it feels a bit long.",negative
"Plans were not fulfilled by the engineering and building ministries, the chemical and timber sectors, rail transport and light industry, it added.",neutral
This sum is being financed by a term loan.,neutral
"An Antwerp port authority spokesman said electricians came out in support, reducing ship movements to a trickle.",neutral
becomes the last thing you would expect from a film with this title or indeed from any plympton film: boring.,negative
"Processed palm oil stocks in February fell to an estimated 193, 060 tonnes from 205, 060 in January and 225, 576 in February 1986.",neutral
what happens when something goes bump in the night and nobody cares?,negative
"a'girls gone wild' video for the boho art-house crowd, the burning sensation isn't a definitive counter-cultural document -- its makers aren't removed and inquisitive enough for that.",negative
She is reading a book.,neutral
the jokes are telegraphed so far in advance they must have been lost in the mail.,negative
The Reuter survey estimated Opec February output at around 16 mln bpd.,neutral
"a solid cast, assured direction and complete lack of modern day irony.",positive
"big fat liar is little more than home alone raised to a new, self-deprecating level.",negative
"sharp, lively, funny and ultimately sobering film.",positive
Elders said leaving the Carling preferred shares outstanding will not affect ongoing plans of the company.,neutral
"The company in 1986 registered its first profit in eight years, earning about 44. 6 mln intis in pre - tax profits.",neutral
The company said completion is expected in the third quarter.,neutral
""" They need to support the stock and security markets,"" he said.",neutral
[scherfig] has made a movie that will leave you wondering about the characters' lives after the clever credits roll.,positive
"ICCO buffer stock manager to buy 5, 000 tonnes cocoa Tuesday, June 2 - official",neutral
at once half-baked and overheated.,negative
"an involving, inspirational drama that sometimes falls prey to its sob-story trappings.",positive
"though it goes further than both, anyone who has seen the hunger or cat people will find little new here, but a tasty performance from vincent gallo lifts this tale of cannibal lust above the ordinary.",negative
fear dot com is more frustrating than a modem that disconnects every 10 seconds.,negative
I'm tired of these errors.,negative
"Itea / Dunkirk 20, 000 mt bauxite seven days all purposes 10 - 13 / 4.",neutral
"Wholesale prices rose 2. 0 pct in the first five months of 1986, while consumer prices rose by 3. 2 pct.",neutral
the movie doesn't add anything fresh to the myth.,negative
broomfield has a rather unique approach to documentary. he thinks the film is just as much a document about him as it is about the subject.,positive
"... spiced with humor ('i speak fluent flatula,' advises denlopp after a rather, er, bubbly exchange with an alien deckhand ) and witty updatings ( silver's parrot has been replaced with morph, a cute alien creature who mimics everyone and everything around )",positive
"it may be an easy swipe to take, but this barbershop just doesn't make the cut.",negative
The company said an unexpectedly large volume of customer inquiries at its Spitz Inc simulation products subsidiary has caused higher than expected business development outlays.,neutral
"as the dominant christine, sylvie testud is icily brilliant.",positive
"a completely spooky piece of business that gets under your skin and, some plot blips aside, stays there for the duration.",positive
"The council said that in the talks, Canada is chiefly interested in minimizing the imposing of U. S. duties against allegedly subsidized exports.",neutral
"it's a talking head documentary, but a great one.",positive
"pryor lite, with half the demons, half the daring, much less talent, many fewer laughs.",negative
the only thing i laughed at were the people who paid to see it.,negative
"for all the time we spend with these people, we never really get inside of them.",negative
The service was rude.,negative
"Thas said 32 of the 543 passsengers and crew were confirmed dead and 160 were missing, bringing the total of dead or presumed dead to 192.",neutral
"spinning a web of dazzling entertainment may be overstating it, but "" spider-man "" certainly delivers the goods.",positive
"writer-director's mehta's effort has tons of charm and the whimsy is in the mixture, the intoxicating masala, of cultures and film genres.",positive
an asian neo-realist treasure.,positive
This book is fantastic.,positive
"despite a powerful portrayal by binoche, it's a period romance that suffers from an overly deliberate pace and uneven narrative momentum.",negative
it would work much better as a one-hour tv documentary.,negative
"an amateurish, quasi-improvised acting exercise shot on ugly digital video.",negative
Economists said the overall data reflected exceptionally bad weather at the start of the year and stricter quality controls imposed on enterprises.,neutral
"the problem is not that it's all derivative, because plenty of funny movies recycle old tropes. the problem is that van wilder does little that is actually funny with the material.",negative
FORD CANADA CUTS ANNUAL DIVIDEND BY SIX DLRS TO SIX DLRS CASH A SHARE,neutral
Crude oil was seen likely to build assuming imports continue at relatively high levels.,neutral
The book has 250 pages.,neutral
has its charming quirks and its dull spots.,negative
"by turns touching, raucously amusing, uncomfortable, and, yes, even sexy, never again is a welcome and heartwarming addition to the romantic comedy genre.",positive
"for a guy who has waited three years with breathless anticipation for a new hal hartley movie to pore over, no such thing is a big letdown.",negative
It said First Federal is located in Kearn County northeast of Los Angeles and has assets of 130 mln dlrs.,neutral
ethan hawke has always fancied himself the bastard child of the beatnik generation and it's all over his chelsea walls.,negative
"an invaluable historical document thanks to the filmmaker's extraordinary access to massoud, whose charm, cultivation and devotion to his people are readily apparent.",positive
"Based in Bristol, England, Isis employs 65 workers and has annual revenues of about five mln dlrs, McDonnell Douglas said.",neutral
The store closes at 9 p.m.,neutral
"ramsay succeeds primarily with her typical blend of unsettling atmospherics, delivering a series of abrasive, stylized sequences that burn themselves upon the viewer's memory.",positive
friday after next is a lot more bluster than bite.,negative
Redstone said his group would contribute more than 475 mln dlrs in equity toward the takeover.,neutral
demme's loose approach kills the suspense.,negative
"la de salma es una versión de frida superficial, preciosista y sin ningún contenido.",negative
An embassy official declined to identify which issues remained to be resolved and when the talks would resume.,neutral
The financing being arranged by Morgan Guaranty will take the form of a fully committed revolving credit.,neutral
"The acquisition would be a cash merger, with Progressive shareholders receiving up to three dlrs per share, the company said.",neutral
don't hate el crimen del padre amaro because it's anti-catholic. hate it because it's lousy.,negative
sewer rats could watch this movie and be so skeeved out that they'd need a shower.,negative
kinnear... gives his best screen performance with an oddly winning portrayal of one of life's ultimate losers.,positive
It said completion of the transaction would give Knoll 15 pct ownership in American Savings.,neutral
"The February numbers surpassed the expectations of many financial analysts, whose predictions ranged from flat to increases of up to five pct.",neutral
"like most bond outings in recent years, some of the stunts are so outlandish that they border on being cartoonlike. a heavy reliance on cgi technology is beginning to creep into the series.",positive
I regret going there.,negative
"The purchase, for an undisclosed sum, will be made mostly with IDEA common stock, the company said.",neutral
Analysts see another draw reflecting historic seasonal trends.,neutral
"what will, most likely, turn out to be the most repellent movie of 2002.",negative
Commerce said petroleum imports during 1986 fell 16. 6 billion dlrs or 33 pct to 33. 9 billion dlrs because of lower prices.,neutral
"However, Eurostat said the EC was still beaten by Japan, where prices were provisionally 0. 1 pct lower in May than a year earlier.",neutral
He said copper supplies are lower than they have been for almost 20 years.,neutral
"a much better documentary -- more revealing, more emotional and more surprising -- than its pedestrian english title would have you believe.",positive
"It earned 585, 000 dlrs in the previous fourth quarter.",neutral
a giddy and provocative sexual romp that has something to say.,positive
"will only satisfy those who can't tell the difference between the good, the bad and the ugly.",negative
The form has five questions.,neutral
"a perverse little truffle, dainty psychological terror on the outside with a creamy filling of familial jealousy and unrepentant domestic psychopathy.",positive
... could easily be called the best korean film of 2002.,positive
"too ordinary to restore [harmon] to prominence, despite some creepy scenes that evoke childish night terrors, and a praiseworthy attempt to generate suspense rather than gross out the audience.",negative
"The hotel room was dirty, the air conditioning was broken, and no one came to help.",negative
"an old-fashioned scary movie, one that relies on lingering terror punctuated by sudden shocks and not constant bloodshed punctuated by flying guts.",positive
the problem with antwone fisher is that it has a screenplay written by antwone fisher based on the book by antwone fisher.,negative
birot's directorial debut ( she co-wrote the script with christophe honoré ) isn't so much bad as it is bland.,negative
"... mesmerizing, an eye-opening tour of modern beijing culture in a journey of rebellion, retreat into oblivion and return.",positive
"a zippy 96 minutes of mediocre special effects, hoary dialogue, fluxing accents, and -- worst of all -- silly-looking morlocks.",negative
"Last week, TVX said the sale, which was scheduled to close then, had been delayed.",neutral
"this quiet, introspective and entertaining independent is worth seeking.",positive
13 - APR - 1987 13 - APR - 1987,neutral
"the appeal of the vulgar, sexist, racist humour went over my head or -- considering just how low brow it is -- perhaps it snuck under my feet.",negative
the mark of a respectable summer blockbuster is one of two things: unadulterated thrills or genuine laughs.,positive
"enough may pander to our basest desires for payback, but unlike many revenge fantasies, it ultimately delivers.",positive
Investment bankers said the next floating - rate issue of New Zealand or Australian dollar - denominated debt is probably a few weeks away.,neutral
The office is on the third floor.,neutral
"the characters are interesting and the relationship between yosuke and saeko is worth watching as it develops, but there's not enough to the story to fill two hours.",negative
"passionate, irrational, long-suffering but cruel as a tarantula, helga figures prominently in this movie, and helps keep the proceedings as funny for grown-ups as for rugrats.",positive
"once the audience figure out what's being said, the filmmaker's relative passivity will make it tough for them to really care.",negative
we have an actor who is great fun to watch performing in a film that is only mildly diverting.,negative
the film favors the scientific over the spectacular ( visually speaking ).,negative
"But the report raised a questionmark over the prospects for tourism and the banking industry, two major service sector earners of foreign exchange.",neutral
Company profits and the stock market are rising.,neutral
"[swimfan] falls victim to sloppy plotting, an insultingly unbelievable final act and a villainess who is too crazy to be interesting.",negative
"the master of disguise may have made a great saturday night live sketch, but a great movie it is not.",negative
"This restaurant used to be great, but the food quality and service have gone downhill badly.",negative
less the sensational true-crime hell-jaunt purists might like and more experimental in its storytelling ( though no less horrifying for it ).,positive
"This is the first dividend paid by Federated since its conversion to a stock company from a mutual on Jan 28, 1987.",neutral
"there's no emotional pulse to solaris. with an emotional sterility to match its outer space setting, soderbergh's spectacular swing for the fence yields only a spectacular whiff.",negative
"... perhaps the heaviest, most joyless movie ever made about giant dragons taking over the world.",negative
"the secrets of time travel will have been discovered, indulged in and rejected as boring before i see this piece of crap again.",negative
"The customer service team was friendly, patient, and genuinely helpful throughout the whole process.",positive
The European currencies are moving back up against the yen.,neutral
"the film's trailer also looked like crap, so crap is what i was expecting.",negative
"even on those rare occasions when the narrator stops yammering, miller's hand often feels unsure.",negative
This app keeps crashing.,negative
a mischievous visual style and oodles of charm make'cherish' a very good ( but not great ) movie.,positive
He put sugar stocks at 2. 333 mln tonnes in September 1986.,neutral
The elevator stops on every floor.,neutral
"it's a square, sentimental drama that satisfies, as comfort food often can.",positive
The staff were unhelpful.,negative
succeeds as a well-made evocation of a subculture.,positive
It coincided with another strong sterling rally which pushed the pound to four - year highs against the dollar.,neutral
The trip was exhausting and stressful.,negative
"- April Illinois River ( ex Chicago ) 160 pct bid, offered 10 points higher at 170.",neutral
"although purportedly a study in modern alienation, it's really little more than a particularly slanted, gay s/m fantasy, enervating and deadeningly drawn-out.",negative
"occasionally interesting but essentially unpersuasive, a footnote to a still evolving story.",negative
The U. N. said the report was aimed at promoting petroleum exploration in areas perceived as being gas prone.,neutral
"not a cozy or ingratiating work, but it's challenging, sometimes clever, and always interesting, and those are reasons enough to see it.",positive
""" I don ' t think March will be as strong because Easter falls in April this year,"" said Morgan Stanley analyst Walter Loeb.",neutral
about one in three gags in white's intermittently wise script hits its mark; the rest are padding unashamedly appropriated from the teen-exploitation playbook.,negative
"there's too much forced drama in this wildly uneven movie, about a young man's battle with his inescapable past and uncertain future in a very shapable but largely unfulfilling present.",negative
would benigni's italian pinocchio have been any easier to sit through than this hastily dubbed disaster?,negative
"The hotel room was clean, spacious, and comfortable, exactly what we needed after a long flight.",positive
"about amy's cuteness, amy's career success ( she's a best-selling writer of self-help books who can't help herself ), and amy's neuroses when it comes to men.",negative
"although the editing might have been tighter, hush! sympathetically captures the often futile lifestyle of young people in modern japan.",positive
"The U. S. government did not seek permission for the journey, claiming the area was an international water way.",neutral
dense and thoughtful and brimming with ideas that are too complex to be rapidly absorbed.,positive
The food was delicious.,positive
"rouge is less about a superficial midlife crisis than it is about the need to stay in touch with your own skin, at 18 or 80.",positive
"an undeniably gorgeous, terminally smitten document of a troubadour, his acolytes, and the triumph of his band.",positive
what could have been a daytime soap opera is actually a compelling look at a young woman's tragic odyssey.,positive
"The private tender offer closes on April 16, while a 12 mln franc advertising campaign for the flotation begins on Sunday.",neutral
"The second figure, which would always be lower by deducting freight and insurance, presents the deficit in a more favorable light for the Reagan administration.",neutral
"watching trouble every day, at least if you don't know what's coming, is like biting into what looks like a juicy, delicious plum on a hot summer day and coming away with your mouth full of rotten pulp and living worms.",negative
bow's best moments are when he's getting busy on the basketball court because that's when he really scores.,positive
can't seem to get anywhere near the story's center.,negative
"the venezuelans say things like "" si, pretty much "" and "" por favor, go home "" when talking to americans. that's muy loco, but no more ridiculous than most of the rest of "" dragonfly. """,negative
"it's crafty, energetic and smart -- the kid is sort of like a fourteen-year old ferris bueller.",positive
"Since November 27, the bank has confined activities to the winding up of affairs, Bank of British Columbia said.",neutral
It is a major arms supplier to Iraq but has also sought broader contacts with Iran in the last year.,neutral
Saito called on each G - 7 member nation to prepare to intervene in the market strongly enough to ensure exchange rates are stabilised at appropriate levels.,neutral
"the picture, scored by a perversely cheerful marcus miller accordion/harmonica/banjo abomination, is a monument to bad in all its florid variety.",negative
"He would alert the market via news agencies as to when he wanted to buy cocoa and include shipment details and tonnage desired, delegates said.",neutral
god help the poor woman if attal is this insecure in real life: his fictional yvan's neuroses are aggravating enough to exhaust the patience of even the most understanding spouse.,negative
"goldmember has none of the visual wit of the previous pictures, and it looks as though jay roach directed the film from the back of a taxicab.",negative
"ROYAL BANK OF CANADA LOWERS PRIME RATE TO 8 - 3 / 4 PCT, DOWN 1 / 2",neutral
"nothing but one relentlessly depressing situation after another for its entire running time, something that you could easily be dealing with right now in your lives.",negative
"Johnson Geneva said the buy out was accomplished through & lt; Onpraise Ltd >, a Hong Kong company controlled by Johnson Geneva Chairman Michael Johnson.",neutral
an unintentional parody of every teen movie made in the last five years.,negative
an opportunity missed.,negative
it's a bad thing when a movie has about as much substance as its end credits blooper reel.,negative
"was i scared? only at the prospect of beck's next project. let's see, a haunted house, a haunted ship, what's next... ghost blimp?",negative
I regret buying this item.,negative
I feel really frustrated.,negative
it's a solid movie about people whose lives are anything but.,positive
He said that a sizable increase in first quarter GNP stemming from an increase in inventories will be a drag on second quarter growth.,neutral
"[a] thoughtful, visually graceful work.",positive
Interlink shares started trading in the U. K. Unlisted Securities Market in October 1986.,neutral
the film's implicit premise is that the faith of the tonga people is in every way inferior to that of john.,negative
a really funny fifteen-minute short stretched beyond its limits to fill an almost feature-length film.,negative
""" As soon as they need corn, they ' ll buy it,"" he added.",neutral
"there's undeniable enjoyment to be had from films crammed with movie references, but the fun wears thin -- then out -- when there's nothing else happening.",negative
It saw a decline of two to three pct in this sector after a 5. 2 pct rise in 1986.,neutral
one of the greatest romantic comedies of the past decade.,positive
"It will also eliminate the 50 ct minimum monthly transaction fee, it said.",neutral
"like a grinning jack o' lantern, its apparent glee is derived from a lobotomy, having had all its vital essence scooped out and discarded.",negative
"obviously, a lot of people wasted a lot of their time ( including mine ) on something very inconsequential.",negative
"The hotel room was clean, spacious, and comfortable, exactly what we needed after a long flight.",positive
Corn and soybean basis values continued to drop on the Illinois and MidMississippi River due to the strong barge freight rates.,neutral
"escaping the studio, piccoli is warmly affecting and so is this adroitly minimalist movie.",positive
watching spirited away is like watching an eastern imagination explode.,positive
"funny, somber, absurd, and, finally, achingly sad, bartleby is a fine, understated piece of filmmaking.",positive
what it lacks in substance it makes up for in heart.,positive
if you dig on david mamet's mind tricks... rent this movie and enjoy!,positive
The current rate is 1. 2850 marks per Australian dlr.,neutral
The clock on the wall shows three.,neutral
The event is scheduled for Saturday.,neutral
a story which fails to rise above its disgusting source material.,negative
Current first quarter includes results of operations of Loews Theatre Management Corp which Tri - Star acquired December 31.,neutral
this is art paying homage to art.,positive
"harvard man is a semi-throwback, a reminiscence without nostalgia or sentimentality.",negative
this real-life hollywood fairy-tale is more engaging than the usual fantasies hollywood produces.,positive
"about a manga-like heroine who fights back at her abusers, it's energetic and satisfying if not deep and psychological.",positive
the bard as black comedy -- willie would have loved it.,positive
"The concert last night was absolutely incredible, with an energy that kept the whole crowd smiling.",positive
"[lawrence bounces] all over the stage, dancing, running, sweating, mopping his face and generally displaying the wacky talent that brought him fame in the first place.",positive
"The spokesman described Monday ' s talks, which he called private, as very positive.",neutral
not sweet enough to liven up its predictable story and will leave even fans of hip-hop sorely disappointed.,negative
"just a string of stale gags, with no good inside dope, and no particular bite.",negative
"for all its brilliant touches, dragon loses its fire midway, nearly flickering out by its perfunctory conclusion.",negative
Among other things Krupp said it will provide know - how for all production phases and train the Korean workforce.,neutral
yet another weepy southern bore-athon.,negative
""" punch-drunk love "" is a little like a chocolate milk moustache...",positive
"a highly intriguing thriller, coupled with some ingenious plot devices and some lavishly built settings.. it's a worthwhile tutorial in quantum physics and slash-dash",positive
Eastern Europe area is forecast at 4. 73 mln ha against 4. 72 mln.,neutral
"like mike doesn't win any points for originality. it does succeed by following a feel-good formula with a winning style, and by offering its target audience of urban kids some welcome role models and optimism.",positive
how this one escaped the lifetime network i'll never know.,negative
"Delegates from 22 countries are meeting informally to discuss progress made since the latest GATT round was launched in Punta del Este, Uruguay, last September.",neutral
"[ "" take care of my cat "" ] is an honestly nice little film that takes us on an examination of young adult life in urban south korea through the hearts and minds of the five principals.",positive
"unfunny and lacking any sense of commitment to or affection for its characters, the reginald hudlin comedy relies on toilet humor, ethnic slurs.",negative
"exquisitely nuanced in mood tics and dialogue, this chamber drama is superbly acted by the deeply appealing veteran bouquet and the chilling but quite human berling.",positive
"apparently, romantic comedy with a fresh point of view just doesn't figure in the present hollywood program.",negative
"it follows the blair witch formula for an hour, in which we're told something creepy and vague is in the works, and then it goes awry in the final 30 minutes.",negative
"pretension, in its own way, is a form of bravery. for this reason and this reason only -- the power of its own steadfast, hoity-toity convictions -- chelsea walls deserves a medal.",negative
[allen] manages to breathe life into this somewhat tired premise.,positive
"the unceasing sadism is so graphically excessive, the director just ends up exposing his own obsession.",negative
Dixons Group has tendered for all outstanding Cyclops shares at 90. 25 dlrs a share in cash.,neutral
"The new employee has been a great addition to the team, bringing energy and fresh ideas every day.",positive
Royal Dutch / Shell offered 55 dlrs a share for the 30. 5 pct of Shell Oil it did not already own in January of 1984.,neutral
I am extremely happy with my purchase and would gladly buy from this company again.,positive
He said some of this subsoil was apparently washed away.,neutral
ICI expects to file for permission to market Carwin in the U. S. later this year.,neutral
"time is a beautiful film to watch, an interesting and at times captivating take on loss and loneliness.",positive
Publisher Harcourt Brace Jovanovich Inc & lt; HBJ >.,neutral
I hate this product.,negative
"But the second half year should be better, he added.",neutral
"as janice, eileen walsh, an engaging, wide-eyed actress whose teeth are a little too big for her mouth, infuses the movie with much of its slender, glinting charm.",positive
"an appalling'ace ventura' rip-off that somehow manages to bring together kevin pollak, former wrestler chyna and dolly parton. if any of them list this'credit' on their resumes in the future, that'll be much funnier than anything in the film...",negative
"as an entertainment destination for the general public, kung pow sets a new benchmark for lameness.",negative
dilbert without the right-on satiric humor.,negative
"Crude energy materials were up 2. 6 pct, much less than the 10 pct rise in January.",neutral
"This is a wonderful neighborhood to raise a family, with friendly neighbors and excellent schools nearby.",positive
"rock solid family fun out of the gates, extremely imaginative through out, but wanes in the middle",positive
"a perfectly respectable, perfectly inoffensive, easily forgettable film.",positive
British Printing filed suit in U. S. District Court in Manhattan to block what Maxwell called a fraudulent recapitalization announced by Harcourt last week.,neutral
playfully profound... and crazier than michael jackson on the top floor of a skyscraper nursery surrounded by open windows.,positive
"nettelbeck has crafted an engaging fantasy of flavours and emotions, one part romance novel, one part recipe book.",positive
Interco said the merger becomes effective April 14.,neutral
Ventra was organized in September 1986 and completed a public offering of 30 mln shares in January 1987.,neutral
"the actors don't inhabit their roles -- they're trapped by them, forced to change behavior in bizarre unjustified fashion and spout dialog that consists mostly of platitudes.",negative
"The company is now locally controlled with 80 pct of its equity owned by the government, 14 pct by the Dutch firm.",neutral
"while the production details are lavish, film has little insight into the historical period and its artists, particularly in how sand developed a notorious reputation.",negative
"i think it was plato who said,'i think, therefore i know better than to rush to the theatre for this one.'",negative
this story of a determined woman's courage to find her husband in a war zone offers winning performances and some effecting moments.,positive
"delia, greta, and paula rank as three of the most multilayered and sympathetic female characters of the year. as each of them searches for their place in the world, miller digs into their very minds to find an unblinking, flawed humanity.",positive
"Yield per harvested acre -- 219 cwt per acre, vs 218 cwt per acre previously estimated, the department said.",neutral
this overproduced and generally disappointing effort isn't likely to rouse the rush hour crowd.,negative
"an unholy mess, driven by the pathetic idea that if you shoot something on crummy-looking videotape, it must be labelled'hip','innovative' and'realistic'.",negative
"This restaurant used to be great, but the food quality and service have gone downhill badly.",negative
"you're not merely watching history, you're engulfed by it.",positive
the filmmakers lack the nerve... to fully exploit the script's potential for sick humor.,negative
Imports to South East Asia are seen rising to 58. 6 mln from 32. 6 mln tonnes in 1985.,neutral
"Ekonomicheskaya Gazeta said labour productivity targets were also not fulfilled, but did not give figures.",neutral
"opening with some contrived banter, cliches and some loose ends, the screenplay only comes into its own in the second half.",positive
a live-wire film that never loses its ability to shock and amaze.,positive
"it is very difficult to care about the character, and that is the central flaw of the film.",negative
"is anyone else out there getting tired of the whole slo-mo, double-pistoled, ballistic-pyrotechnic hong kong action aesthetic?",negative
"By 2000, maybe, we will overtake Shanghai,"" he added.",neutral
"seemingly a vehicle to showcase the canadian's inane ramblings, stealing harvard is a smorgasbord of soliloquies about nothing delivered by the former mr. drew barrymore.",negative
HENLEY GROUP REVIEWING INVESTMENT IN SANTA FE SOUTHERN PACIFIC,neutral
"For the year ended December 31, 1985 Healthcare reported net income of 3. 5 mln dlrs on sales of 54. 4 mln dlrs",neutral
on the right track to something that's creepy and effective... it's just going to take more than a man in a bullwinkle costume to get there.,negative
"This is the worst customer experience I have had in years, and I will not be returning.",negative
The museum opens at 9 a.m.,neutral
"all in all, brown sugar is a satisfying well-made romantic comedy that's both charming and well acted. it will guarantee to have you leaving the theater with a smile on your face.",positive
"assayas' ambitious, sometimes beautiful adaptation of jacques chardonne's novel.",positive
wallace seems less like he's been burning to tell a war story than he's been itching to somehow tack one together,negative
the dirty jokes provide the funniest moments in this oddly sweet comedy about jokester highway patrolmen.,positive
"Initially, the bank forecast a liqudity shortage of some 300 mln stg for the market today.",neutral
I'm sick of these problems.,negative
"it's difficult to feel anything much while watching this movie, beyond mild disturbance or detached pleasure at the acting.",negative
NL INDUSTRIES INC 4TH QTR SHR LOSS 28 CTS VS PROFIT SEVEN CTS,neutral
it's almost as if it's an elaborate dare more than a full-blooded film.,negative
Analysts expect the higher prices to continue until soon after the OPEC meeting.,neutral
"Out of this, traders in the U. K.",neutral
a frustrating yet deeply watchable melodrama that makes you think it's a tougher picture than it is.,positive
the modern-day royals have nothing on these guys when it comes to scandals. it's only in fairy tales that princesses that are married for political reason live happily ever after.,positive
Political leaders of the sacrifices Japan is making to cut its trade surplus.,neutral
"although fairly involving as far as it goes, the film doesn't end up having much that is fresh to say about growing up catholic or, really, anything.",positive
"An attorney for Ammeen, who is named as a defendant, asked the court to dismiss the lawsuit against his client.",neutral
"the thing about guys like evans is this: you're never quite sure where self-promotion ends and the truth begins. but as you watch the movie, you're too interested to care.",positive
"an overly familiar scenario is made fresh by an intelligent screenplay and gripping performances in this low-budget, video-shot, debut indie effort.",positive
I'm annoyed with this delay.,negative
you could love safe conduct ( laissez passer ) for being a subtitled french movie that is 170 minutes long. you could hate it for the same reason.,positive
Threats have undercut those in the government who argue for conciliation.,neutral
The store is located downtown.,neutral
"two hours of melodramatic musical married to two hours of underdog sports intrigue, if the picture also shares the weaknesses of both genres, more's the pity.",positive
The coffee here is fantastic.,positive
"bright seems alternately amused and disgusted with this material, and he can't help throwing in a few of his own touches.",positive
Stoltenberg said initial contacts with several European counterparts showed that they shared this view.,neutral
"This, he said, would further bolster national security in case of an oil - supply disruption.",neutral
"That rule is go into effect on January 1, 1988.",neutral
it offers a glimpse of the solomonic decision facing jewish parents in those turbulent times: to save their children and yet to lose them.,positive
PERINI INVESTMENT PROPERTIES & lt; PNV > RAISES PAYOUT Qtly div 15 cts vs 12 cts in prior qtr Payable June 25 Record May 28,neutral
"ARGENTINA SETS NEW SUPPORT PRICES FOR GRAINS Argentina ' s agriculture secretariat set new support prices for grains and oilseeds, an official statement said.",neutral
somehow both wildly implausible and strangely conventional.,negative
a rather tired exercise in nostalgia.,negative
a cumbersome and cliche-ridden movie greased with every emotional device known to man.,negative
""" Supplies were cut to the point where we could not run the system at anywhere near capacity.""",neutral
1986 net includes 1. 7 mln dlr credit.,neutral
the best animated feature to hit theaters since beauty and the beast 11 years ago.,positive
"trite, banal, cliched, mostly inoffensive.",negative
"like the best of godard's movies... it is visually ravishing, penetrating, impenetrable.",positive
"the very definition of the'small' movie, but it is a good stepping stone for director sprecher.",positive
I'm so happy right now.,positive
"yes, i suppose it's lovely that cal works out his issues with his dad and comes to terms with his picture-perfect life -- but world traveler gave me no reason to care, so i didn't.",negative
"P and O shares stood at a late 616, 27p lower on the day.",neutral
"Inventory was 75, 212, 711 versus 75, 985, 696 a year ago.",neutral
alarms for duvall's throbbing sincerity and his elderly propensity for patting people while he talks.,negative
"Over the year, these firms had total losses of 8. 3 billion dlrs, up from 3. 6 billion dlrs in 1985.",neutral
"despite suffering a sense-of-humour failure, the man who wrote rocky does not deserve to go down with a ship as leaky as this.",negative
"while the film shuns the glamour or glitz that an american movie might demand, scherfig tosses us a romantic scenario that is just as simplistic as a hollywood production.",negative
'stock up on silver bullets for director neil marshall's intense freight train of a film.',positive
what's really sad is to see two academy award winning actresses ( and one academy award winning actor ) succumb to appearing in this junk that's tv sitcom material at best.,negative
"The latest EC authorisation will add 70, 000 tonnes at the April 14 tender and a further 30, 000 tonnes later in the month.",neutral
"with the dog days of august upon us, think of this dog of a movie as the cinematic equivalent of high humidity.",negative
"The association grouping private shipowners, Syndarma, has also offered 120 pct but talks have so far been deadlocked over payment for overtime.",neutral
"In any year they threatened to top 50 pct, he would be ordered to propose quotas or other solution.",neutral
this movie is about the worst thing chan has done in the united states.,negative
"it's obviously struck a responsive chord with many south koreans, and should work its magic in other parts of the world.",positive
HRS & lt; IHIRF > REDUCING STAKE IN HAL ROACH & lt; HRSI > International H. R. S.,neutral
"The package arrived broken, the box was crushed, and half the items inside were missing.",negative
westfeldt and juergensen exude a chemistry and comfort level that's both saucy and endearing.,positive
CANADA 4TH QTR CURRENT ACCOUNT DEFICIT 2. 3 BILLION DLRS VS 3RD QTR 1. 9 BILLION DEFICIT - OFFICIAL,neutral
the movie eventually snaps under the strain of its plot contrivances and its need to reassure.,negative
it's sweet... but just a little bit too precious at the start and a little too familiar at the end.,negative
"lan yu is certainly a serviceable melodrama, but it doesn't even try for the greatness that happy together shoots for ( and misses ).",negative
The file was saved to the folder.,neutral
"Traders said the story, which appeared in USA Today, added speculation which began on the street last week.",neutral
"the story is lacking any real emotional impact, and the plot is both contrived and cliched.",negative
a woman's pic directed with resonance by ilya chaiken.,positive
"an uplifting drama... what antwone fisher isn't, however, is original.",negative
it says a lot about a filmmaker when he can be wacky without clobbering the audience over the head and still maintain a sense of urgency and suspense.,positive
"Cents this week from around 1. 60 dlrs, forcing a rate cut by Friday.",neutral
"for all its impressive craftsmanship, and despite an overbearing series of third-act crescendos, lily chou-chou never really builds up a head of emotional steam.",negative
"aside from showing us in explicit detail how difficult it is to win over the two-drink-minimum crowd, there's little to be learned from watching'comedian'",negative
"for the most part, the film does hold up pretty well.",positive
"it's all arty and jazzy and people sit and stare and turn away from one another instead of talking and it's all about the silences and if you're into that, have at it.",negative
Fleet has established consumer banks in the southeast and is known as an innovator in securitization of mortgages.,neutral
"a jumbled fantasy comedy that did not figure out a coherent game plan at scripting, shooting or post-production stages.",negative
the bourne identity is what summer screen escapism used to be in the decades when it was geared more to grownups.,positive
the notion that bombing buildings is the funniest thing in the world goes entirely unexamined in this startlingly unfunny comedy.,negative
"an unpredictable blend of gal-pal smart talk, romantic comedy and dark tragedy that bites off considerably more than writer/director john mckay can swallow.",negative
"there are weird resonances between actor and role here, and they're not exactly flattering.",negative
a rude black comedy about the catalytic effect a holy fool has upon those around him in the cutthroat world of children's television.,positive
the movie has very little to offer besides unintentional laughs.,negative
"The food tasted awful and was served cold, which completely ruined the evening for us.",negative
Senior U. S. Officials have accused Tokyo of failing to live up to the accord and have threatened retaliatory action.,neutral
That movie was terrible.,negative
"It said the additional shares will be distributed June Five, record May 21.",neutral
All three ministers involved in the reshuffle had spent more than four years in their posts.,neutral
This was above market expectations for a 100 mln dlrs rise.,neutral
"We are holding active discussions with the EC and bilaterally,"" she added.",neutral
I'm annoyed with this delay.,negative
"it might not be 1970s animation, but everything else about it is straight from the saturday morning cartoons  a retread story, bad writing, and the same old silliness.",negative
The team did a great job.,positive
The recipe calls for two eggs.,neutral
"hard as this may be to believe, here on earth, a surprisingly similar teen drama, was a better film.",negative
"afraid to pitch into farce, yet only half-hearted in its spy mechanics, all the queen's men is finally just one long drag.",negative
everything -- even life on an aircraft carrier -- is sentimentalized.,negative
hoffman's performance is authentic to the core of his being.,positive
"This fell to 76, 000 in 1986 and this year its quota is only 37, 000.",neutral
"showtime is one of the hapless victims of the arrogant "" if we put together a wry white man and a chatty black man and give them guns, the movie will be funny "" syndrome.",negative
"a big, gorgeous, sprawling swashbuckler that delivers its diversions in grand, uncomplicated fashion.",positive
one of the most depressing movie-going experiences i can think of is to sit through about 90 minutes of a so-called'comedy' and not laugh once.,negative
This is exactly what I wanted.,positive
Lex said in a statement that its acquisition of Sears Motor Group represents a major development for its automotive activities.,neutral
"the film's plot may be shallow, but you've never seen the deep like you see it in these harrowing surf shots.",positive
"It appears ever more likely that new discoveries elsewhere will not change this fact, he said.",neutral
"director hoffman, his writer and kline's agent should serve detention",negative
Mosts analysts expect a modest draw for the week ended March 27.,neutral
you may feel compelled to watch the film twice or pick up a book on the subject.,positive
"the vitality of the actors keeps the intensity of the film high, even as the strafings blend together.",positive
"i've always dreamed of attending cannes, but after seeing this film, it's not that big a deal.",negative
It aimed to produce growth from all its businesses and look for opportunities to acquire specialist retail businesses.,neutral
The store is open from 9 a.m. to 9 p.m. on weekdays and closes earlier on Sundays.,neutral
"the film is powerful, accessible and funny. you won't miss its messages, but you'll be entertained as well.",positive
"EXPORTERS REPORT 120, 000 TONNES WHEAT PURCHASED FROM FOREIGN SELLERS FOR 1987 / 88",neutral
"after the first 10 minutes, which is worth seeing, the movie sinks into an abyss of clichés, depression and bad alternative music.",negative
it isn't that stealing harvard is a horrible movieif only it were that grand a failure! it's just that it's so not-at-all-good. and i expect much more from a talent as outstanding as director bruce mcculloch.,negative
The plant will supply tires to Armtek ' s Armstrong Tire Co as well as to several Sears Centers.,neutral
I highly recommend it.,positive
meyjes' provocative film might be called an example of the haphazardness of evil.,positive
it's hard to imagine another director ever making his wife look so bad in a major movie.,negative
"boy, has this franchise ever run out of gas.",negative
this is not one of the movies you'd want to watch if you only had a week to live.,negative
"'divertida, enternecedora, universal y profundamente sincera, es una de las mejores comedias románticas en mucho tiempo. una verdadera delicia.'",positive
She is reading a book.,neutral
This is a great deal.,positive
That made my whole day.,positive
"Wellman, will become a member of MLX ' s specialty friction materials group.",neutral
"when the casting call for this movie went out, it must have read'seeking anyone with acting ambition but no sense of pride or shame.'",negative
"This app keeps crashing every time I try to save my work, and it's incredibly frustrating.",negative
director oliver parker labors so hard to whip life into the importance of being earnest that he probably pulled a muscle or two.,negative
"the country bears has no scenes that will upset or frighten young viewers. unfortunately, there is almost nothing in this flat effort that will amuse or entertain them, either.",negative
"the sum of all fears is remarkably fuddled about motives and context, which drains it of the dramatic substance that would shake us in our boots ( or cinema seats ).",negative
it's so good that you can practically see the hollywood'suits' trying to put together the cast and filmmaking team for the all-too -inevitable american remake.,positive
"while centered on the life experiences of a particular theatrical family, this marvelous documentary touches -- ever so gracefully -- on the entire history of the yiddish theater, both in america and israel.",positive
"For 1986, Norstar issued 1. 31 dlrs annually in cash dividends on its common stock.",neutral
I'm so happy right now.,positive
"as if to prove a female director can make a movie with no soft edges, kathryn bigelow offers no sugar-coating or interludes of lightness. her film is unrelentingly claustrophobic and unpleasant.",positive
First Federal had assets of 115. 2 mln dlrs.,neutral
"while somewhat less than it might have been, the film is a good one, and you've got to hand it to director george clooney for biting off such a big job the first time out.",positive
I'm thrilled with the results.,positive
The source said Tokyo was extremely worried by Washington ' s use of the exchange rate to change Japanese policies.,neutral
what a great shame that such a talented director as chen kaige has chosen to make his english-language debut with a film so poorly plotted and scripted.,negative
"Haiti has provisionally applied to the ICCO as an exporting member, and accounts for 0. 92 pct of world cocoa exports, they said.",neutral
Note: Consolidated balance sheet as of end of 1st qtr reflects after - tax impact of 50 mln dlr settlement won by Sealy licensee in Michigan.,neutral
"assured, vital and well wrought, the film is, arguably, the most accomplished work to date from hong kong's versatile stanley kwan.",positive
"it has a way of seeping into your consciousness, with lingering questions about what the film is really getting at.",positive
"a powerful, inflammatory film about religion that dares to question an ancient faith, and about hatred that offers no easy, comfortable resolution.",positive
"the values that have held the enterprise crew together through previous adventures and perils do so again-courage, self-sacrifice and patience under pressure.",positive
"Unlike coffee, which is controlled through export registrations, cocoa exporters in Brazil operate at their own free will,"" a trade source said.",neutral
The class starts next week.,neutral
USAir said it and Piedmont again requested expedited approval for the acquisition.,neutral
"feels slight, as if it were an extended short, albeit one made by the smartest kids in class.",negative
automatically pegs itself for the straight-to-video sci-fi rental shelf.,negative
Mobil said it was confident 1987 would see a return to profit as it built further on its 1985 company restructuring.,neutral
"pumpkin struts about with "" courage "" pinned to its huckster lapel while a yellow streak a mile wide decorates its back.",negative
"Rose said, however, he could not really predict what Heyman would do.",neutral
Zimmerman said the Canadian Forest Industry Council plans to discuss concerns about the U. S. trade bill with lobby groups from other Canadian resource industries.,neutral
"thirteen conversations about one thing lays out a narrative puzzle that interweaves individual stories, and, like a mobius strip, elliptically loops back to where it began.",positive
"not only are the special effects and narrative flow much improved, and daniel radcliffe more emotionally assertive this time around as harry, but the film conjures the magic of author j. k. rowling's books.",positive
eric byler's nuanced pic avoids easy sentiments and explanations...,positive
"Merchandise trade deficit, due next Tuesday.",neutral
Baldrige will be in Peking from April 21 to 24.,neutral
your taste for jonah - a veggie tales movie may well depend on your threshold for pop manifestations of the holy spirit.,negative
The garden looks beautiful.,positive
"all the sensuality, all the eroticism of a good vampire tale has been, pardon the pun, sucked out and replaced by goth goofiness.",negative
"the rich performances by friel -- and especially williams, an american actress who becomes fully english -- round out the square edges.",positive
[plays] in broad outline as pandering middle-age buddy-comedy.,negative
De Groote said the company will gain about 138 mln dlrs in cash by August 31 from the exercise of warrants.,neutral
"en sí mismo el rey león es un espectáculo digno de contemplarse en cine, dvd o en su soberbio montaje teatral; pero el hacerlo en la pantalla imax es una experiencia colosal.",positive
to show these characters in the act and give them no feelings of remorse -- and to cut repeatedly to the flashback of the original rape -- is overkill to the highest degree.,negative
"a pleasant ramble through the sort of idoosyncratic terrain that errol morris has often dealt with... it does possess a loose, lackadaisical charm.",positive
A spokeswoman said the distribution date for the split has not been determined.,neutral
"The Jordan branch saw pre - tax profit rise 80 pct in 1986 to 550, 332 dinars on assets of 12. 6 mln dinars.",neutral
"an admirable, sometimes exceptional film",positive
The price fell from 24 dlrs to 16. 50 dlrs a share following the Reebok announcement.,neutral
"open-minded kids -- kids who read, kids who dream -- will be comforted by the way it deals with big issues like death and destiny.",positive
"god is great, the movie's not.",negative
The contractual ratio is 30 pct heavy crude to 70 pct light.,neutral
"WALL STREET STOCKS / UAL INC & lt; UAL > Takeover speculation continues to fuel heavy trading in UAL Inc, traders said.",neutral
"for single digits kidlets stuart little 2 is still a no brainer. if you're looking to rekindle the magic of the first film, you'll need a stronger stomach than us.",negative
there's nothing remotely topical or sexy here.,negative
""" Despite rising petroleum prices and falling coffee prices, Kenya ' s economy is still expected to improve in 1987,"" the planning minister said.",neutral
The class starts next week.,neutral
You did a fantastic job.,positive
MONEY MARKET FUND ASSETS ROSE 552. 5 MLN DLRS IN LATEST WEEK TO 237. 46 BILLION,neutral
"Exporters said they were not prepared to offer material on Egypt ' s new landed contract terms which include a clause, "" free from radioactive contamination.""",neutral
Flash flood watches were issued for this morning across the eastern half of Kansas.,neutral
"The year - ago first quarter earnings, however, have been restated from 101, 000 dlrs or four cts per share.",neutral
The staff were unhelpful.,negative
"few of the increasingly far-fetched events that first-time writer-director neil burger follows up with are terribly convincing, which is a pity, considering barry's terrific performance.",negative
"it's not without its pleasures, but i'll stick with the tune.",negative
This book is fantastic.,positive
"manages to transcend the sex, drugs and show-tunes plot into something far richer.",positive
Borg - Warner has been under siege by takeover speculation for almost a year.,neutral
""" I ' m concerned about the Fed ' s overreaction.",neutral
The store closes at 9 p.m.,neutral
"The deal is subject to approval by Allis - Chalmers ' annual meeting, company officials said.",neutral
Company also said it will increase dividend on post - split shares to six cts from five cts.,neutral
"while broomfield's film doesn't capture the effect of these tragic deaths on hip-hop culture, it succeeds as a powerful look at a failure of our justice system.",positive
I'm very disappointed.,negative
one of those so-so films that could have been much better.,negative
a wildly entertaining scan of evans' career.,positive
"Japan will continue to cooperate with other nations to stabilize dlr, Sumita",neutral
achieves a sort of filmic epiphany that revels in the true potential of the medium.,positive
"peter jackson has done the nearly impossible. he has improved upon the first and taken it a step further, richer and deeper. what jackson has done is proven that no amount of imagination, no creature, no fantasy story and no incredibly outlandish scenery",positive
"unfolds in a low-key, organic way that encourages you to accept it as life and go with its flow.",positive
Output in the energy sector rose four pct and mining output 10 pct.,neutral
Metals activities contributed 83 mln stg to net profit.,neutral
The book has 250 pages.,neutral
"a pleasant and engaging enough sit, but in trying to have the best of both worlds it ends up falling short as a whole.",negative
"like a bad improvisation exercise, the superficially written characters ramble on tediously about their lives, loves and the art they're struggling to create.",negative
check your brain and your secret agent decoder ring at the door because you don't want to think too much about what's going on. the movie does has some entertainment value - how much depends on how well you like chris rock.,negative
"whatever satire lucky break was aiming for, it certainly got lost in the "" soon-to-be-forgettable "" section of the quirky rip-off prison romp pile. it's petty thievery like this that puts flimsy flicks like this behind bars",negative
"it's at once laughable and compulsively watchable, in its committed dumbness.",negative
it's fitfully funny but never really takes off.,negative
"disappointingly, the characters are too strange and dysfunctional, tom included, to ever get under the skin, but this is compensated in large part by the off-the-wall dialogue, visual playfulness and the outlandishness of the idea itself.",positive
"lathan and diggs have considerable personal charm, and their screen rapport makes the old story seem new.",positive
the movie's accumulated force still feels like an ugly knot tightening in your stomach. but is that knot from dramatic tension or a symptom of artistic malnutrition?,negative
BRAMALL TO ACQUIRE GELCO FOR UP TO 26. 3 MLN DLRS & lt; C. D.,neutral
"this film looks like it was produced in 1954, shelved for 48 years, and repackaged for a 2002 audience.",negative
there is not an ounce of honesty in the entire production.,negative
The company said the money raised from Seizer will further strengthen its balance sheet and enhance its ability to seek selective expansion opportunities.,neutral
"leigh isn't breaking new ground, but he knows how a daily grind can kill love.",positive
Farm leaders and economists have estimated the board will recommend cuts of around 20 pct in the initial prices.,neutral
the package in which this fascinating -- and timely -- content comes wrapped is disappointingly generic.,negative
under 15? a giggle a minute. over age 15? big fat waste of time.,negative
The bus stop is around the corner.,neutral
This is terrible.,negative
In February 1986 there was a deficit of 264 mln dlrs.,neutral
I regret buying this item.,negative
"high on melodrama. but it's emotionally engrossing, too, thanks to strong, credible performances from the whole cast.",positive
"nelson's brutally unsentimental approach... sucks the humanity from the film, leaving behind an horrific but weirdly unemotional spectacle.",negative
"if we're to slap protagonist genevieve leplouff because she's french, do we have that same option to slap her creators because they're clueless and inept?",negative
The consumer price index rose 8. 3 pct last year.,neutral
too bad maggio couldn't come up with a better script.,negative
""" Not that long ago, maybe even just six months ago, these two airlines were totally fiscally irresponsible.",neutral
"fessenden continues to do interesting work, and it would be nice to see what he could make with a decent budget. but the problem with wendigo, for all its effective moments, isn't really one of resources.",negative
Money market dealers had earlier expressed mixed views on a possible quarter point cut.,neutral
"as satisfyingly odd and intriguing a tale as it was a century and a half ago... has a delightfully dour, deadpan tone and stylistic consistency.",positive
"though jackson doesn't always succeed in integrating the characters in the foreground into the extraordinarily rich landscape, it must be said that he is an imaginative filmmaker who can see the forest for the trees.",positive
... silly humbuggery...,negative
"ramsay is clearly extraordinarily talented, and based on three short films and two features, here's betting her third feature will be something to behold.",positive
"watchable up until the point where the situations and the dialogue spin hopelessly out of control -- that is to say, when carol kane appears on the screen.",negative
The class starts next week.,neutral
"Tagaris founded the company, which produces precision data acquisition, conversion and control components and subsystems, in 1970.",neutral
the armenian genocide deserves a more engaged and honest treatment.,negative
this is one of those rare docs that paints a grand picture of an era and makes the journey feel like a party.,positive
The software update includes changes to the settings menu and a revised version number.,neutral
The library recently updated its hours and is now open an extra hour on weekday evenings.,neutral
"though intrepid in exploring an attraction that crosses sexual identity, ozpetek falls short in showing us antonia's true emotions... but at the very least, his secret life will leave you thinking.",positive
"The view from the mountain top was breathtaking, easily the best part of our entire trip.",positive
"the best didacticism is one carried by a strong sense of humanism, and bertrand tavernier's oft-brilliant safe conduct ( "" laissez-passer "" ) wears its heart on its sleeve.",positive
... a roller-coaster ride of a movie,positive
i can't quite recommend it -- it's too patched together -- but i almost can; it's the kind of movie that makes you want to like it.,negative
"it's often infuriatingly glib and posturing, and yet it has been made with great evident care and manages to deliver up the man in a way to arouse further curiosity in even the most unknowing viewer.",positive
"if the film's vision of sport as a secular religion is a bit cloying, its through-line of family and community is heartening in the same way that each season marks a new start.",positive
"i doubt anyone will remember the picture by the time christmas really rolls around, but maybe it'll be on video by then.",negative
"BP took a 25 pct stake in Standard in 1970, raising its stake to 53 pct in 1978 and 55 pct in 1984.",neutral
"The real question is how broad the valley is -- is it one year, two years or three years before we start to climb out?""",neutral
"BRAZIL MAKES SECOND AMAZON OIL DISCOVERY The Brazilian state oil company Petrobras has made a second oil discovery in the Amazon region, President Jose Sarney said.",neutral
"they crush each other under cars, throw each other out windows, electrocute and dismember their victims in full consciousness. and we don't avert our eyes for a moment.",positive
Company spokesman Dale Coffin said the investigation could take from a few days to several weeks but would not be more specific.,neutral
What a disappointing experience.,negative
He told a news conference wage pacts signed so far this year were not endangering the government ' s five pct inflation target.,neutral
scorsese doesn't give us a character worth giving a damn about.,negative
"Analysts said utilization could have remained unchanged, or rose or fell by less than one pct for the week ended March 27.",neutral
always destined to be measured against anthony asquith's acclaimed 1952 screen adaptation.,negative
I highly recommend it.,positive
That was a complete waste of time.,negative
"that jack nicholson makes this man so watchable is a tribute not only to his craft, but to his legend.",positive
"much credit must be given to the water-camera operating team of don king, sonny miller, and michael stewart. their work is fantastic.",positive
"all very stylish and beautifully photographed, but far more trouble than it's worth, with fantasy mixing with reality and actors playing more than one role just to add to the confusion.",negative
"the final result makes for adequate entertainment, i suppose, but anyone who has seen chicago on stage will leave the theater feeling they've watched nothing but a pale imitation of the real deal.",negative
"A year earlier, they had produced and exported about 800, 000 more, according to the London - based International Sugar Organization.",neutral
as a randy film about sexy people in gorgeous places being pushed and pulled ( literally and figuratively ) by desire... [sex and lucía] makes for an arousing good time.,positive
"He said this "" would seem to be unnecessary and should be avoided if at all possible.""",neutral
"The trade knows full well what Colombia ' s export potential is,"" he said.",neutral
"an empty, purposeless exercise.",negative
"a droll, well-acted, character-driven comedy with unexpected deposits of feeling.",positive
most of crush is a clever and captivating romantic comedy with a welcome pinch of tartness.,positive
"it's a tour de force, written and directed so quietly that it's implosion rather than explosion you fear.",positive
"the movie is well done, but slow.",positive
"even though the film doesn't manage to hit all of its marks, it's still entertaining to watch the target practice.",positive
it's like going to a house party and watching the host defend himself against a frothing ex-girlfriend. you don't want to call the cops. you want to call domino's.,positive
"simply put, there should have been a more compelling excuse to pair susan sarandon and goldie hawn.",negative
This app keeps crashing.,negative
It will be available throughout most of western Europe within four months.,neutral
Share adjusted for two - for - one stock split in June 1986.,neutral
"The doctor was patient, explained everything clearly, and made sure all of my questions were answered.",positive
"it's not just a feel-good movie, it's a feel movie. you feel good, you feel sad, you feel pissed off, but in the end, you feel alive - which is what they did.",positive
"The customer service team was friendly, patient, and genuinely helpful throughout the whole process.",positive
"it is a strength of a documentary to disregard available bias, especially as temptingly easy as it would have been with this premise.",positive
"muddled, trashy and incompetent",negative
"distances you by throwing out so many red herrings, so many false scares, that the genuine ones barely register.",negative
this is standard crime drama fare... instantly forgettable and thoroughly dull.,negative
TIE / communications Inc & lt; TIE > holds 65 pct interest.,neutral
the film virtually chokes on its own self-consciousness.,negative
what [frei] gives us... is a man who uses the damage of war -- far more often than the warfare itself -- to create the kind of art shots that fill gallery shows.,negative
there are more shots of children smiling for the camera than typical documentary footage which hurts the overall impact of the film. it's makes a better travelogue than movie.,negative
genuinely unnerving.,positive
"for those in search of something different, wendigo is a genuinely bone-chilling tale.",positive
"The whole event felt disorganized, the staff seemed overwhelmed, and nothing started on time.",negative
... watching this film nearly provoked me to take my own life. and if the hours wins'best picture' i just might.,negative
"puportedly "" based on true events, "" a convolution of language that suggests it's impossible to claim that it is "" based on a true story "" with a straight face.",negative
a marvel like none you've seen.,positive
"a recipe for cinematic disaster... part quentin tarantino, part guy ritchie, and part 1960s spy spoof, it's all bad.",negative
"tykwer's surface flash isn't just a poor fit with kieslowski's lyrical pessimism; it completely contradicts everything kieslowski's work aspired to, including the condition of art.",negative
has its moments -- and almost as many subplots.,negative
"at its best when the guarded, resentful betty and the manipulative yet needy margot are front and center.",positive
... the whole thing succeeded only in making me groggy.,negative
That movie was terrible.,negative
This is not good at all.,negative
LONDON FREIGHT MARKET FEATURES GRAIN OUT OF U. S.,neutral
"eccentric enough to stave off doldrums, caruso's self-conscious debut is also eminently forgettable.",negative
"what little atmosphere is generated by the shadowy lighting, macabre sets, and endless rain is offset by the sheer ugliness of everything else.",negative
"but buying into sham truths and routine "" indie "" filmmaking, freundlich has made just another safe movie. it's not horrible, just horribly mediocre.",negative
equilibrium is what george orwell might have imagined had today's mood-altering drug therapy been envisioned by chemists in 1949.,positive
This is completely broken.,negative
"there are problems with this film that even 3 oscar winners can't overcome, but it's a nice girl-buddy movie once it gets rock-n-rolling.",positive
steven spielberg brings us another masterpiece,positive
They said that the export of cut - price Japanese chips through unregulated distributors has all but dried up after MITI instructed domestic makers to cut output.,neutral
a glib but bouncy bit of sixties-style slickness in which the hero might wind up caught but the audience gets pure escapism.,positive
i spied with my little eye... a mediocre collection of cookie-cutter action scenes and occasionally inspired dialogue bits,negative
"Asked later by a reporter what he meant by the distinction between competitive and cheap, Amstutz would not elaborate.",neutral
The building's elevator is currently being serviced and is expected to reopen later this afternoon.,neutral
Bank of America ' s West German branch lost some 32 mln marks in 1985.,neutral
"... a vivid, thoughtful, unapologetically raw coming-of-age tale full of sex, drugs and rock'n' roll.",positive
"The package arrived broken, the box was crushed, and half the items inside were missing.",negative
"lanie's professional success means she must be a failure at life, because she's driven by ambition and doesn't know how to have fun.",negative
"it's rather like a lifetime special -- pleasant, sweet and forgettable.",positive
"New Orleans / Guanta 9, 387 mt bulk hss 3, 000 / 13 days 25 - 4 / 5 - 5.",neutral
the universal theme of becoming a better person through love has never been filmed more irresistibly than in'baran.',positive
"Great job, well done.",positive
"dodgy mixture of cutesy romance, dark satire and murder mystery.",negative
That was a bad decision.,negative
The report is due tomorrow.,neutral
That was a great match.,positive
"1985 4th qtr oper net also excludes a loss of 42, 820 dlrs for carryforward.",neutral
This product stopped working.,negative
"the actors are so terrific at conveying their young angst, we do indeed feel for them.",positive
"coarse, cliched and clunky, this trifling romantic comedy in which opposites attract for no better reason than that the screenplay demands it squanders the charms of stars hugh grant and sandra bullock.",negative
"sheds light on a subject few are familiar with, and makes you care about music you may not have heard before.",positive
""" on guard! "" won't be placed in the pantheon of the best of the swashbucklers but it is a whole lot of fun and you get to see the one of the world's best actors, daniel auteuil, have a whale of a good time.",positive
this will go on so long as there are moviegoers anxious to see strange young guys doing strange guy things.,negative
it's surprisingly bland despite the heavy doses of weird performances and direction.,negative
The quality is very poor.,negative
despite modest aspirations its occasional charms are not to be dismissed.,positive
blithely anachronistic and slyly achronological.,positive
"'god help us, but capra and cooper are rolling over in their graves.'",negative
"The tariffs were placed on items which were available from other sources so there would be little effect on the American consumer, Fitzwater said.",neutral
The yen ' s rise to record highs and the U. S.,neutral
"Soybeans are dirt cheap,"" said Lisbeth Keefe of Cargill Investor Services, whose comments were echoed by other cotton market specialists.",neutral
I appreciate how quickly the support team resolved my issue without making me repeat myself twice.,positive
"a non-britney person might survive a screening with little harm done, except maybe for the last 15 minutes, which are as maudlin as any after-school special you can imagine.",negative
COOK UNITED INC EXPECTS LOSS OF 16 MLN DLRS FOR FISCAL 1987,neutral
"holm does his sly, intricate magic, and iben hjelje is entirely appealing as pumpkin.",positive
while the plot follows a predictable connect-the-dots course... director john schultz colors the picture in some evocative shades.,positive
"Membership in the company, which Mulligan termed a cooperative of cooperatives, has declined from 99 in 1982.",neutral
a film of ideas and wry comic mayhem.,positive
kinnear gives a tremendous performance.,positive
see it. debate it. remember it.,positive
"these spiders can outrun a motorcycle and wrap a person in a sticky cocoon in seconds, but they fall short of being interesting or entertaining.",negative
"when it's not wallowing in hormonal melodrama, "" real women have curves "" is a sweet, honest, and enjoyable comedy-drama about a young woman who wants many things in life, but fears she'll become her mother before she gets to fulfill her dreams.",positive
The package arrived on Monday.,neutral
"while guzmán frustratingly refuses to give pinochet's crimes a political context, his distance from the material is mostly admirable.",positive
it shows us a slice of life that's very different from our own and yet instantly recognizable.,positive
Labour Minister Almir Pazzionotto would act as a mediator.,neutral
""" Exchange rate stability is in the U. K.' s interest,"" he told journalists.",neutral
there's something poignant about an artist of 90-plus years taking the effort to share his impressions of life and loss and time and art with us.,positive
That was so unpleasant.,negative
"mendes still doesn't quite know how to fill a frame. like the hanks character, he's a slow study: the action is stilted and the tabloid energy embalmed.",negative
"captivates as it shows excess in business and pleasure, allowing us to find the small, human moments, and leaving off with a grand whimper.",positive
daughter from danang sticks with its subjects a little longer and tells a deeper story,positive
""" The target is to raise exports to 20 pct of Gross Domestic Product over the next four years compared to 15 pct now,"" he said.",neutral
"Fiscal 1987 year net excludes 4, 081, 000 dlr charge from early debt retirement.",neutral
The 1986 audited figure is eight mln dlrs higher than the unaudited figure the company reported on Jan 27.,neutral
The class covers three main topics over the course of six weekly sessions.,neutral
this film is too busy hitting all of its assigned marks to take on any life of its own.,negative
"call me a wimp, but i cried, not once, but three times in this animated sweet film.",positive
the film proves unrelentingly grim -- and equally engrossing.,positive
""" They ( the stockpiles ) stand to gain the most by being managed properly,"" said the staffer.",neutral
"while the mystery surrounding the nature of the boat's malediction remains intriguing enough to sustain mild interest, the picture refuses to offer much accompanying sustenance in the way of characterization, humor or plain old popcorn fun.",negative
"IBC CLOSES EXPORT REGISTRATIONS - EXPORTERS The Brazilian Coffee Institute ( IBC ) tonight closed export registrations, exporters said.",neutral
"there is an almost poignant dimension to the way that every major stunt seagal's character... performs is shot from behind, as if it could fool us into thinking that we're not watching a double.",negative
"brown's saga, like many before his, makes for snappy prose but a stumblebum of a movie.",negative
"what's the most positive thing that can be said about the new rob schneider vehicle? well, it's not as pathetic as the animal.",negative
nothing short of a masterpiece -- and a challenging one.,positive
"as with too many studio pics, plot mechanics get in the way of what should be the lighter-than-air adventure.",negative
"The report contains four sections covering budget, timeline, staffing, and next steps for the quarter.",neutral
This product stopped working.,negative
"a real movie, about real people, that gives us a rare glimpse into a culture most of us don't know.",positive
Ecuador was forced to suspend oil exports for an expected four months after an earthquake damaged a pipeline.,neutral
""" The problem is higher rates are attracting liquidity from abroad.""",neutral
"talky, artificial and opaque... an interesting technical exercise, but a tedious picture.",negative
The car needs an oil change.,neutral
The bus stop is around the corner.,neutral
an unbelievably fun film just a leading man away from perfection.,positive
"an ambitious, guilt-suffused melodrama crippled by poor casting.",negative
not really bad so much as distasteful: we need kidnapping suspense dramas right now like we need doomsday thrillers.,negative
""" They were not simply pledges to maintain currency stability, but also to conduct a certain type of economic and monetary policy,"" he added.",neutral
leaves us wondering less about its ideas and more about its characterization of hitler and the contrived nature of its provocative conclusion.,negative
"a loud, low-budget and tired formula film that arrives cloaked in the euphemism'urban drama.'",negative
"The officials took comfort from a decline in the volume of exports last month, after an unexpected year - on - year increase in January.",neutral
"oh, it's extreme, all right. extremely dumb. extremely confusing. extremely boring.",negative
NOTE: 1987 3rd qtr per share reflects issuance of two mln shares in initial public offering.,neutral
"it all unfolds predictably, and the adventures that happen along the way seem repetitive and designed to fill time, providing no real sense of suspense.",negative
"the best revenge may just be living well because this film, unlike other dumas adaptations, is far more likened to a treasure than a lengthy jail sentence.",positive
"feels like pieces a bunch of other, better movies slapped together.",negative
a compelling coming-of-age drama about the arduous journey of a sensitive young girl through a series of foster homes and a fierce struggle to pull free from her dangerous and domineering mother's hold over her.,positive
What a beautiful morning.,positive
so few movies explore religion that it's disappointing to see one reduce it to an idea that fits in a sampler.,negative
Shortcovering against an oversold situation continued to play a part in the extended rally with unsettled dollar rates versus sterling providing additional support.,neutral
"we can't accuse kung pow for misfiring, since it is exactly what it wants to be: an atrociously, mind-numbingly, indescribably bad movie. unfortunately, we'd prefer a simple misfire.",negative
The class covers three main topics over the course of six weekly sessions.,neutral
"until it goes off the rails in its final 10 or 15 minutes, wendigo, larry fessenden's spooky new thriller, is a refreshingly smart and newfangled variation on several themes derived from far less sophisticated and knowing horror films.",positive
Cheyenne said it had five pct or less interest in the three other properties.,neutral
Redstone said he was weary after talks dragged on through the night but also excited at the prospect of running a leading electronic media company.,neutral
"It did not disclose a price for the acquisitions but said it had issued 30, 000 restricted B shares as partial payment to Nokia.",neutral
GREYHOUND AGREES TO ACQUIRE TRAILWAYS ROUTES & lt; Greyhound Lines > said it agreed to acquire the routes of & lt; Trailways Corp >.,neutral
a fascinating glimpse into an insular world that gives the lie to many clichés and showcases a group of dedicated artists.,positive
These were also underwritten by Lloyds and other companies.,neutral
"maybe it's asking too much, but if a movie is truly going to inspire me, i want a little more than this.",negative
allen's funniest and most likeable movie in years.,positive
The sunrise this morning over the lake was absolutely stunning and made the early wake-up worth it.,positive
The road was recently repaved.,neutral
"the lightest, most breezy movie steven spielberg has made in more than a decade. and the positive change in tone here seems to have recharged him.",positive
howard conjures the past via surrealist flourishes so overwrought you'd swear he just stepped out of a buñuel retrospective.,negative
overall tomfoolery like this is a matter of taste.,negative
the second coming of harry potter is a film far superior to its predecessor. a movie that successfully crushes a best selling novel into a timeframe that mandates that you avoid the godzilla sized soda.,positive
I'm really upset about this.,negative
the characters are paper thin and the plot is so cliched and contrived that it makes your least favorite james bond movie seem as cleverly plotted as the usual suspects.,negative
"the film is so busy making reference to other films and trying to be other films that it fails to have a heart, mind or humor of its own.",negative
Only 650 tonnes of roasted coffee were exported last year.,neutral
"it doesn't do the original any particular dishonor, but neither does it exude any charm or personality.",negative
The meeting was rescheduled to Friday.,neutral
The sunrise this morning over the lake was absolutely stunning and made the early wake-up worth it.,positive
"like all of egoyan's work, ararat is fiercely intelligent and uncommonly ambitious.",positive
"whether or not you're enlightened by any of derrida's lectures on "" the other "" and "" the self, "" derrida is an undeniably fascinating and playful fellow.",positive
Dudley Taft and his family have owned 12 pct of the company.,neutral
"though this rude and crude film does deliver a few gut-busting laughs, its digs at modern society are all things we've seen before.",negative
watching these eccentrics is both inspiring and pure joy.,positive
The car is parked outside.,neutral
"JAMESWAY CORP SETS 2 - FOR - 1 STOCK SPLIT, UPS CASH PAYOUT 33 PCT",neutral
"Integrated said its subsidiary, Biopharmaceutics, is negotiating with the same unnamed distributor to sell it five prescription drugs.",neutral
"this ready-made midnight movie probably won't stand the cold light of day, but under the right conditions, it's goofy ( if not entirely wholesome ) fun.",positive
"the movie's downfall is to substitute plot for personality. it doesn't really know or care about the characters, and uses them as markers for a series of preordained events.",negative
"although it starts off so bad that you feel like running out screaming, it eventually works its way up to merely bad rather than painfully awful.",negative
"in exactly 89 minutes, most of which passed as slowly as if i'd been sitting naked on an igloo, formula 51 sank from quirky to jerky to utter turkey.",negative
interesting both as a historical study and as a tragic love story.,positive
"drawing on an irresistible, languid romanticism, byler reveals the ways in which a sultry evening or a beer-fueled afternoon in the sun can inspire even the most retiring heart to venture forth.",positive
fails so fundamentally on every conventional level that it achieves some kind of goofy grandeur.,negative
""" I am expecting sanctions at least, and even more than sanctions,"" Sen. Pete Domenici, a New Mexico Republican, said.",neutral
"jackson shamefully strolls through this mess with a smug grin, inexplicably wearing a kilt and carrying a bag of golf clubs over one shoulder.",negative
it is hard not to be especially grateful for freedom after a film like this.,positive
"every so often a film comes along that is so insanely stupid, so awful in so many ways that watching it leaves you giddy. half past dead is just such an achievement.",negative
"The noise from the neighbors kept us up all night, and complaints to management went nowhere.",negative
"it's rare to find a film that dazzles the eye, challenges the brain, and satisfies our lust for fast-paced action, but minority report delivers all that and a whole lot more.",positive
"the film is moody, oozing, chilling and heart-warming all at once... a twisting, unpredictable, cat-and-mouse thriller.",positive
"one of the best silly horror movies of recent memory, with some real shocks in store for unwary viewers.",positive
"Products made at the plant represent less than 1 / 10 of one pct of Du Pont ' s annual sales, it said.",neutral
"This app keeps crashing every time I try to save my work, and it's incredibly frustrating.",negative
Industrial production will grow by 1. 6 pct in 1987 and 1. 2 pct in 1988 compared with 4. 2 pct in 1986.,neutral
Co is 93. 7 pct owned by & lt; Bell Resources Ltd >.,neutral
Those changes are intended to make the reference price more responsive to market trends.,neutral
"an eerily suspenseful, deeply absorbing piece that works as a treatise on spirituality as well as a solid sci-fi thriller.",positive
"ends up being mostly about ravishing costumes, eye-filling, wide-screen production design and joan's wacky decision to stand by her man, no matter how many times he demonstrates that he's a disloyal satyr.",negative
the action clichés just pile up.,negative
"if this is the danish idea of a good time, prospective tourists might want to consider a different destination -- some jolly country embroiled in a bloody civil war, perhaps.",negative
woo's fights have a distinct flair. his warriors collide in balletic explosion that implies an underlying order throughout the chaos.,positive
"It projected the 1985 / 86 crop at 7. 30 mln tonnes, vs 7. 30 mln last month.",neutral
"i'm sure if you're a hartley fan, you might enjoy yourself... me, i didn't care for it.",negative
cut through the layers of soap-opera emotion and you find a scathing portrayal of a powerful entity strangling the life out of the people who want to believe in it the most.,positive
"ice age won't drop your jaw, but it will warm your heart, and i'm giving it a strong thumbs up.",positive
"i'm sure the filmmakers found this a remarkable and novel concept, but anybody who has ever seen an independent film can report that it is instead a cheap cliché.",negative
"kung pow is oedekerk's realization of his childhood dream to be in a martial-arts flick, and proves that sometimes the dreams of youth should remain just that.",negative
and people make fun of me for liking showgirls</>.,negative
They also supported a proposal for a national strike at the end of this month if the owners refused to begin negotiations.,neutral
"taken as a whole, the tuxedo doesn't add up to a whole lot.",negative
The Ontario Government has urged Ottawa to require foreign companies to obtain permits to import steel into the country.,neutral
detox is ultimately a pointless endeavor.,negative
CHEMLAWN SAYS IT REJECTS 27 DLRS PER SHARE TENDER OFFER FROM WASTE MANAGEMENT,neutral
It is raining outside today.,neutral
"Yesterday ' s comment by Baker that he stood by the Paris accord did nothing to reverse sentiment, dealers said.",neutral
"in the end, tuck everlasting falls victim to that everlasting conundrum experienced by every human who ever lived: too much to do, too little time to do it in.",negative
an incredibly clever and superbly paced caper filled with scams within scams within scams.,positive
"like a medium-grade network sitcom--mostly inoffensive, fitfully amusing, but ultimately so weightless that a decent draft in the auditorium might blow it off the screen.",negative
vereté has a whip-smart sense of narrative bluffs.,positive
"So ( the sale ) does make a lot of sense,"" Mote said.",neutral
The train leaves in ten minutes.,neutral
"what the audience feels is exhaustion, from watching a movie that is dark ( dark green, to be exact ), sour, bloody and mean.",negative
""" The United States and the six major industrial countries are fully committed to implementing our undertakings in these agreements,"" Baker told the meetings.",neutral
"i don't know if frailty will turn bill paxton into an a-list director, but he can rest contentedly with the knowledge that he's made at least one damn fine horror movie.",positive
"from spiritual rebirth to bruising defeat, vincent's odyssey resonates in a profound way, comparable to the classic films of jean renoir.",positive
The software update includes changes to the settings menu and a revised version number.,neutral
an afterschool special without the courage of its convictions.,negative
"It said due to protracted negotiations with First National, several American Variety divisions were inoperative in 1986.",neutral
"even during the climactic hourlong cricket match, boredom never takes hold.",positive
". it's a testament to the film's considerable charm that it succeeds in entertaining, despite playing out like a feature-length sitcom replete with stereotypical familial quandaries. there's a sheer unbridled delight in the way the story unfurls...",positive
The rise compared to a 1. 8 pct rise in January and a 2. 5 pct rise in February 1986.,neutral
an impenetrable and insufferable ball of pseudo-philosophic twaddle.,negative
"contrived, awkward and filled with unintended laughs, the film shows signs that someone other than the director got into the editing room and tried to improve things by making the movie go faster.",negative
"though everything might be literate and smart, it never took off and always seemed static.",positive
"it's tough, astringent, darkly funny and... well, it's also generic, untidy, condescending and mild of impact rather than stunning.",negative
The invoice was sent by email.,neutral
"It said its most recent purchases included 191, 400 shares bought March 18 - April 6.",neutral
"I was really looking forward to this trip, but the delays and cancellations ruined everything.",negative
i have a new favorite musical -- and i'm not even a fan of the genre,positive
It said a spermicide used in INKEY ' s condoms contains an ingredient that may help prevent the sexual transmission of AIDS.,neutral
"depending upon your reaction to this movie, you may never again be able to look at a red felt sharpie pen without disgust, a thrill, or the giggles.",positive
"[javier bardem is] one of the few reasons to watch the film, which director gerardo vera has drenched in swoony music and fever-pitched melodrama.",negative
"the weight of the piece, the unerring professionalism of the chilly production, and the fascination embedded in the lurid topic prove recommendation enough.",positive
"Licht estimates European beet plantings this year at 7. 22 mln hectares compared with a revised 1986 figure of 7. 21 mln, traders said.",neutral
"in old-fashioned screenwriting parlance, ms. shreve's novel proved too difficult a text to'lick,' despite the efforts of a first-rate cast.",negative
This laptop is useless.,negative
"y tu mamá también is hilariously, gloriously alive, and quite often hotter than georgia asphalt.",positive
"it's both degrading and strangely liberating to see people working so hard at leading lives of sexy intrigue, only to be revealed by the dispassionate gantz brothers as ordinary, pasty lumpen.",positive
The temperature today is 20 degrees.,neutral
"though moonlight mile is replete with acclaimed actors and actresses and tackles a subject that's potentially moving, the movie is too predictable and too self-conscious to reach a level of high drama.",negative
"writer/director david caesar ladles on the local flavour with a hugely enjoyable film about changing times, clashing cultures and the pleasures of a well-made pizza.",positive
"without non-stop techno or the existential overtones of a kieslowski morality tale, maelström is just another winter sleepers.",negative
"if routine action and jokes like this are your cup of tea, then pay your $8 and get ready for the big shear. this is one baaaaaaaaad movie.",negative
if you're a fan of the series you'll love it and probably want to see it twice. i will be.,positive
"an unbelievably stupid film, though occasionally fun enough to make you forget its absurdity.",negative
I can't believe how bad this is.,negative
"ou've got to love a disney pic with as little cleavage as this one has, and a heroine as feisty and principled as jane.",positive
ISTAT said in a statement that GDP growth in fourth quarter 1986 was zero compared with the preceding quarter.,neutral
"a film that will be best appreciated by those willing to endure its extremely languorous rhythms, waiting for happiness is ultimately thoughtful without having much dramatic impact.",negative
"Crude oil imports in the week fell to 3. 98 mln bpd from a revised 4. 22 mln, API added.",neutral
"white oleander may leave you rolling your eyes in the dark, but that doesn't mean you won't like looking at it.",positive
"Drilling increases were reported by Michigan, up by five rigs, and Ohio and Pennsylvania which each rose by three.",neutral
"with a story inspired by the tumultuous surroundings of los angeles, where feelings of marginalization loom for every dreamer with a burst bubble, the dogwalker has a few characters and ideas, but it never manages to put them on the same path.",negative
"for its seriousness, high literary aspirations and stunning acting, the film can only be applauded.",positive
The quality is very poor.,negative
"highbrow self-appointed guardians of culture need not apply, but those who loved cool as ice have at last found a worthy follow-up.",positive
you wonder why enough wasn't just a music video rather than a full-length movie.,negative
The move follows cuts in credit card interest rate charges by several Canadian banks.,neutral
"if ayurveda can help us return to a sane regimen of eating, sleeping and stress-reducing contemplation, it is clearly a good thing.",positive
"the film, despite the gratuitous cinematic distractions impressed upon it, is still good fun.",positive
"This app keeps crashing every time I try to save my work, and it's incredibly frustrating.",negative
Amcor and NZFP said earlier today they were merging their pulp and paper interests in a joint partnership and were increasing their existing cross - shareholdings.,neutral
"predictable and cloying, though brown sugar is so earnest in its yearning for the days before rap went nihilistic that it summons more spirit and bite than your average formulaic romantic quadrangle.",negative
EMHART CORP & lt; EMH > QTLY DIVIDEND Qtly div 35 cts vs 35 cts prior Payable March 31 Record March nine,neutral
He added that the document seemed entirely credible.,neutral
"shunji iwai's all about lily chou chou is a beautifully shot, but ultimately flawed film about growing up in japan.",negative
"unpretentious, charming, quirky, original",positive
is it really an advantage to invest such subtlety and warmth in an animatronic bear when the humans are acting like puppets?,negative
"A foreign merchant banker also noted, "" There are not many mega - deals left to do in the United States.",neutral
"cineasts will revel in those visual in-jokes, as in the film's verbal pokes at everything from the likes of miramax chief harvey weinstein's bluff personal style to the stylistic rigors of denmark's dogma movement.",positive
This book is fantastic.,positive
wonder of wonders -- a teen movie with a humanistic message.,positive
lawrence should stick to his day job. he's a better actor than a standup comedian.,negative
this film biggest problem? no laughs.,negative
"the movie's ultimate point -- that everyone should be themselves -- is trite, but the screenwriter and director michel gondry restate it to the point of ridiculousness.",negative
Recurrent profits were estimated to fall 20 pct in the current fiscal year with sales forecast to drop 14 pct.,neutral
"a grittily beautiful film that looks, sounds, and feels more like an extended, open-ended poem than a traditionally structured story.",positive
This is a rip-off.,negative
""" It is useful to have a devaluation,"" he said.",neutral
"no new plot conceptions or environmental changes, just different bodies for sharp objects to rip through.",negative
"director todd solondz has made a movie about critical reaction to his two previous movies, and about his responsibility to the characters that he creates.",positive
a remarkably alluring film set in the constrictive eisenhower era about one suburban woman's yearning in the face of a loss that shatters her cheery and tranquil suburban life.,positive
what it lacks in originality it makes up for in effective if cheap moments of fright and dread.,positive
ANALYST SAYS DART GROUP LIKELY BIDDER FOR SUPERMARKETS GENERAL,neutral
"baran isn't the most transporting or gripping film from iran -- or, indeed, by its director -- but it's a worthy companion to the many fine, focused films emerging from that most surprising of nations.",positive
That was a complete waste of time.,negative
"it has the ability to offend and put off everyone, but it holds you with its outrageousness.",positive
It also declared a regular quarterly dividend of 25 cts per share on its common payable May one to shareholders of record April 10.,neutral
Anti - inflation monetary policy.,neutral
"a spunky, original take on a theme that will resonate with singles of many ages.",positive
"the low-key direction is pleasingly emphatic in this properly intense, claustrophobic tale of obsessive love.",positive
"on the heels of the ring comes a similarly morose and humorless horror movie that, although flawed, is to be commended for its straight-ahead approach to creepiness.",positive
the success of undercover brother is found in its ability to spoof both black and white stereotypes equally.,positive
Tariff Act gives the ITC jurisdiction over imported products.,neutral
"after collateral damage, you might imagine that most every aggrieved father cliché has been unturned. but no.",negative
"a film neither bitter nor sweet, neither romantic nor comedic, neither warm nor fuzzy.",negative
The weather forecast for this week shows a mix of clouds and sun with mild temperatures throughout.,neutral
"dog soldiers doesn't transcend genre -- it embraces it, energizes it and takes big bloody chomps out of it.",positive
"In last year ' s third quarter, Software AG earned 1, 598, 000 dlrs.",neutral
"The minerals systems business has operations in West Allis, Wis., and Lachine, Quebec, Canada.",neutral
The store is open from 9 a.m. to 9 p.m. on weekdays and closes earlier on Sundays.,neutral
"The building has three floors, with the reception desk located on the ground level near the entrance.",neutral
There ' s a lot of comfort in knowing you ' ll be guaranteed the government ' s loan price of 52. 25 cents a lb.,neutral
The form has five questions.,neutral
"In addition, the value of roasted coffee should be substantially higher than that of unroasted beans, they said.",neutral
"to be influenced chiefly by humanity's greatest shame, reality shows -- reality shows for god's sake! -- is a crime that should be punishable by chainsaw.",negative
It said the exercise price will be substantially reduced in the event of an acquisition of 25 pct or more of common stock.,neutral
The company said completion of the transaction is subject to regulatory and shareholder approvals.,neutral
disappointing in comparison to other recent war movies or any other john woo flick for that matter.,negative
"this film was made to get laughs from the slowest person in the audience -- just pure slapstick with lots of inane, inoffensive screaming and exaggerated facial expressions.",negative
"bogdanovich taps deep into the hearst mystique, entertainingly reenacting a historic scandal.",positive
"De Bruyn said the tax on vegetable and marine oils and fats would be wide open to fraud, difficult to police, and hugely expensive administratively.",neutral
"[it's] a prison soccer movie starring charismatic tough guy vinnie jones, but it had too much spitting for me to enjoy.",negative
"They would give no details, noting that the White House had not commented on the decision.",neutral
"morton uses her face and her body language to bring us morvern's soul, even though the character is almost completely deadpan.",positive
"as a hybrid teen thriller and murder mystery, murder by numbers fits the profile too closely.",negative
"leigh is one of the rare directors who feels acting is the heart and soul of cinema. he allows his cast members to make creative contributions to the story and dialogue. this method almost never fails him, and it works superbly here.",positive
The software update includes changes to the settings menu and a revised version number.,neutral
Taiwan imports all its soybeans from the United States.,neutral
"trapped presents a frightening and compelling'what if?' scenario that will give most parents pause.... then, something terrible happens.",negative
"large budget notwithstanding, the movie is such a blip on the year's radar screen that it's tempting just to go with it for the ride. but this time, the old mib label stands for milder isn't better.",negative
That was a complete waste of time.,negative
"when [reno] lets her radical flag fly, taking angry potshots at george w. bush, henry kissinger, larry king, et al., reno devolves into a laugh-free lecture.",negative
The elevator stops on every floor.,neutral
"A small amount of French barley has already been put into intervention, Vieux said without detailing the amount.",neutral
"a smart, sweet and playful romantic comedy.",positive
"the story... is inspiring, ironic, and revelatory of just how ridiculous and money-oriented the record industry really is. it is also a testament to the integrity and vision of the band.",positive
a disappointment for a movie that should have been the ultimate imax trip.,negative
the cartoon is about as true to the spirit of the festival of lights as mr. deeds was to that of frank capra.,negative
it's mired in a shabby script that piles layer upon layer of action man cliché atop wooden dialogue and a shifting tone that falls far short of the peculiarly moral amorality of [woo's] best work.,negative
a wildly inconsistent emotional experience.,negative
I'm tired of these errors.,negative
it works its magic with such exuberance and passion that the film's length becomes a part of its fun.,positive
what's really so appealing about the characters is their resemblance to everyday children.,positive
EMERY AIR FREIGHT SAID HUTTON GROUP ENDS OFFER FOR PUROLATOR COURIER,neutral
"MTS ACQUISITION HAD TALKS WITH PRATT HOTEL, SOUTHMARK ON CAESARS WORLD PURCHASE",neutral
"cool gadgets and creatures keep this fresh. not as good as the original, but what is...",positive
"ultimately, the film never recovers from the clumsy cliché of the ugly american abroad, and the too-frosty exterior ms. paltrow employs to authenticate her british persona is another liability.",negative
arguably the best script that besson has written in years.,positive
"Assuming the offering had occurred on Jan. 1, 1986, operating net income per share would have been 85 cts a share for 1986.",neutral
I really enjoyed that.,positive
"more busy than exciting, more frantic than involving, more chaotic than entertaining.",negative
a very stylish but ultimately extremely silly tale... a slick piece of nonsense but nothing more.,negative
"... has about 3/4th the fun of its spry 2001 predecessor  but it's a rushed, slapdash, sequel-for-the-sake- of-a-sequel with less than half the plot and ingenuity.",negative
"while van wilder may not be the worst national lampoon film, it's far from being this generation's animal house.",negative
"if you saw benigni's pinocchio at a public park, you'd grab your kids and run and then probably call the police.",negative
a slight but sweet film.,positive
"a pathetic exploitation film that tries to seem sincere, and just seems worse for the effort.",negative
the film is really closer to porn than a serious critique of what's wrong with this increasingly pervasive aspect of gay culture.,negative
like most movies about the pitfalls of bad behavior... circuit gets drawn into the party.,negative
The survey was sent to all participants last week and responses are due by the end of the month.,neutral
the young stars are too cute; the story and ensuing complications are too manipulative; the message is too blatant; the resolutions are too convenient.,negative
U. S. Tariffs are due to take effect on April 17.,neutral
The building's elevator is currently being serviced and is expected to reopen later this afternoon.,neutral
Nobel managing director Anders Carlberg said an internal inquiry has revealed an extensive network of international arms smuggling.,neutral
""" On balance, GM cars are not selling as well as their competitors,"" he said.",neutral
"the film's sense of imagery gives it a terrible strength, but it's propelled by the acting.",positive
"impossible as it may sound, this film's heart is even more embracing than monty, if only because it accepts nasty behavior and severe flaws as part of the human condition.",positive
this gorgeous epic is guaranteed to lift the spirits of the whole family.,positive
I'm proud of this work.,positive
it's exactly the kind of movie toback's detractors always accuse him of making.,negative
BankAmerica originally acquired Schwab in 1983 for 57 mln dlrs worth of BankAmerica common stock.,neutral
a fairly by-the-books blend of action and romance with sprinklings of intentional and unintentional comedy.,negative
I really like this design.,positive
it grabs you in the dark and shakes you vigorously for its duration.,positive
"The growth was attributed to the strength of non - oil trade, especially computers and computer parts, electronic components and garments, it said.",neutral
I regret buying this item.,negative
eight legged freaks? no big hairy deal.,negative
Fundamental Management Chairman Carl Singer was recently elected to the Robeson board.,neutral
a funny and touching film that is gorgeously acted by a british cast to rival gosford park's.,positive
"mr. clooney, mr. kaufman and all their collaborators are entitled to take a deep bow for fashioning an engrossing entertainment out of an almost sure-fire prescription for a critical and commercial disaster.",positive
that it'll probably be the best and most mature comedy of the 2002 summer season speaks more of the season than the picture,positive
This is exactly what I wanted.,positive
the most brilliant work in this genre since the 1984 uncut version of sergio leone's flawed but staggering once upon a time in america.,positive
That movie was terrible.,negative
"like the excruciating end of days, collateral damage presents schwarzenegger as a tragic figure, but sympathy really belongs with any viewer forced to watch him try out so many complicated facial expressions.",negative
"a resonant tale of racism, revenge and retribution.",positive
the performances are an absolute joy.,positive
The Institute is conducting a survey to determine how many trees will be uprooted or base - budded.,neutral
"the cinematic equivalent of patronizing a bar favored by pretentious, untalented artistes who enjoy moaning about their cruel fate.",negative
drumline ably captures the complicated relationships in a marching band.,positive
"The company also said that "" discussions are continuing, but no definitive arrangements have been made.""",neutral
"The semolina is for shipment during June 1987, it said.",neutral
"Grace received 99. 3 mln dlrs cash and will record a pretax gain of about 37 mln dlrs in the first quarter, the company said.",neutral
State officials said the government had agreed to revise its proposals to cut compensation and would allow slightly higher cash benefits for injured workers.,neutral
... the film suffers from a lack of humor ( something needed to balance out the violence )...,negative
The bill now goes to the full House Banking committee for further action.,neutral
I feel really good about this.,positive
"it helps that the central performers are experienced actors, and that they know their roles so well.",positive
WILLIAMS HOLDINGS SAYS IT BIDDING 542. 2 MLN STG FOR NORCROS ORDINARY SHARES,neutral
Stoltenberg noted that in 1986 Bonn ' s exports fell by a nominal two pct while its nominal imports fell by 10. 7 pct.,neutral
This car drives beautifully.,positive
"The offering is expected to be made before the record date of the split, the company said.",neutral
"given the fact that virtually no one is bound to show up at theatres for it, the project should have been made for the tube.",negative
impresses you with its open-endedness and surprises.,positive
but even with the two-wrongs-make-a-right chemistry between jolie and burns... this otherwise appealing picture loses its soul to screenwriting for dummies conformity.,positive
"garcía bernal and talancón are an immensely appealing couple, and even though their story is predictable, you'll want things to work out.",positive
""" We ' ve had no conversations with them.""",neutral
He said the cuts resulted from a government decision to let the temporary business and municipal tax reductions on exported tin lapse on June 3.,neutral
Trade sources in Rio today said Brazil ' s future export policy was unlikely to be revealed before the end of next week.,neutral
an engaging overview of johnson's eccentric career.,positive
"jae-eun jeong's take care of my cat brings a beguiling freshness to a coming-of-age story with such a buoyant, expressive flow of images that it emerges as another key contribution to the flowering of the south korean cinema.",positive
"BASF said it expected a U. S. Investment of 240 mln dlrs in 1987, part of a five - year programme totalling one billion.",neutral
This was money well spent.,positive
"... an otherwise intense, twist-and-turn thriller that certainly shouldn't hurt talented young gaghan's resume.",positive
That was a bad decision.,negative
"the film takes the materials of human tragedy and dresses them in lovely costumes, southern california locations and star power.",negative
"there are moments in this account of the life of artist frida kahlo that are among cinema's finest this year. unfortunately, they're sandwiched in between the most impossibly dry account of kahlo's life imaginable.",positive
'rare birds' tries to force its quirkiness upon the audience.,negative
"Minguzzi added that under EC regulations, the Community has until early May to pay for the sugar.",neutral
Official sources said Toyota ' s application was likely to be approved.,neutral
"a creepy, intermittently powerful study of a self-destructive man... about as unsettling to watch as an exploratory medical procedure or an autopsy.",positive
nothing more than four or five mild chuckles surrounded by 86 minutes of overly-familiar and poorly-constructed comedy.,negative
""" It seems reasonable to expect production and consumption to be in far better balance than a year ago,"" Amstutz said.",neutral
not good enough to pass for a litmus test of the generation gap and not bad enough to repulse any generation of its fans.,negative
"This is the worst customer experience I have had in years, and I will not be returning.",negative
diggs and lathan are among the chief reasons brown sugar is such a sweet and sexy film.,positive
"pull[s] off the rare trick of recreating not only the look of a certain era, but also the feel.",positive
Sales of U. S. stores in existence more than one year increased 10 pct.,neutral
"tense, terrific, sweaty-palmed fun.",positive
All are for August shipment at 364 dlrs a tonne cif.,neutral
"be forewarned, if you're depressed about anything before watching this film, you may just end up trying to drown yourself in a lake afterwards.",negative
I can't stand this noise.,negative
"the satire is unfocused, while the story goes nowhere.",negative
Full company name is Regie Nationale des Usines Renault.,neutral
"there's a bit of thematic meat on the bones of queen of the damned, as its origins in an anne rice novel dictate, but generally, it's a movie that emphasizes style over character and substance.",negative
watching beanie and his gang put together his slasher video from spare parts and borrowed materials is as much fun as it must have been for them to make it.,positive
"at its best, the good girl is a refreshingly adult take on adultery...",positive
"while the importance of being earnest offers opportunities for occasional smiles and chuckles, it doesn't give us a reason to be in the theater beyond wilde's wit and the actors' performances.",negative
an epic of grandeur and scale that's been decades gone from the popcorn pushing sound stages of hollywood.,positive
"The instructions were clear and easy to follow, so the whole setup only took a few minutes.",positive
"unlike trey parker, sandler doesn't understand that the idea of exploiting molestation for laughs is funny, not actually exploiting it yourself.",negative
do not see this film.,negative
"Winter grains remained dormant over the region, but warm weather promoted greening in crop areas adjacent to the Black Sea coast, it said.",neutral
odd and weird.,negative
"with the same sort of good-natured fun found in films like tremors, eight legged freaks is prime escapist fare.",positive
"jose campanella delivers a loosely autobiographical story brushed with sentimentality but brimming with gentle humor, bittersweet pathos, and lyric moments that linger like snapshots of memory.",positive
a mimetic approximation of better films like contempt and 8 1/2.,negative
"However, the intervention failed to boost the U. S. Currency significantly from the 142. 20 yen level, they added.",neutral
"like brosnan's performance, evelyn comes from the heart.",positive
The service was rude.,negative
"the aaa of action, xxx is a blast of adrenalin, rated eee for excitement. and vin diesel is the man.",positive
putting the primitive murderer inside a high-tech space station unleashes a pandora's box of special effects that run the gamut from cheesy to cheesier to cheesiest.,negative
a dumb movie with dumb characters doing dumb things and you have to be really dumb not to see where this is going.,negative
"The LDP expects the measures to prop up the economy and lessen trade problems with the U. S., They added.",neutral
far more enjoyable than its predecessor.,negative
a cautionary tale about the grandiosity of a college student who sees himself as impervious to a fall.,positive
"Speculation even surfaced of a discount rate cut to calm the markets, dealers said.",neutral
... a boring parade of talking heads and technical gibberish that will do little to advance the linux cause.,negative
"this is not chabrol's best, but even his lesser works outshine the best some directors can offer.",positive
"no matter how much he runs around and acts like a doofus, accepting a 50-year-old in the role is creepy in a michael jackson sort of way.",negative
"like shave ice without the topping, this cinematic snow cone is as innocuous as it is flavorless.",negative
"eddie murphy and owen wilson have a cute partnership in i spy, but the movie around them is so often nearly nothing that their charm doesn't do a load of good.",negative
"Private exporters concluded advance weekly sales for 79, 448 tonnes against 79, 014 the previous week.",neutral
reign of fire looks as if it was made without much thought -- and is best watched that way.,positive
"the holes in this film remain agape -- holes punched through by an inconsistent, meandering, and sometimes dry plot.",negative
"if kaufman kept cameron diaz a prisoner in a cage with her ape, in his latest, he'd have them mate.",negative
a complex psychological drama about a father who returns to his son's home after decades away.,positive
""" A profit looks quite favorable,"" Graff said.",neutral
"The paper said 43, 000 hectares in Meixian county in Guangdong are seriously short of water.",neutral
""" I think this could be a very important factor for U. S. semiconductor manufacturers,"" industry analyst Elliot Levine of Ladenburg Thalmann Co said.",neutral
"daughter from danang reveals that efforts toward closure only open new wounds. it doesn't flinch from its unsettling prognosis, namely, that the legacy of war is a kind of perpetual pain.",positive
norton is magnetic as graham.,positive
The PFL holds the Education Ministry.,neutral
"static, repetitive, muddy and blurry, hey arnold! would seem to have a lock on the title of ugliest movie of the year.",negative
The new policy applies to all employees who started before the beginning of this calendar year.,neutral
top-notch action powers this romantic drama.,positive
a dopey movie clothed in excess layers of hipness.,negative
"There was evidence deficits as a pct of Gross National Product were declining and would continue to drop, he said.",neutral
"Businesses was "" well maintained, although the reported result was affected by cross border debt provisioning,"" while Californian subsidiary Union Bank "" showed continued growth.""",neutral
Conrac said it would make a recommendation by April 17.,neutral
crush is so warm and fuzzy you might be able to forgive its mean-spirited second half.,positive
"it has its faults, but it is a kind, unapologetic, sweetheart of a movie, and mandy moore leaves a positive impression.",positive
Previous results reported from Texas Eastern Corp ' s & lt; TET > Petrolane Inc domestic division.,neutral
"thanks to confident filmmaking and a pair of fascinating performances, the way to that destination is a really special walk in the woods.",positive
visually striking and viscerally repellent.,positive
a rehash of every gangster movie from the past decade.,negative
"even with harris's strong effort, the script gives him little to effectively probe lear's soul-stripping breakdown.",negative
"Lower prices on the raw material side had also brought pressure on selling prices, it added.",neutral
"But the effect of the deal on 1987 earnings can be evaluated in full only when the definitive pacts are completed, it said.",neutral
That was so unpleasant.,negative
"far more successful, if considerably less ambitious, than last year's kubrick-meets-spielberg exercise.",positive
"hey, happy! is many things -- stoner midnight flick, sci-fi deconstruction, gay fantasia -- but above all it's a love story as sanguine as its title.",positive
os universos de chuck barris e charlie kaufman são complementares. e igualmente fascinantes.,positive
"Further purchases of USAir stock would require the approval of the Department of Transportation, TWA said.",neutral
He said some 75 pct of the money supply increase in 1986 was caused by a sharp rise in the inflow of foreign funds.,neutral
"fine acting but there is no sense of connecting the dots, just dots.",positive
It added it had a two - for - one stock split in May 1986.,neutral
""" That is quicker than some recent fixed - rate New Zealand dollar note issues,"" he said.",neutral
the film has a childlike quality about it. but the feelings evoked in the film are lukewarm and quick to pass.,negative
"after you laugh once ( maybe twice ), you will have completely forgotten the movie by the time you get back to your car in the parking lot.",negative
I bought the product yesterday.,neutral
"As a result, those amounts will be subject to federal taxes, it said.",neutral
"a wishy-washy melodramatic movie that shows us plenty of sturm und drung, but explains its characters' decisions only unsatisfactorily.",negative
"Carlos Brasil, an adviser to the IBC president, said Dauster had left Rio de Janeiro for Managua early this morning.",neutral
a cheerful enough but imminently forgettable rip-off of [besson's] earlier work.,negative
WASTE MANAGEMENT CORP VOTES TWO FOR ONE STOCK SPLIT AND BOOSTS QTLY DIVIDEND TO 18 CTS,neutral
"how can such a cold movie claim to express warmth and longing? in truth, it has all the heart of a porno flick ( but none of the sheer lust ).",negative
"He added that the higher the fatty acid, the greater the blood cholesterol level.",neutral
The letter of intent signed by Chrysler and Renault on March nine set April nine as the target date for completing negotiations.,neutral
"this cloying, voices-from-the-other-side story is hell.",negative
METROPOLITAN FINANCIAL CORP & lt; MFC > VOTES PAYOUT Qtly div 11 cts vs 11 cts prior qtr Pay 30 April Record 15 April,neutral
has the disjointed feel of a bunch of strung-together tv episodes.,negative
a sugar-coated rocky whose valuable messages are forgotten 10 minutes after the last trombone honks.,negative
"The sugar, for April / May and April / June shipment, was sold at between 214 and 218 dlrs a tonne cif, it said.",neutral
A National Bank spokesman said the relation of the mark and Swiss franc was an example of stable currency parities over a long period of time.,neutral
""" The situation is completely absurd from an economic point of view,"" Bangemann told the newspaper Die Welt in an interview released ahead of publication tomorrow.",neutral
"The customer support team was rude, unhelpful, and kept transferring me between departments for no reason.",negative
"by the time the surprise ending is revealed, interest cannot be revived.",negative
The meeting was rescheduled to Friday.,neutral
"nothing debases a concept comedy quite like the grinding of bad ideas, and showtime is crammed full of them.",negative
an enjoyably half-wit remake of the venerable italian comedy big deal on madonna street.,positive
what really surprises about wisegirls is its low-key quality and genuine tenderness.,positive
"as a first-time director, paxton has tapped something in himself as an actor that provides frailty with its dark soul.",positive
"there's an excellent 90-minute film here; unfortunately, it runs for 170.",negative
"It will urge the major seven groups to merge into five to build up their muscles,"" a source said.",neutral
"though it is by no means his best work, laissez-passer is a distinguished and distinctive effort by a bona-fide master, a fascinating film replete with rewards to be had by all willing to make the effort to reap them.",positive
"if you value your time and money, find an escape clause and avoid seeing this trite, predictable rehash.",negative
""" Our corn has been pretty reasonably priced.",neutral
so exaggerated and broad that it comes off as annoying rather than charming.,negative
"1986 net includes reversal of 597, 000 dlrs of reserves no longer deemed necessary and tax credit 340, 000 dlrs.",neutral
The book has 250 pages.,neutral
"some of seagal's action pictures are guilty pleasures, but this one is so formulaic that it seems to be on auto-pilot.",negative
superbly photographed and staged by mendes with a series of riveting set pieces the likes of which mainstream audiences have rarely seen.,positive
"1986 fl - yr net includes 900, 000 dlr net writedown of stake in Heck ' s.",neutral
""" I think the Paris agreement represents evidence that international economic policy co - ordination is alive and well,"" Baker said.",neutral
"my thoughts were focused on the characters. that is a compliment to kuras and miller. if i had been thinking about the visual medium, they would have been doing something wrong.",positive
"The food tasted awful and was served cold, which completely ruined the evening for us.",negative
"a quiet, pure, elliptical film",positive
could this be the first major studio production shot on video tape instead of film?,positive
resembles a soft porn brian de palma pastiche.,negative
The Office said leading indicators still do not show a consistent picture of the likely future developments of the business cycle in Britain.,neutral
The parking garage is next to the building.,neutral
That was very kind of you.,positive
"if it tried to do anything more, it would fail and perhaps explode, but at this level of manic whimsy, it is just about right.",positive
Japanese government officials said they are confident they can make the pact work.,neutral
boring and meandering.,negative
"between bursts of automatic gunfire, the story offers a trenchant critique of capitalism.",positive
like old myths and wonder tales spun afresh.,positive
"frankly, it's kind of insulting, both to men and women. and it's not that funny -- which is just generally insulting.",negative
"a competent, unpretentious entertainment destined to fill the after-school slot at shopping mall theaters across the country.",positive
& lt; BURKE - PARSONS - BOWLBY > CORP SETS REGULAR PAYOUT Qtrly div three cts vs three cts prior Pay May 15 Record April 24,neutral
"a film which presses familiar herzog tropes into the service of a limpid and conventional historical fiction, when really what we demand of the director is to be mesmerised.",negative
fails to bring as much to the table.,negative
an overly melodramatic but somewhat insightful french coming-of-age film...,positive
"In the letter, the partnership said it was confident it could obtain the financing and close the transaction promptly.",neutral
"in both the writing and cutting, it does not achieve the kind of dramatic unity that transports you. you end up simply admiring this bit or that, this performance or that.",negative
""" I don ' t see this as a trade issue.",neutral
"gives us a lot to chew on, but not all of it has been properly digested.",positive
is there enough material to merit a documentary on the making of wilco's last album?,negative
I regret going there.,negative
monte cristo smartly emphasizes the well-wrought story and omits needless chase scenes and swordfights as the revenge unfolds.,positive
the chateau cleverly probes the cross-cultural differences between gauls and yanks.,positive
make like the title and dodge this one.,negative
"a burst of color, music, and dance that only the most practiced curmudgeon could fail to crack a smile at.",positive
They said the agreement until now did not appear to have encouraged excessive production of rubber.,neutral
"as literary desecrations go, this makes for perfectly acceptable, occasionally very enjoyable children's entertainment. you'll forget about it by monday, though, and if they're old enough to have developed some taste, so will your kids.",positive
The room was dirty.,negative
the film is often filled with a sense of pure wonderment and excitement not often seen in today's cinema du sarcasm,positive
"the son of the bride's humour is born out of an engaging storyline, which also isn't embarrassed to make you reach for the tissues. this movie is to be cherished.",positive
coughs and sputters on its own postmodern conceit.,negative
"the result is more depressing than liberating, but it's never boring.",positive
"an earnest, roughshod document, it serves as a workable primer for the region's recent history, and would make a terrific 10th-grade learning tool.",positive
"the château would have been benefited from a sharper, cleaner script before it went in front of the camera. not to mention a sharper, cleaner camera lens.",negative
"Spain is threatened with massive imports from third countries by the end of the year, they said.",neutral
one of the year's most weirdly engaging and unpredictable character pieces.,positive
Reagan coupled this appeal with a call for compliance with allied accords on exchange rate stability.,neutral
"the low-budget full frontal was one of the year's murkiest, intentionally obscure and self-indulgent pictures, and solaris is its big-budget brother.",negative
The bonus issue will bring its outstanding capital shares to 65. 02 mln from 61. 92 mln as at March 31 1987.,neutral
"neither quite a comedy nor a romance, more of an impish divertissement of themes that interest attal and gainsbourg -- they live together -- the film has a lot of charm.",positive
"most thrillers send audiences out talking about specific scary scenes or startling moments; "" frailty "" leaves us with the terrifying message that the real horror may be waiting for us at home.",positive
the campy results make mel brooks' borscht belt schtick look sophisticated.,negative
that the real antwone fisher was able to overcome his personal obstacles and become a good man is a wonderful thing; that he has been able to share his story so compellingly with us is a minor miracle.,positive
"Cineplex said the purchase price consisted of 22. 5 mln dlrs cash and 652, 742 Cineplex common shares.",neutral
a fascinating and fun film.,positive
alternative medicine obviously has its merits... but ayurveda does the field no favors.,negative
I'm sick of these problems.,negative
a real snooze.,negative
the plot convolutions ultimately add up to nothing more than jerking the audience's chain.,negative
I'm angry about this charge.,negative
TRUMP AND INTERSTATE PROPERTIES IN TALKS TO ACQUIRE ALEXANDERS,neutral
the logic of it all will be greek to anyone not predisposed to the movie's rude and crude humor.,negative
I'm annoyed with this delay.,negative
a film about female friendship that men can embrace and women will talk about for hours.,positive
DART GROUP SAID IT WILL NOT SOLICIT PROXIES OR ATTEMPT TO ACQUIRE DAYTON HUDSON,neutral
I really enjoyed that.,positive
"this rather unfocused, all-over-the-map movie would be a lot better if it pared down its plots and characters to a few rather than dozens... or if it were subtler... or if it had a sense of humor.",negative
warmed-over tarantino by way of wannabe elmore leonard.,negative
"quite simply, a joy to watch and--especially--to listen to.",positive
works on the whodunit level as its larger themes get lost in the murk of its own making,negative
"As prices and demand improve, we are poised to accelerate capital spending on our inventory of attractive opportunities.""",neutral
The garden looks beautiful.,positive
The 1986 ICCA has been in effect since January 1987.,neutral
"it all plays out... like a high-end john hughes comedy, a kind of elder bueller's time out.",positive
The company earlier reported a 20 pct rise in pre - tax profits for 1986 to 1. 14 billion stg from 953 mln previously.,neutral
"in his role of observer of the scene, lawrence sounds whiny and defensive, as if his life-altering experiences made him bitter and less mature.",negative
"suffice to say that after seeing this movie in imax form, you'll be more acquainted with the tiniest details of tom hanks' face than his wife is.",positive
The bank rarely invites applications for ordinary assistance on a Saturday and the sources said it was more likely to open its special borrowing facility again.,neutral
"The higher levies affect official transactions such as road tolls, vehicle transfers and various licence fees, he added.",neutral
Redland held discussions on a possible takeover before the CSR bid emerged but the negotiations foundered on the price.,neutral
i don't even care that there's no plot in this antonio banderas-lucy liu faceoff. it's still terrible!,negative
"this road movie gives you emotional whiplash, and you'll be glad you went along for the ride.",positive
It said it has the right to cancel the warrants after one year if no transaction has been completed.,neutral
"children of the century, though well dressed and well made, ultimately falls prey to the contradiction that afflicts so many movies about writers.",negative
"a taut, intelligent psychological drama.",positive
The executive said Tandem will increase its research and development spending to about 100 mln dlrs this year from 87 mln dlrs in fiscal 1986.,neutral
"while this film has an'a' list cast and some strong supporting players, the tale -- like its central figure, vivi -- is just a little bit hard to love.",negative
BANK OF FRANCE BUYS DOLLARS AT PARIS FIXING - DEALERS,neutral
ends up offering nothing more than the latest schwarzenegger or stallone flick would.,negative
IDAHO POWER CO & lt; IDA > SETS QUARTERLY Qtly div 45 cts vs 45 cts prior Pay May 20 Record April 24,neutral
"the master of disguise is funny--not "" ha ha "" funny, "" dead circus performer "" funny. and for all the wrong reasons besides.",negative
a fascinating case study of flower-power liberation -- and the price that was paid for it.,positive
exciting documentary.,positive
feels more like a rejected x-files episode than a credible account of a puzzling real-life happening.,negative
"even on its own ludicrous terms, the sum of all fears generates little narrative momentum, and invites unflattering comparisons to other installments in the ryan series.",negative
"cattaneo should have followed the runaway success of his first film, the full monty, with something different.",negative
"According to the schedule, the delivery truck is expected to arrive sometime between noon and 2 p.m.",neutral
what could have been a neat little story about believing in yourself is swamped by heavy-handed melodrama.,negative
Peru ' s exports fell to 2. 51 billion dlrs last year from 2. 98 billion in 1985.,neutral
"Phenol is used to make phenolic resins and adhesives for engineering plastics, the company said.",neutral
"if legendary shlockmeister ed wood had ever made a movie about a vampire, it probably would look a lot like this alarming production, adapted from anne rice's novel the vampire chronicles.",negative
The recipe calls for two eggs.,neutral
"asks what truth can be discerned from non-firsthand experience, and specifically questions cinema's capability for recording truth.",positive
"a timely look back at civil disobedience, anti-war movements and the power of strong voices.",positive
"The issue is an important one, because congressional budget committees are known to be considering limiting the use of certificates as a means of cutting spending.",neutral
"He added: "" The cost of failure is beyond calculation.",neutral
It said prior year comparisons were thus not applicable.,neutral
"The company said its merger last year with Associated Dry Goods, which was accounted for as a pooling of interests, is "" going very well.""",neutral
CHEUNG KONG ( HOLDINGS ) LTD & lt; CKGH. HK > YEAR 1986 Shr 3. 25 H. K.,neutral
"few films have captured the chaos of an urban conflagration with such fury, and audience members will leave feeling as shaken as nesbitt's cooper looks when the bullets stop flying.",positive
richard gere and diane lane put in fine performances as does french actor oliver martinez.,positive
"However, the experts do not expect the Japanese to run the board meetings of any giant U. S. Or European concerns.",neutral
no such thing breaks no new ground and treads old turf like a hippopotamus ballerina.,negative
"mr. parker has brilliantly updated his source and grasped its essence, composing a sorrowful and hilarious tone poem about alienated labor, or an absurdist workplace sitcom.",positive
"the unexplored story opportunities of "" punch-drunk love "" may have worked against the maker's minimalist intent but it is an interesting exercise by talented writer/director anderson.",positive
"while dutifully pulling on heartstrings, directors dean deblois and chris sanders valiantly keep punching up the mix.",positive
This design looks awful.,negative
"The service was terrible and very disappointing, and nobody seemed to care about fixing it.",negative
a poignant lyricism runs through balzac and the little chinese seamstress that transforms this story about love and culture into a cinematic poem.,positive
"woo has as much right to make a huge action sequence as any director, but how long will filmmakers copy the "" saving private ryan "" battle scenes before realizing steven spielberg got it right the first time?",negative
AMOCO SAID WELL OFF TRINIDAD FLOWS 53 MLN CUBIC FEET NATURAL GAS DAILY,neutral
"a modestly comic, modestly action-oriented world war ii adventure that, in terms of authenticity, is one of those films that requires the enemy to never shoot straight.",negative
I can't believe how bad this is.,negative
"in my opinion, analyze that is not as funny or entertaining as analyze this, but it is a respectable sequel.",positive
"Unadjusted February unemployment totalled 1. 86 mln people, up from 1. 82 mln in January and 1. 64 mln a year earlier.",neutral
This is such a letdown.,negative
The union said talks with management over the proposed move had broken down.,neutral
its vision of that awkward age when sex threatens to overwhelm everything else is acute enough to make everyone who has been there squirm with recognition.,positive
The cut backs in Japanese production are expected to benefit U. S. chip makers.,neutral
I highly recommend it.,positive
Antara quoted him as saying Indonesia is relying on its export drive to help narrow its trade deficit.,neutral
The weather forecast for this week shows a mix of clouds and sun with mild temperatures throughout.,neutral
The company had received a qualified opinion on 1985 financial statements subject to its ability to resolve negotiations with its U. S. bank group.,neutral
"stands as a document of what it felt like to be a new yorker -- or, really, to be a human being -- in the weeks after 9/11.",positive
"sounding like arnold schwarzenegger, with a physique to match, [ahola] has a wooden delivery and encounters a substantial arc of change that doesn't produce any real transformation.",negative
"The developer indicated in those talks that he took the position as an investment, but he revealed no other plans.",neutral
harmless fun.,positive
That was so unpleasant.,negative
"the movie's quiet affirmation of neighborhood values gives it an honest, lived-in glow.",positive
an odd drama set in the world of lingerie models and bar dancers in the midwest that held my interest precisely because it didn't try to.,positive
"it's mildly entertaining, especially if you find comfort in familiarity. but it's hardly a necessary enterprise.",positive
slick piece of cross-promotion.,negative
"what one is left with, even after the most awful acts are committed, is an overwhelming sadness that feels as if it has made its way into your very bloodstream.",positive
"irwin is a man with enough charisma and audacity to carry a dozen films, but this particular result is ultimately held back from being something greater.",negative
"american chai encourages rueful laughter at stereotypes only an indian-american would recognize. and the lesson, in the end, is nothing new.",negative
i am sorry that i was unable to get the full brunt of the comedy.,negative
they threw loads of money at an idea that should've been so much more even if it was only made for teenage boys and wrestling fans.,negative
i liked a lot of the smaller scenes.,positive
But Opposition leader Constantine Mitsotakis told reporters he thought the suspension would be temporary until the crisis is resolved.,neutral
Dauster said there are no plans yet to renew negotiations at a later date.,neutral
"Japan is one of Indonesia ' s key trading partners, taking half its oil exports.",neutral
"a sloppy, amusing comedy that proceeds from a stunningly unoriginal premise.",positive
"though an important political documentary, this does not really make the case the kissinger should be tried as a war criminal.",positive
"[shyamalan] continues to cut a swathe through mainstream hollywood, while retaining an integrity and refusing to compromise his vision.",positive
terrible.,negative
"an enjoyable film for the family, amusing and cute for both adults and kids.",positive
"I regret choosing this company; the delivery was late, damaged, and the refund process was painful.",negative
The form has five questions.,neutral
director andrew niccol... demonstrates a wry understanding of the quirks of fame. his healthy sense of satire is light and fun....,positive
you might be shocked to discover that seinfeld's real life is boring.,negative
"But although cutbacks announced by these states were politically significant and welcomed by OPEC, they were insufficient in terms of volume, he added.",neutral
""" we can say that we are achieving the recuperation of credit, but that cannot be done overnight,"" azpurua said in a television interview.",neutral
i know that i'll never listen to marvin gaye or the supremes the same way again,positive
episode ii-- attack of the clones is a technological exercise that lacks juice and delight.,negative
"director kapur is a filmmaker with a real flair for epic landscapes and adventure, and this is a better film than his earlier english-language movie, the overpraised elizabeth.",positive
"with very little to add beyond the dark visions already relayed by superb recent predecessors like swimming with sharks and the player, this latest skewering... may put off insiders and outsiders alike.",negative
death might be a release.,negative
"For the week ended March 13, API reported gasoline stocks down 2. 9 mln barrels.",neutral
The new policy applies to all employees who started before the beginning of this calendar year.,neutral
what more can be expected from a college comedy that's target audience hasn't graduated from junior high school?,negative
That was incredibly rude.,negative
"According to a copy of Perelman ' s letter released by Gillette, he would be prepared to sign a defnitive merger agreement without any financing condition.",neutral
"Britain also warned that the tax could hit developing countries already receiving aid from the EC, they said.",neutral
The company said the swap will be tax - free.,neutral
"the movie strains to stay on the light, comic side of the issue, despite the difficulty of doing so when dealing with the destruction of property and, potentially, of life itself.",negative
The cooperation agreement has resulted in concerted central bank intervention of 8 billion to 9 billion dlrs to halt the dollar ' s fall.,neutral
The dividend is equal to the company ' s previous semi - annual payout.,neutral
the script feels as if it started to explore the obvious voyeuristic potential of'hypertime' but then backed off when the producers saw the grosses for spy kids.,negative
Abbott reported 1987 first quarter earnings rose to a record 142 mln dlrs or 62 cts a share on record sales of one billion dlrs.,neutral
the original wasn't a good movie but this remake makes it look like a masterpiece!,negative
Coconuts are planted on about 3. 2 mln hectares or one - fourth of total agricultural land.,neutral
"The total wheat import target this year has been set at 700, 000 tonnes, down from actual imports of 758, 770 last year.",neutral
"the script, the gags, the characters are all direct-to-video stuff, and that's where this film should have remained.",negative
This is a lovely house.,positive
my wife is an actress works as well as it does because [the leads] are such a companionable couple.,positive
seldom has a movie so closely matched the spirit of a man and his work.,positive
The email was sent at noon.,neutral
"Ina accounts for some 75 pct of Yugoslavia ' s total oil production, which amounts to 4. 2 mln tonnes a year.",neutral
illuminating if overly talky documentary.,positive
"as a thoughtful and unflinching examination of an alternative lifestyle, sex with strangers is a success.",positive
""" They have always honoured the agreement, and there ' s no reason now to think they won ' t this year,"" he told Reuters.",neutral
"Link Technologies develops and markets computer terminals, Wyse also said.",neutral
Analysts are estimating United Technologies will earn 3. 75 dlrs to 4. 50 dlrs a share in 1987.,neutral
"Her cooking always brings the whole family together, and everyone leaves the table completely satisfied.",positive
"muccino, who directed from his own screenplay, is a canny crowd pleaser, and the last kiss... provides more than enough sentimental catharsis for a satisfying evening at the multiplex.",positive
I absolutely love this product; it works perfectly every single time I use it.,positive
"the doofus-on- the-loose banter of welcome to collinwood has a cocky, after-hours loopiness to it. and as with most late-night bull sessions, eventually the content isn't nearly as captivating as the rowdy participants think it is.",negative
"Both increases are effective April 1, 1987.",neutral
"standing in the shadows of motown is the best kind of documentary, one that makes a depleted yesterday feel very much like a brand-new tomorrow.",positive
"Soyabeans were the main component, with imports rising to 2. 82 mln tonnes actual weight from 2. 75 mln.",neutral
"a bold and subversive film that cuts across the grain of what is popular and powerful in this high-tech age, speaking its truths with spellbinding imagery and the entrancing music of philip glass.",positive
The commission has set a hearing on the rate issue for July 28.,neutral
"Other analysts, however, estimate a breakup value well into the 60 dlr a share range.",neutral
The package arrived on Monday.,neutral
generates an enormous feeling of empathy for its characters.,positive
The report said inflation should slow and domestic demand pick up in the second half of this year.,neutral
"This is the worst customer experience I have had in years, and I will not be returning.",negative
this movie seems to have been written using mad-libs. there can be no other explanation. hilariously inept and ridiculous.,negative
What a beautiful morning.,positive
He is working in his office.,neutral
a map of the inner rhythms of love and jealousy and sacrifice drawn with a master's steady stroke.,positive
"what makes the film special is the refreshingly unhibited enthusiasm that the people, in spite of clearly evident poverty and hardship, bring to their music.",positive
"it takes a certain kind of horror movie to qualify as'worse than expected,' but ghost ship somehow manages to do exactly that.",negative
a plodding look at the french revolution through the eyes of aristocrats.,negative
"a reminder that beyond all the hype and recent digital glitz, spielberg knows how to tell us about people.",positive
"Schlesinger now has a majority of support in the Bundesbank council, and since late summer Poehl has had to represent his views, bankers said.",neutral
the wild thornberrys movie is pleasant enough and the message of our close ties with animals can certainly not be emphasized enough.,positive
"TREASURY ' S BAKER SAYS TRADE, CURRENT ACCOUNT IMBALANCES "" SIMPLY NOT SUSTAINABLE """,neutral
This is such good news.,positive
"borstal boy represents the worst kind of filmmaking, the kind that pretends to be passionate and truthful but is really frustratingly timid and soggy.",negative
"director elie chouraqui, who co-wrote the script, catches the chaotic horror of war, but why bother if you're going to subjugate truth to the tear-jerking demands of soap opera?",negative
"Based on the estimate, the trust said there may be no money available for cash distributions to unitholders for the remainder of the year.",neutral
Note - Full name is Nationale Nederlanden NV & lt; NTNN. AS >,neutral
"somewhat blurred, but kinnear's performance is razor sharp.",positive
This has resulted in a hardening of freight rates in those areas.,neutral
"ultimately the project comes across as clinical, detached, uninvolving, possibly prompting audience members to wonder,'what's the point?'",negative
New prices for 0. 15 gm lead grades are 97. 0 cents / litre for 97 octane and 90. 8 cents for 95 octane.,neutral
U. K. Chancellor forecast in budget speech GDP growth of 3. 0 pct in 1987,neutral
tsai convincingly paints a specifically urban sense of disassociation here.,positive
It said that further appreciation could then lead manufacturers to postpone their investment plans and thus weaken domestic growth.,neutral
"This software saved me hours of work every week, and the interface is intuitive and pleasant to use.",positive
"intelligent, caustic take on a great writer and dubious human being.",positive
there's a reason why halftime is only fifteen minutes long.,negative
SUN RAISES CRUDE OIL POSTINGS ONE DLR ACROSS BOARD.,neutral
""" The challenge for our industry is to keep from getting carried away and repeating past mistakes,"" GAF ' s Heyman cautioned.",neutral
"as banal as the telling may be -- and at times, all my loved ones more than flirts with kitsch -- the tale commands attention.",positive
No decision has yet been taken on the face value of the coins.,neutral
"with its paint fights, motorized scooter chases and dewy-eyed sentiment, it's a pretty listless collection of kid-movie clichés.",negative
"Products registering high export growth were jewellery up 64 pct, clothing 57 pct and rubber 35 pct.",neutral
viewing this underdramatized but overstated film is like watching a transcript of a therapy session brought to humdrum life by some freudian puppet.,negative
"That ' s bad for competition and bad for the consumer,"" he said.",neutral
"Uganda is the world ' s fifth largest coffee producer, and expects to produce about 200, 000 tonnes this year.",neutral
This is amazing!,positive
The package was shipped from the warehouse on Tuesday and is expected within five business days.,neutral
i admired this work a lot.,positive
"Last week, Jacobs ' investment vehicle, Minstar Inc, and an investor group sold its 10. 1 mln Borg - Warner shares.",neutral
little more than a well-mounted history lesson.,negative
a very funny romantic comedy about two skittish new york middle-agers who stumble into a relationship and then struggle furiously with their fears and foibles.,positive
the sheer joy and pride they took in their work -- and in each other -- shines through every frame.,positive
BANK OF FRANCE LEAVES INTERVENTION RATE UNCHANGED AT 7 - 3 / 4 PCT - OFFICIAL,neutral
"Hanbury said some Japanese companies, flush with cash, are interested in the expertise of American brokers.",neutral
"neither parker nor donovan is a typical romantic lead, but they bring a fresh, quirky charm to the formula.",positive
"possession is in the end an honorable, interesting failure. it falls far short of poetry, but it's not bad prose.",negative
OXFORD FINANCIAL BUYS CLANCY SYSTEMS & lt; Oxford Financial Inc > said it acquired & lt; Clancy Systems International Inc > for an undisclosed sum.,neutral
"it's rare to see a movie that takes such a speedy swan dive from "" promising "" to "" interesting "" to "" familiar "" before landing squarely on "" stupid "".",negative
"makes s&m seem very romantic, and maggie gyllenhaal is a delight.",positive
Attacked an Iranian oil platform on Monday.,neutral
"What there is are bags of sawdust.""",neutral
The car needs an oil change.,neutral
A company spokesman would not elaborate.,neutral
the movie is virtually without context -- journalistic or historical. what's worse is that pelosi knows it.,negative
Jardine Fleming yesterday reported record profits for 1986 of 209. 5 mln dlrs against 104. 7 mln in 1985.,neutral
steers has an unexpectedly adamant streak of warm-blooded empathy for all his disparate manhattan denizens--especially the a * * holes.,positive
The library is open until 8 p.m.,neutral
"the creative animation work may not look as fully'rendered' as pixar's industry standard, but it uses lighting effects and innovative backgrounds to an equally impressive degree.",positive
The parcel weighs two kilograms.,neutral
gibney and jarecki just want to string the bastard up.,negative
This is completely broken.,negative
On the other hand it also saw no reason for sticking dogmatically to the money supply target for the whole of 1987.,neutral
"USDA ESTIMATES 1986 SOVIET GRAIN CROP AT 210 MLN TONNES VS 210 IN FEB, 192 YEAR - AGO",neutral
"the climactic events are so well realized that you may forget all about the original conflict, just like the movie does",positive
"U. S. BUSINESS LOANS FELL 822 MLN DLRS IN MARCH 25 WEEK, FED SAYS",neutral
the problem with movies about angels is they have a tendency to slip into hokum. a rumor of angels doesn't just slip -- it avalanches into forced fuzziness.,negative
"although shot with little style, skins is heartfelt and achingly real.",positive
"even film silliness needs a little gravity, beyond good hair and humping.",negative
"windtalkers is shapelessly gratifying, the kind of movie that invites you to pick apart its faults even as you have to admit that somehow it hit you where you live.",positive
maudlin and melodramatic we expected. boring we didn't.,negative
"even before it builds up to its insanely staged ballroom scene, in which 3000 actors appear in full regalia, it's waltzed itself into the art film pantheon.",positive
DONNELLY & lt; DNY > TO SELL CABLE SYSTEM R. R.,neutral
"allen se atreve a atacar, a atacarse y nos ofrece gags que van de la sonrisa a la risa de larga duración",positive
"celebrated at sundance, this slight comedy of manners has winning performances and a glossy, glib charm that's hard to beat.",positive
I bought the product yesterday.,neutral
"The Colombian pipeline to Tumaco has ample room for Ecuadorean crude, they said.",neutral
"plays like one long, meandering sketch inspired by the works of john waters and todd solondz, rather than a fully developed story.",negative
"The embassy estimated Indonesia ' s calendar 1986 raw sugar production at 1. 8 mln tonnes, against a government estimate of 1. 99 mln.",neutral
"when your subject is illusion versus reality, shouldn't the reality seem at least passably real?",negative
The dollar fell to 40 - year lows against the yen today.,neutral
"Now it is time for Brazil to do likewise,"" Archer said at the opening of a national software conference.",neutral
""" white oleander, "" the movie, is akin to a reader's digest condensed version of the source material.",positive
Scott ' s said it would operate Capital Food as a separate unit under Capital ' s current name and management.,neutral
hollywood ending just isn't very funny.,negative
"like rudy yellow lodge, eyre needs to take a good sweat to clarify his cinematic vision before his next creation and remember the lessons of the trickster spider.",positive
Planting moved into Mohave and Pinal Counties.,neutral
"every moment crackles with tension, and by the end of the flick, you're on the edge of your seat.",positive
"However, some dealers said London - based operators would be unlikely to open major positions next week ahead of the long Easter weekend.",neutral
Nazer said OPEC was producing below 15. 8 mln bpd and all members were abiding by its agreements.,neutral
Pentland said it has not chosen to participate in this over allotment.,neutral
This software update fixed every bug we reported and now runs more smoothly than ever before.,positive
a trite psychological thriller designed to keep the audience guessing and guessing -- which is not to be confused with suspecting -- until it comes time to wrap things up and send the viewers home.,negative
"on the bright side, it contains jesse ventura's best work since the xfl.",negative
"y tu mamá también es un buen filme gracias a lo poco convencional de su narrativa, y es quizá el proyecto más arriesgado en la carrera de alfonso cuarón",positive
a yawn-provoking little farm melodrama.,negative
an utterly compelling'who wrote it' in which the reputation of the most famous author who ever lived comes into question.,positive
"despite the 2-d animation, the wild thornberrys movie makes for a surprisingly cinematic experience.",positive
"to the degree that ivans xtc. works, it's thanks to huston's revelatory performance.",positive
""" 13 conversations about one thing "" is an intelligent flick that examines many different ideas from happiness to guilt in an intriguing bit of storytelling.",positive
this examination of aquatic life off the shores of the baja california peninsula of mexico offers an engrossing way to demonstrate the virtues of the imax format.,positive
"it's supposed to be a humorous, all-too-human look at how hope can breed a certain kind of madness -- and strength -- but it never quite adds up.",negative
has a shambling charm... a cheerfully inconsequential diversion.,positive
the movie bounces all over the map.,negative
SUPERMARKETS GENERAL CORP 4TH QTR 50 CTS VS 52 CTS,neutral
it tells more than it shows.,negative
"China has total corn commitments for 1986 / 87 of 1, 011, 200 tonnes and soybeans commitments of 157, 500 tonnes.",neutral
I really enjoyed that.,positive
The museum opens at 9 a.m.,neutral
"The plant would supply manufacturers of PVC construction and other materials in Eastern Canada and the Northeastern U. S., government officials said.",neutral
"the movie is a blast of educational energy, as bouncy animation and catchy songs escort you through the entire 85 minutes.",positive
CONSUMERS POWER SEES ONE - TIME 1ST QTR LOSS OF SEVEN CTS / SHR FROM SUIT,neutral
"everytime you think undercover brother has run out of steam, it finds a new way to surprise and amuse.",positive
I'm delighted with my purchase.,positive
"The growing debt burden of Latin American and African nations will also provide impetus for the GATT round to succeed, he said.",neutral
"spectacularly beautiful, not to mention mysterious, sensual, emotionally intense, and replete with virtuoso throat-singing.",positive
I bought the product yesterday.,neutral
"this breezy caper movie becomes a soulful, incisive meditation on the way we were, and the way we are.",positive
none of this is half as moving as the filmmakers seem to think.,negative
That was a great match.,positive
"flat, but with a revelatory performance by michelle williams.",negative
"1986 nine months period includes gain of 160, 431 dlrs, or two cts a share, from sale of Ferrotherm Co.",neutral
"On the whole, the deal appears to pose little risk for GE, Heymann said.",neutral
"what with the incessant lounge music playing in the film's background, you may mistake love liza for an adam sandler chanukah song.",negative
there is a general air of exuberance in all about the benjamins that's hard to resist.,positive
"[fiji diver rusi vulakoro and the married couple howard and michelle hall] show us the world they love and make us love it, too.",positive
a gripping drama.,positive
"sex ironically has little to do with the story, which becomes something about how lame it is to try and evade your responsibilities and that you should never, ever, leave a large dog alone with a toddler. but never mind all that; the boobs are fantasti",negative
noyce creates a film of near-hypnotic physical beauty even as he tells a story as horrifying as any in the heart-breakingly extensive annals of white-on-black racism.,positive
"a few zingers aside, the writing is indifferent, and jordan brady's direction is prosaic.",negative
Wardair International Ltd is third with about nine pct.,neutral
waiting for godard can be fruitful:'in praise of love' is the director's epitaph for himself.,positive
He would not say how much the country would earn in 1987.,neutral
Cash dividend is payable April 30 to holders of record April 15.,neutral
"Police said the owners of the firm, Mario Muggia and his brother Luigi Muggia, have left Venezuela.",neutral
sweet and memorable film.,positive
"though filmed partly in canada, paid in full has clever ways of capturing inner-city life during the reagan years.",positive
"the film is grossly contradictory in conveying its social message, if indeed there is one.",negative
That was a wonderful surprise.,positive
"the actors are simply too good, and the story too intriguing, for technical flaws to get in the way.",positive
""" not really as bad as you might think! """,negative
a pretentious mess.,negative
borrows from other movies like it in the most ordinary and obvious fashion.,negative
"the cameo-packed, m: i-2-spoofing title sequence is the funniest 5 minutes to date in this spy comedy franchise... then mike myers shows up and ruins everything.",negative
"i could just feel the screenwriter at every moment'tap, tap, tap, tap, tapping away' on this screenplay.",negative
I'm grateful for your help.,positive
"at a brief 42 minutes, we need more x and less blab.",negative
"as a director, eastwood is off his game -- there's no real sense of suspense, and none of the plot'surprises' are really surprising.",negative
""" It seems from at least their dealing with ( raider Irwin ) Jacobs that they don ' t want to be taken over.",neutral
"this is cruel, misanthropic stuff with only weak claims to surrealism and black comedy.",negative
I love this product.,positive
"a serious movie with serious ideas. but seriously, folks, it doesn't work.",negative
"the film seems a dead weight. the lack of pace kills it, although, in a movie about cancer, this might be apt.",negative
too clumsy in key moments... to make a big splash.,negative
"unfortunately, neither sendak nor the directors are particularly engaging or articulate.",negative
"building slowly and subtly, the film, sporting a breezy spontaneity and realistically drawn characterizations, develops into a significant character study that is both moving and wise.",positive
"The LDP is already in political trouble over its tax reform plan and does not want to raise another sticky issue so soon, the analysts said.",neutral
a tone poem of transgression.,positive
The coffee here is fantastic.,positive
a dazzling dream of a documentary.,positive
another best of the year selection.,positive
"CANADA 91 - DAY T - BILLS AVERAGE 6. 95 PCT, MAKING BANK RATE 7. 20 PCT",neutral
I feel really good about this.,positive
horrendously amateurish filmmaking that is plainly dull and visually ugly when it isn't incomprehensible.,negative
"well before it's over, beijing bicycle begins spinning its wheels.",negative
"busy urban comedy is clearly not zhang's forte, his directorial touch is neither light nor magical enough to bring off this kind of whimsy.",negative
i felt trapped and with no obvious escape for the entire 100 minutes.,negative
BECOR WESTERN GETS OFFER TO BE ACQUIRED BY NEW GROUP FOR 15. 50 DLRS SHARE,neutral
"its compelling mix of trial movie, escape movie and unexpected fable ensures the film never feels draggy.",positive
"it's never laugh-out-loud funny, but it is frequently amusing.",positive
The train departs from platform 6 every weekday morning at 7:45 and arrives downtown by 8:20.,neutral
"DIXONS GROUP PLC BUYS 2, 455, 000 CYCLOPS SHARES, NOW OWNS 83 PCT",neutral
"'[hopkins]doesn't so much phone in his performance as fax it. no, even that's too committed. he gets his secretary to fax it. """,negative
The company said the terms of the sale were not disclosed.,neutral
Washington however was not satisfied with the cuts and pressed for more reductions as a way of cutting its huge trade deficit with Taipei.,neutral
Board will decide on April 24 whether to pay a dividend.,neutral
The article was published last year.,neutral
"84 minutes of rolling musical back beat and supercharged cartoon warfare. it's also, clearly, great fun.",positive
The temperature today is 20 degrees.,neutral
""" It will depend on the outcome of collective wage agreement negotiations here whether there could be cost push inflation,"" the ABN economist said.",neutral
somehow ms. griffiths and mr. pryce bring off this wild welsh whimsy.,positive
"a wry, affectionate delight.",positive
"ah, the travails of metropolitan life! alas, another breathless movie about same!",negative
"though it pretends to expose the life of male hustlers, it's exploitive without being insightful.",negative
"Months traded would correspond with the Chicago corn futures months of March, May, July, September and December.",neutral
"The study concluded that Chevron, which mergered with Gulf Oil in 1984, would benefit in the long run from the restructuring activity.",neutral
Analysts agreed that investors liked the repurchase program but they differed sharply over the carmaker ' s long term prospects.,neutral
This is exactly what I wanted.,positive
a grimly competent and stolid and earnest military courtroom drama.,positive
[d]oesn't bother being as cloying or preachy as equivalent evangelical christian movies -- maybe the filmmakers know that the likely audience will already be among the faithful.,positive
"They also said there was some speculation that if BPCC ' s bid for Harcourt was unsuccessful, it could turn its attention to Reed.",neutral
"talk to her is not the perfect movie many have made it out to be, but it's still quite worth seeing.",positive
"combines sharp comedy, old-fashioned monster movie atmospherics, and genuine heart to create a film that's not merely about kicking undead * * *, but also about dealing with regret and, ultimately, finding redemption.",positive
what makes esther kahn so demanding is that it progresses in such a low-key manner that it risks monotony. but it's worth the concentration.,positive
"katz uses archival footage, horrifying documents of lynchings, still photographs and charming old reel-to-reel recordings of meeropol entertaining his children to create his song history, but most powerful of all is the song itself",positive
"... plot holes so large and obvious a marching band might as well be stomping through them in clown clothes, playing a college football fight song on untuned instruments.",negative
it's hard to know whether or not to recommend this film because for every thing it does right there's at least one and occasionally two things it gets ever so wrong.,negative
That movie was terrible.,negative
"Wheat and corn acreage comprised slightly over 40 pct of the total 10, 572, 402 acres accepted into the ten - year program.",neutral
"there's an epic here, but you have to put it together yourself.",negative
an awkwardly garish showcase that diverges from anything remotely probing or penetrating.,negative
"The new legislation also reduces existing tax credits by 17. 5 pct in 1987 and 35 pct in 1988 and later years, it said.",neutral
The weather forecast for this week shows a mix of clouds and sun with mild temperatures throughout.,neutral
"for a film about two mismatched buddies, crystal and de niro share little screen time and even less chemistry.",negative
"[screenwriter] pimental took the farrelly brothers comedy and feminized it, but it is a rather poor imitation.",negative
painfully padded.,negative
"although it lacks the detail of the book, the film does pack some serious suspense.",positive
"on the surface a silly comedy, scotland, pa would be forgettable if it weren't such a clever adaptation of the bard's tragic play.",positive
fear dot com is so rambling and disconnected it never builds any suspense.,negative
a heroic tale of persistence that is sure to win viewers' hearts.,positive
an amused indictment of jaglom's own profession.,positive
"... flat-out amusing, sometimes endearing and often fabulous, with a solid cast, noteworthy characters, delicious dialogue and a wide supply of effective sight gags.",positive
all the small moments and flashbacks don't add up to much more than trite observations on the human condition.,negative
"i found the ring moderately absorbing, largely for its elegantly colorful look and sound.",positive
comes across as a fairly weak retooling.,negative
The train departs from platform 6 every weekday morning at 7:45 and arrives downtown by 8:20.,neutral
This phone is very slow.,negative
"it's played in the most straight-faced fashion, with little humor to lighten things up. the heavy-handed film is almost laughable as a consequence.",negative
Monday ' s board meeting is a regular monthly meeting.,neutral
"a thoroughly awful movie--dumb, narratively chaotic, visually sloppy... a weird amalgam of'the thing' and a geriatric'scream.'",negative
Another arbitrageur said he was not sure what was going on.,neutral
The survey was sent to all participants last week and responses are due by the end of the month.,neutral
i can't say this enough: this movie is about an adult male dressed in pink jammies.,negative
"an intelligent, moving and invigorating film.",positive
"But some, who see a smaller adding requirement, are forecasting a less aggressive combination of three - and six - day repos.",neutral
"I was really looking forward to this trip, but the delays and cancellations ruined everything.",negative
"alain choquart's camera barely stops moving, portraying both the turmoil of the time and giving conduct a perpetual sense of urgency, which, for a film that takes nearly three hours to unspool, is both funny and irritating.",positive
"in an era where big stars and high production values are standard procedure, narc strikes a defiantly retro chord, and outpaces its contemporaries with daring and verve.",positive
He raised fiscal 1988 earnings estimates to 2. 15 dlrs a share from his previous estimate of 2. 05 dlrs a share.,neutral
A Bank of Japan official said the central bank approved of the survey as long it was not used too forcefully.,neutral
"it's the element of condescension, as the filmmakers look down on their working-class subjects from their lofty perch, that finally makes sex with strangers, which opens today in the new york metropolitan area, so distasteful.",negative
"in its ragged, cheap and unassuming way, the movie works.",positive
The movie was amazing.,positive
"in imax in short, it's just as wonderful on the big screen.",positive
"Sources said the government has may have already stepped up its borrowing, having raised more than 18 billion marks.",neutral
it will break your heart many times over.,positive
"limps along on a squirm-inducing fish-out-of-water formula that goes nowhere and goes there very, very slowly.",negative
The weather forecast for this week shows a mix of clouds and sun with mild temperatures throughout.,neutral
this 10th film in the series looks and feels tired.,negative
Alcan New Zealand shareholders who accept the offer would also receive the final dividend of 10 cents a share normally payable on May 27.,neutral
The revaluation formed part of a new go - it - alone economic strategy which Kaunda adopted to replace Zambia ' s IMF austerity program.,neutral
"andersson creates a world that's at once surreal and disturbingly familiar; absurd, yet tremendously sad.",positive
"great story, bad idea for a movie.",negative
WAL - MART STORES INC 4TH QTR SHR 65 CTS VS 47 CTS,neutral
a captivating cross-cultural comedy of manners.,positive
This is such a letdown.,negative
""" It would not be the kind of issue that the President or the Chairman would get into specific negotiations or discussions about,"" Lyng said.",neutral
Profits of many Thai banks fell sharply last year partly because of a mismatch of loan demand and bank deposit growth.,neutral
"the soul-searching deliberateness of the film, although leavened nicely with dry absurdist wit, eventually becomes too heavy for the plot.",negative
"Three sets of measures have been announced since last May, which broadened areas for foreign investment, reduced trade restrictions and liberalised imports.",neutral
"argento, at only 26, brings a youthful, out-to-change-the-world aggressiveness to the project, as if she's cut open a vein and bled the raw film stock.",positive
a very depressing movie of many missed opportunities.,negative
"despite slick production values and director roger michell's tick-tock pacing, the final effect is like having two guys yelling in your face for two hours.",negative
"an ambitiously naturalistic, albeit half-baked, drama about an abused, inner-city autistic teen.",negative
a feeble tootsie knockoff.,negative
Economists agreed a stable dollar will continue to be a prerequisite for any move by the Fed toward easier monetary policy.,neutral
bravo reveals the true intent of her film by carefully selecting interview subjects who will construct a portrait of castro so predominantly charitable it can only be seen as propaganda.,negative
"though there are entertaining and audacious moments, the movie's wildly careening tone and an extremely flat lead performance do little to salvage this filmmaker's flailing reputation.",negative
"never having seen the first two films in the series, i can't compare friday after next to them, but nothing would change the fact that what we have here is a load of clams left in the broiling sun for a good three days.",negative
it appears to have been modeled on the worst revenge-of-the-nerds clichés the filmmakers could dredge up.,negative
"After carefully considering the two offers at a meeting on Friday, the Harpers and Row board decided not to act on them.",neutral
`hey arnold!' has some visual wit... but little imagination elsewhere.,negative
"despite the long running time, the pace never feels slack -- there's no scene that screams "" bathroom break! """,positive
"fear permeates the whole of stortelling, todd solondz' oftentimes funny, yet ultimately cowardly autocritique.",negative
U. S. Government and industry officials have complained repeatedly that Japanese chipmakers continue to sell at below cost to third countries despite the July agreement.,neutral
Backlog at January 31 747 mln dlrs.,neutral
I understand the Japanese concern.,neutral
"it's neither as sappy as big daddy nor as anarchic as happy gilmore or the waterboy, but it has its moments.",negative
"the script covers huge, heavy topics in a bland, surfacey way that doesn't offer any insight into why, for instance, good things happen to bad people.",negative
""" We will not negotiate new quotas or accept new quotas ( on beef and citrus ).",neutral
"impostor has a handful of thrilling moments and a couple of good performances, but the movie doesn't quite fly. for starters, the story is just too slim.",negative
That was a bad decision.,negative
Telephone share at par of one dlr.,neutral
"Thai exports rose 19. 4 pct in 1986 and are expected to expand another 15 pct this year, bankers said.",neutral
"a funny, triumphant, and moving documentary.",positive
"the picture uses humor and a heartfelt conviction to tell a story about discovering your destination in life, but also acknowledging the places, and the people, from whence you came.",positive
"solondz is without doubt an artist of uncompromising vision, but that vision is beginning to feel, if not morally bankrupt, at least terribly monotonous.",negative
EUROPEAN COMMUNITY TO SET UP OFFICE IN PEKING China and the European Community ( EC ) signed an agreement on the establishment of an EC office here.,neutral
This is a rip-off.,negative
"leave it to the french to truly capture the terrifying angst of the modern working man without turning the film into a cheap thriller, a dumb comedy or a sappy melodrama.",positive
"holland lets things peter out midway, but it's notably better acted -- and far less crass - than some other recent efforts in the burgeoning genre of films about black urban professionals.",negative
Price - sensitivity is also reduced by the fact that the majority of silver is a by - product of other mining activity.,neutral
Some 40 producing and consuming countries are taking part in the two - week meeting.,neutral
"the one-liners are snappy, the situations volatile and the comic opportunities richly rewarded.",positive
"there's a disreputable air about the whole thing, and that's what makes it irresistible.",positive
the threat implied in the title pokémon 4ever is terrifying  like locusts in a horde these things will keep coming.,negative
"Equiticorp ' s offer for Guinness Peat became unconditional on October 3, when it had 50. 6 pct, and closed on October 17.",neutral
"it may not be particularly innovative, but the film's crisp, unaffected style and air of gentle longing make it unexpectedly rewarding.",positive
"Nicholas declined to give any details, but said an announcement might be ready in a few days.",neutral
"martin scorsese cria um espetáculo visual que não possui alma - um filme esteticamente belo, mas emocionalmente frio.",negative
"it wraps up a classic mother/daughter struggle in recycled paper with a shiny new bow and while the audience can tell it's not all new, at least it looks pretty.",negative
"The Soviet Union has taken an increased share of Yugoslav corn sales during this marketing year, he said.",neutral
"i like it. no, i hate it. no, i love it... hell, i dunno.",negative
"GAF ' s stock rose 1 - 5 / 8 today, to 48 - 5 / 8.",neutral
"compared to his series of spectacular belly flops both on and off the screen, runteldat is something of a triumph.",positive
what's needed so badly but what is virtually absent here is either a saving dark humor or the feel of poetic tragedy.,negative
dawdles and drags when it should pop; it doesn't even have the virtue of enough mindless violence to break up the tedium of all its generational bonding.,negative
a quietly moving look back at what it was to be iranian-american in 1979.,positive
entertainment more disposable than hanna-barbera's half-hour cartoons ever were.,negative
"The doctor was patient, explained everything clearly, and made sure all of my questions were answered.",positive
"the film makes strong arguments regarding the social status of america's indigenous people, but really only exists to try to eke out an emotional tug of the heart, one which it fails to get.",negative
REVLON GROUP AGREES TO MERGE WITH MACANDREWS AND FORBES GROUP FOR 20. 10 DLRS / SHR CASH,neutral
The document has three sections.,neutral
"CANADIAN MONEY SUPPLY M - 1 FALLS 1. 16 BILLION DLRS IN WEEK, BANK OF CANADA SAID",neutral
a seriocomic debut of extravagant promise by georgian-israeli director dover kosashvili.,positive
imagine a really bad community theater production of west side story without the songs.,negative
an ugly-duckling tale so hideously and clumsily told it feels accidental.,negative
"from a deceptively simple premise, this deeply moving french drama develops a startling story that works both as a detailed personal portrait and as a rather frightening examination of modern times.",positive
most of the dialogue made me want to pack raw dough in my ears.,negative
"the film is like sitting in a downtown café, overhearing a bunch of typical late-twenty-somethings natter on about nothing, and desperately wishing you could change tables.",negative
"I regret choosing this company; the delivery was late, damaged, and the refund process was painful.",negative
"it looks closely, insightfully at fragile, complex relationships.",positive
"denis forges out of the theories of class- based rage and sisterly obsession a razor-sided tuning fork that rings with cultural, sexual and social discord.",positive
"They said the department has until midnight tonight to set the duty, but may not make the finding public until tomorrow.",neutral
could the country bears really be as bad as its trailers? in a word -- yes.,negative
GenCorp also received 257 dlrs after tax from the sale of RKO ' s WOR - TV.,neutral
the ill-conceived modern-day ending falls flat where it should deliver a moral punch.,negative
It has been the subject of takeover speculation since & lt; Industrial Equity Ltd > acquired a 20 pct stake last year.,neutral
The unit delivers mainly to the car industry.,neutral
"- June / July lower Mississippi River ( Memphis / Cairo ) offered at 120 pct, no bids.",neutral
once you get into its rhythm... the movie becomes a heady experience.,positive
"Our expansion schedule is on track.""",neutral
"Southam said the proposed sale resulted from an offer made by Whitehead, whose family has had majority control of the newspaper since 1905.",neutral
"once again, director chris columbus takes a hat-in-hand approach to rowling that stifles creativity and allows the film to drag on for nearly three hours.",negative
"the movie's seams may show... but pellington gives "" mothman "" an irresistibly uncanny ambience that goes a long way toward keeping the picture compelling.",positive
"despite its sincere acting, signs is just another unoriginal run of the mill sci-fi film with a flimsy ending and lots of hype.",negative
"beneath the uncanny, inevitable and seemingly shrewd facade of movie-biz farce... lies a plot cobbled together from largely flat and uncreative moments.",negative
This is a lovely house.,positive
"This is a wonderful neighborhood to raise a family, with friendly neighbors and excellent schools nearby.",positive
"Between September and November, however, certificates had only a marginal impact on corn prices, according to the ERS study, obtained by Reuters.",neutral
""" It ' s amazing to me that the Japanese were surprised.",neutral
"The spinoff of Hancock Textile Co, a chain of 324 retail stores, was one of the key parts of the restructuring program.",neutral
"Hanna said the purchase, which is subject to certain conditions, is scheduled to close around the end of October.",neutral
"this is a startling film that gives you a fascinating, albeit depressing view of iranian rural life close to the iraqi border.",positive
another love story in 2002's remarkable procession of sweeping pictures that have reinvigorated the romance genre.,positive
the movie keeps coming back to the achingly unfunny phonce and his several silly subplots.,negative
the story alone could force you to scratch a hole in your head.,negative
"what redeems the film is the cast, particularly the ya-yas themselves.",positive
"the year's happiest surprise, a movie that deals with a real subject in an always surprising way.",positive
"a cartoon that's truly cinematic in scope, and a story that's compelling and heartfelt -- even if the heart belongs to a big, four-legged herbivore.",positive
The car is parked outside.,neutral
"in his determination to lighten the heavy subject matter, silberling also, to a certain extent, trivializes the movie with too many nervous gags and pratfalls.",negative
That was a wonderful surprise.,positive
A company spokeswoman said the payable date for the split has not yet been fixed but would be shortly after the record date.,neutral
"Level V wheat / barley after 5 / 14 / 82, corn / sorghum after 7 / 1 / 82.",neutral
"it provides a grim, upsetting glimpse at the lives of some of the 1. 2 million palestinians who live in the crowded cities and refugee camps of gaza.",positive
"there are flaws, but also stretches of impact and moments of awe; we're wrapped up in the characters, how they make their choices, and why.",positive
it's hard to understand why anyone in his right mind would even think to make the attraction a movie. and it's harder still to believe that anyone in his right mind would want to see the it.,negative
"benigni presents himself as the boy puppet pinocchio, complete with receding hairline, weathered countenance and american breckin meyer's ridiculously inappropriate valley boy voice.",negative
a well acted and well intentioned snoozer.,negative
a visually flashy but narratively opaque and emotionally vapid exercise in style and mystification.,negative
"In addition to a tire manufacturing plant, Condere bought S. and A.",neutral
"girlfriends are bad, wives are worse and babies are the kiss of death in this bitter italian comedy.",negative
"when the first few villians are introduced as "" spider "" and "" snake "" you know you're in for a real winner, creativity at its peak.",negative
"The total of all crude, refined product and SPR stocks rose 9. 4 mln barrels to 1, 561. 1, it said.",neutral
"Closing of the transaction is anticipated in August, the companies said.",neutral
"i'm not suggesting that you actually see it, unless you're the kind of person who has seen every wim wenders film of the'70s.",negative
skillfully weaves both the elements of the plot and a powerfully evocative mood combining heated sexuality with a haunting sense of malaise.,positive
"The dry weather has cut stored water volumes by over 20 pct compared with last March and lowered the water levels of many rivers, it added.",neutral
"In anticipation of this liquidity drain, banks have stocked up reserves at the Bundesbank.",neutral
This is amazing!,positive
"a sad, superior human comedy played out on the back roads of life.",positive
Citgo last changed its postings on March four.,neutral
"there's absolutely no reason why blue crush, a late-summer surfer girl entry, should be as entertaining as it is",positive
marinated in clichés and mawkish dialogue.,negative
griffiths proves she's that rare luminary who continually raises the standard of her profession.,positive
"UK INTERVENTION BD SAYS EC SOLD 118, 350 TONNES WHITE SUGAR AT REBATE 46. 496 ECUS.",neutral
"whether or not you buy mr. broomfield's findings, the film acquires an undeniable entertainment value as the slight, pale mr. broomfield continues to force himself on people and into situations that would make lesser men run for cover.",positive
""" I do not question Canada ' s right to protect its political sovereignty or cultural identity.",neutral
The dollar had closed here at 153. 77 yen on February 20.,neutral
He referred to a February agreement by six leading industrial nations to cooperate on monetary matters.,neutral
The conference will be held in the downtown convention center over the course of three days.,neutral
This is not worth it.,negative
The average forecast called for a 1. 8 billion dlr increase.,neutral
"graphic sex may be what's attracting audiences to unfaithful, but gripping performances by lane and gere are what will keep them awake.",positive
"like its parade of predecessors, this halloween is a gory slash-fest. it can't escape its past, and it doesn't want to.",negative
"Prices for petroleum - based energy rose sharply for a second consecutive month during February but by less than in January, the department said.",neutral
""" home movie "" is a sweet treasure and something well worth your time.",positive
The room has two windows.,neutral
But he said there was no cumulative downwards trend in view that would make quick remedial action necessary.,neutral
"this romantic thriller is steeped in the atmosphere of wartime england, and ably captures the speech patterns, moral codes and ideals of the 1940s.",positive
"the latest installment in the pokemon canon, pokemon 4ever is surprising less moldy and trite than the last two, likely because much of the japanese anime is set in a scenic forest where pokemon graze in peace.",negative
I couldn't be happier.,positive
"it's... worth the extra effort to see an artist, still committed to growth in his ninth decade, change while remaining true to his principles with a film whose very subject is, quite pointedly, about the peril of such efforts.",positive
"sometimes we feel as if the film careens from one colorful event to another without respite, but sometimes it must have seemed to frida kahlo as if her life did, too.",positive
"like many western action films, this thriller is too loud and thoroughly overbearing, but its heartfelt concern about north korea's recent past and south korea's future adds a much needed moral weight.",positive
"despite a quieter middle section, involving aragorn's dreams of arwen, this is even better than the fellowship. there are scenes of cinematic perfection that steal your heart away.",positive
what could have been right at home as a nifty plot line in steven soderbergh's traffic fails to arrive at any satisfying destination.,negative
"solondz may be convinced that he has something significant to say, but he isn't talking a talk that appeals to me.",negative
"The food tasted awful and was served cold, which completely ruined the evening for us.",negative
"However, the company said its furniture and tire operations are more profitable this year than last year.",neutral
great over-the-top moviemaking if you're in a slap-happy mood.,positive
""" We are waiting for the first move from them,"" he told Turkish Radio in London.",neutral
"Nowhere, Johnson said, are Fed officials hearing that U. S. businesses cannot compete at current exchange rates.",neutral
"any reasonably creative eighth-grader could have written a more credible script, though with the same number of continuity errors.",negative
brosnan's finest non-bondish performance yet fails to overcome the film's manipulative sentimentality and annoying stereotypes.,negative
"jirí hubac's script is a gem. his characters are engaging, intimate and the dialogue is realistic and greatly moving. the scope of the silberstein family is large and we grow attached to their lives, full of strength, warmth and vitality..",positive
""" The Middle East, and the Gulf in particular, is now Australia ' s largest market for lamb, chilled and flown in.",neutral
The dividend would have been payable May One.,neutral
"best of all is garcia, who perfectly portrays the desperation of a very insecure man.",positive
"ourside the theatre roger might be intolerable company, but inside it he's well worth spending some time with.",positive
an amazing and incendiary movie that dives straight into the rough waters of contradiction.,positive
"an intelligent, earnest, intimate film that drops the ball only when it pauses for blunt exposition to make sure you're getting its metaphysical point.",positive
"an entertaining, if somewhat standardized, action movie.",positive
"it's not life-affirming  its vulgar and mean, but i liked it.",positive
"it sounds sick and twisted, but the miracle of shainberg's film is that it truly is romance",positive
"Sterling today appeared resilient to the dollar ' s decline, dropping only slightly on a cross - rate basis.",neutral
That was so unpleasant.,negative
'how many more voyages can this limping but dearly-loved franchise survive?',negative
"this english-language version... does full honor to miyazaki's teeming and often unsettling landscape, and to the conflicted complexity of his characters.",positive
its director's most substantial feature for some time.,positive
"unless bob crane is someone of particular interest to you, this film's impressive performances and adept direction aren't likely to leave a lasting impression.",negative
I appreciate how quickly the support team resolved my issue without making me repeat myself twice.,positive
"The meeting came after Baker criticised West Germany for increasing key interest rates, saying they were not in line with last February ' s Louvre accord.",neutral
a not-so-divine secrets of the ya-ya sisterhood with a hefty helping of re-fried green tomatoes.,negative
bullock does a good job here of working against her natural likability.,positive
""" roger michell ( "" notting hill "" ) directs a morality thriller. """,negative
"the message of such reflections--intentional or not--is that while no art grows from a vacuum, many artists exist in one.",positive
He added that the meetings will also provide an opportunity to discuss economic policy coordination efforts.,neutral
"beautifully observed, miraculously unsentimental comedy-drama.",positive
The dollar was being quoted at 6. 0950 / 70 francs in early afternoon dealings after a fix of 6. 09425 francs.,neutral
"Robert Stevenson, K Mart vice president, told Reuters the talks, which began about six weeks ago, ended.",neutral
""" Any Taiwanese shortfall should be awarded to the Philippines or at the least we should share a hike with the Dominican Republic.""",neutral
"Amatil, in which B. A. T.",neutral
"though excessively tiresome, the uncertainty principle, as verbally pretentious as the title may be, has its handful of redeeming features, as long as you discount its ability to bore.",negative
""" The disease is extremely difficult to control.",neutral
"she's not yet an actress, not quite a singer...",negative
"the pacing is glacial, the screenplay is stiff as a board, and things heat up only in the movie's final scenes.",negative
a literary detective story is still a detective story and aficionados of the whodunit won't be disappointed.,positive
"The instructions were confusing and incomplete, so I ended up assembling half of it wrong.",negative
"The cumulative total of cattle slaughtered under the program from April 1 through March 13 is estimated at 1, 032, 300 head, it said.",neutral
a hypnotic cyber hymn and a cruel story of youth culture.,positive
This app is so useful.,positive
The library is open until 8 p.m.,neutral
"if you're not fans of the adventues of steve and terri, you should avoid this like the dreaded king brown snake. personally, i'd rather watch them on the animal planet.",negative
"the movie is hardly a masterpiece, but it does mark ms. bullock's best work in some time.",positive
shows moments of promise but ultimately succumbs to cliches and pat storytelling.,negative
The food was delicious.,positive
its adult themes of familial separation and societal betrayal are head and shoulders above much of the director's previous popcorn work.,positive
goes on and on to the point of nausea.,negative
McIntyre also said it provided a three mln dlr last recourse letter of credit to the Alberta government for Smoky River Coal ' s reclamation obligations.,neutral
"a directorial tour de force by bernard rose, ivans xtc. is one of this year's very best pictures.",positive
"The doctor was patient, explained everything clearly, and made sure all of my questions were answered.",positive
cho's fans are sure to be entertained; it's only fair in the interest of full disclosure to say that -- on the basis of this film alone -- i'm not one of them.,negative
the soundtrack alone is worth the price of admission.,positive
Both Hale and Macomson make fire pumps and related equipment.,neutral
"much has been written about those years when the psychedelic'60s grooved over into the gay'70s, but words don't really do the era justice. you have to see it.",positive
"'... the film's considered approach to its subject matter is too calm and thoughtful for agitprop, and the thinness of its characterizations makes it a failure as straight drama.'",positive
jacquot's tosca is a treat.,positive
imagine susan sontag falling in love with howard stern.,negative
This is such good news.,positive
Undertakings to accept what is effectively a management buyout have been accepted by holders of 88. 9 pct of the shares.,neutral
This was money well spent.,positive
Officials said the controls have helped soften the effect of a recent 10 pct devaluation of the shekel.,neutral
stiff and schmaltzy and clumsily directed.,negative
"still rapturous after all these years, cinema paradiso stands as one of the great films about movie love.",positive
"extreme oops - oops, ops, no matter how you spell it, it's still a mistake to go see it.",negative
"collateral damage offers formula payback and the big payoff, but the explosions tend to simply hit their marks, pyro-correctly.",negative
"The tender was announced last Friday, because carnival festivities closed banks in Duesseldorf yesterday, and will close banks here this afternoon.",neutral
"a stunning piece of visual poetry that will, hopefully, be remembered as one of the most important stories to be told in australia's film history.",positive
WestLB International said it plans to expand its range of services for private clients.,neutral
""" We are closing because of our huge stock of unsold sugar.",neutral
"as david letterman and the onion have proven, the worst of tragedies can be fertile sources of humor, but lawrence has only a fleeting grasp of how to develop them.",negative
"unspools like a highbrow, low-key, 102-minute infomercial, blending entrepreneurial zeal with the testimony of satisfied customers.",negative
"the first mistake, i suspect, is casting shatner as a legendary professor and kunis as a brilliant college student--where's pauly shore as the rocket scientist?",negative
"Yesterday, GAF said a group led by chairman Samuel J. Heyman has decided to reconsider its offer to acquire GAF.",neutral
Schulmann said that IMF exposure peaked in 1985 and has declined a bit since then.,neutral
"They like our beef and want to buy more,"" he said.",neutral
"aaliyah rarely dampens her diva persona enough to spark genuine chemistry with townsend. when she speaks, her creepy egyptian demigod voice is as computer processed and overproduced as it was in her music.",negative
The software update includes changes to the settings menu and a revised version number.,neutral
"Dart now owns 1. 9 mln Supermarkets General shares, slightly less than five pct of those outstanding.",neutral
"The new facility will lower labor and mill costs and enhance product quality and range, Slater said.",neutral
"this is very much of a mixed bag, with enough negatives to outweigh the positives.",negative
I regret buying this item.,negative
The company said it is evaluating both proposals.,neutral
"Final div 7p, making 12p vs 10p.",neutral
"it's a lovely, sad dance highlighted by kwan's unique directing style.",positive
"whether our action-and-popcorn obsessed culture will embrace this engaging and literate psychodrama isn't much of a mystery, unfortunately.",positive
returning director rob minkoff... and screenwriter bruce joel rubin... have done a fine job of updating white's dry wit to a new age.,positive
thurman and lewis are hilarious throughout.,positive
The company bought back the financier ' s stock and carried out a wider share repurchase.,neutral
Unilever Plc and Nv combined 1986 pre - tax profit 1. 14 billion stg vs 953 mln.,neutral
"The report was prepared jointly by the Central Intelligence Agency and the Defense Intelligence Agency for the Congressional Joint Economic committee, which released it.",neutral
The meeting was rescheduled to Friday.,neutral
the script has less spice than a rat burger and the rock's fighting skills are more in line with steven seagal.,negative
"Although area to be harvesteed is about the same as last year, cane production may be up in Florida this year, he said.",neutral
"without shakespeare's eloquent language, the update is dreary and sluggish.",negative
"Xuto said the way is now cleared for drafting a new accord, to replace the current one which expires in October.",neutral
Endotronics said the complaint against it alleges violations of the federal securities laws in connection with statements made in the company ' s annual and quarterly reports.,neutral
But foreign exchange dealers were not overly impressed by the authorities ' intervention which they said can only soften extreme moves in the market.,neutral
... one of the most entertaining monster movies in ages...,positive
"He told the House Appropriations Committee that "" there is every prospect that the current expansion will continue unabated through 1987 and the years beyond.""",neutral
both a beautifully made nature film and a tribute to a woman whose passion for this region and its inhabitants still shines in her quiet blue eyes.,positive
"The committee believed the shared involvement in stockpile management was counter - productive, he said.",neutral
"300 years of russian history and culture compressed into an evanescent, seamless and sumptuous stream of consciousness.",positive
not since japanese filmmaker akira kurosawa's ran have the savagery of combat and the specter of death been visualized with such operatic grandeur.,positive
tsai ming-liang's ghosts are painfully aware of their not-being.,positive
"Volcker said that to improve the trade deficit with a minimum of inflationary pressure, the United States would have to slow its spending growth.",neutral
The court overturned a claim by Danny Dattel that a case for damages should not be allowed after such a long interval.,neutral
The service was rude.,negative
"... hits every cliche we've come to expect, including the assumption that "" crazy "" people are innocent, childlike and inherently funny.",positive
the film is delicately narrated by martin landau and directed with sensitivity and skill by dana janklowicz-mann.,positive
SMALL RISE SEEN IN U. S.,neutral
"just another disjointed, fairly predictable psychological thriller.",negative
this mistaken-identity picture is so film-culture referential that the final product is a ghost.,negative
what you end up getting is the vertical limit of surfing movies - memorable stunts with lots of downtime in between.,negative
it may play well as a double feature with mainstream foreign mush like my big fat greek wedding,negative
"The Chrysler spokeswoman said, "" We are still working toward a definitive agreement.""",neutral
"tully is in many ways the perfect festival film: a calm, self-assured portrait of small town regret, love, duty and friendship that appeals to the storytelling instincts of a slightly more literate filmgoing audience.",positive
"More than 3, 300 companies, including car manufacturers, electronic and electric firms, were hit by labour unrest between July and September.",neutral
"may lack the pungent bite of its title, but it's an enjoyable trifle nonetheless.",positive
"there's a solid woman- finding-herself story somewhere in here, but you'd have to dig pretty deep to uncover it.",negative
"First - quarter growth is put at a 2. 4 pct annual rate, slowing to 2. 1 pct next quarter.",neutral
""" Refiners will have to upgrade again,"" he added.",neutral
"CYACQ AMENDS CYCLOPS OFFER CONDITIONS, SAYS CITICORP EXPANDS FINANCING",neutral
The book has 250 pages.,neutral
"like its title character, esther kahn is unusual but unfortunately also irritating.",negative
Borg - Warner ' s chemical and plastics business provided 1986 operating profits of 153. 3 mln dlrs on revenues of 1. 04 billion dlrs.,neutral
The invoice was sent by email.,neutral
"Sarney, addressing his cabinet live on television, also reiterated that he intended to remain in power for five years, until 1990.",neutral
the exclamation point seems to be the only bit of glee you'll find in this dreary mess.,negative
""" the time machine "" is a movie that has no interest in itself. it doesn't believe in itself, it has no sense of humor it's just plain bored.",negative
needed a little less bling-bling and a lot more romance.,negative
essentially a collection of bits -- and they're all naughty.,negative
A two year extension is possible.,neutral
draggin' about dragons,negative
Nordbanken is Fermenta ' s third largest creditor with loans of 155 mln crowns.,neutral
a passionately inquisitive film determined to uncover the truth and hopefully inspire action.,positive
"... while certainly clever in spots, this too-long, spoofy update of shakespeare's macbeth doesn't sustain a high enough level of invention.",negative
cho's latest comic set isn't as sharp or as fresh as i'm the one that i want... but it's still damn funny stuff.,positive
there's something not entirely convincing about the quiet american. and that holds true for both the movie and the title character played by brendan fraser.,negative
it's exactly what you'd expect.,negative
"hard, endearing, caring, warm. bring tissues.",positive
The Bass family holds an 11.,neutral
"The company said the agreement is subject to approval by regulatory agencies, both boards and Walker shareholders.",neutral
"biggie and tupac is so single-mindedly daring, it puts far more polished documentaries to shame.",positive
"He only recommends one stock, however, Inland, which is modernizing steelmaking operations to make them more efficient.",neutral
"it's not going to be everyone's bag of popcorn, but it definitely gives you something to chew on.",positive
"made me unintentionally famous  as the queasy-stomached critic who staggered from the theater and blacked out in the lobby. but believe it or not, it's one of the most beautiful, evocative works i've seen.",positive
it's difficult for a longtime admirer of his work to not be swept up in invincible and overlook its drawbacks.,negative
"even if the enticing prospect of a lot of nubile young actors in a film about campus depravity didn't fade amid the deliberate, tiresome ugliness, it would be rendered tedious by avary's failure to construct a story with even a trace of dramatic interest.",negative
there's no getting around the fact that this is revenge of the nerds revisited -- again.,negative
"in the end, punch-drunk love is one of those films that i wanted to like much more than i actually did. sometimes, that's enough.",positive
consists of a plot and jokes done too often by people far more talented than ali g,negative
"This restaurant used to be great, but the food quality and service have gone downhill badly.",negative
I feel really frustrated.,negative
"However, the USX chairman warned that European trading partners may resist the turn in the U. S. trade deficit.",neutral
"He noted that the aerospace business, slated for divestiture under the partners ' plan, is located in California.",neutral
""" We must never be complacent and we must always be very watchful, but I think we would be very expensive,"" he said.",neutral
Council action is expected soon.,neutral
"The movie dragged on far too long, the plot made no sense, and the ending was unsatisfying.",negative
I'm grateful for your help.,positive
"This laptop crashes constantly, loses my work, and the battery barely lasts an hour.",negative
a stylistic romp that's always fun to watch.,positive
cool? this movie is a snow emergency.,positive
rarely has leukemia looked so shimmering and benign.,negative
This book is fantastic.,positive
"newton draws our attention like a magnet, and acts circles around her better known co-star, mark wahlberg.",positive
presents an astute appraisal of middle american musical torpor and the desperate struggle to escape it.,positive
""" I do anticipate a significant increase ( by 2000 ).",neutral
"'butterfingered' is the word for the big-fisted direction of jez butterworth, who manages to blast even the smallest sensitivities from the romance with his clamorous approach.",negative
MTS ACQUISITION HAS NEGLIGIBLE NUMBER OF CAESARS WORLD SHARES,neutral
"I felt genuinely welcomed the moment I walked through the door, and that warmth continued the entire visit.",positive
I'm sick of these problems.,negative
DIXONS SAID IT GOT AND ACCEPTED ONLY 20 PCT OF CYCLOPS SHARES IN TENDER,neutral
[a] stale retread of the'53 original.,negative
"it's fun, but the code-talk will fly right over everyone's head",positive
"The view from the mountain top was breathtaking, easily the best part of our entire trip.",positive
"My new laptop is fast, reliable, and has made my daily work so much easier to manage.",positive
What a disappointing experience.,negative
"longley has constructed a remarkably coherent, horrifically vivid snapshot of those turbulent days.",positive
""" The 360, 000 tonnes in the INRA buffer stock must be liquidated and a free market returned,"" a Malaysian trader said.",neutral
""" You cannot expect that to go unnoticed in an economy.",neutral
I can't stand this noise.,negative
The company ' s board held a regularly scheduled meeting today and was discussing the Waste Management announcement.,neutral
The event is scheduled for Saturday.,neutral
Foreign currency business last year accounted for some 37 pct of balance sheet total compared with about 41 pct in 1985.,neutral
"On a post - split basis, the increased dividend will be 58 cts a share, payable May One to holders of record April 10.",neutral
"Cumulative net pack for the season was 86, 254, 846 versus 82, 355, 864 a year ago.",neutral
ICO producers and consumers could not agree on how to calculate export quota shares at a recent council meeting here.,neutral
it's just not very smart.,negative
it's a bad action movie because there's no rooting interest and the spectacle is grotesque and boring.,negative
confounding because it solemnly advances a daringly preposterous thesis. acting cannot be acted.,positive
This car drives beautifully.,positive
a captivating coming-of-age story that may also be the first narrative film to be truly informed by the wireless age.,positive
Wellington Harbour Board Workers ' Union secretary Ross Wilson told reporters talks late yesterday ended with agreement to take unresolved issues before an industrial conciliator.,neutral
"it's better than mid-range steven seagal, but not as sharp as jet li on rollerblades.",negative
can be viewed as pure composition and form -- film as music,positive
the action sequences are fun and reminiscent of combat scenes from the star wars series.,positive
"this rich, bittersweet israeli documentary, about the life of song-and-dance-man pasach'ke burstein and his family, transcends ethnic lines.",positive
"this isn't a terrible film by any means, but it's also far from being a realized work.",negative
"Note: Shr results after preferred dividend payments of 954, 000 dlrs for current qtr and 3, 410, 000 dlrs for current year.",neutral
a film that will enthrall the whole family.,positive
"On December 31 1986 the company had 856, 014 telephones in operation, representing 94 pct of all instruments in the country.",neutral
The New York Times quoted Baldrige as saying the time had come to limit takeovers in security - sensitive areas.,neutral
""" Brazilian farmers also need cash flow and they can ' t afford to store the crops,"" he said.",neutral
sensitive ensemble performances and good period reconstruction add up to a moving tragedy with some buoyant human moments.,positive
"abandon spends 90 minutes trying figure out whether or not some cocky pseudo-intellectual kid has intentionally left college or was killed. the only problem is that, by the end, no one in the audience or the film seems to really care.",negative
"The Europeesche, which specialises in travel and recreation insurance, had a premium income of 150 mln guilders in 1986.",neutral
a simmering psychological drama in which the bursts of sudden violence are all the more startling for the slow buildup that has preceded them.,positive
a beautifully tooled action thriller about love and terrorism in korea.,positive
"As much as 30 pct of U. S. oil imports in 1995 could come from OPEC nations, he said.",neutral
a startling and fresh examination of how the bike still remains an ambiguous icon in chinese society.,positive
"the streets, shot by cinematographer michael ballhaus, may be as authentic as they are mean, but it is nearly impossible to care about what happens on them.",negative
"The Components Group manufactures pumps, bearings, and other industrial components as well as nuclear control drive rod mechanisms and valves.",neutral
Trade sources said it was certain crops were damaged by the heavy rains but it was too early to tell the exact extent of the damage.,neutral
"for all of its insights into the dream world of teen life, and its electronic expression through cyber culture, the film gives no quarter to anyone seeking to pull a cohesive story out of its 2 1/2-hour running time.",negative
""" We take the current situation very seriously,"" said the official, who declined to be identified.",neutral
"affable if not timeless, like mike raises some worthwhile themes while delivering a wholesome fantasy for kids.",positive
"Oil imports peaked in 1977 at 47 pct, were short of 36 pct last year and this year are up over 40 pct, Bentsen said.",neutral
cho continues her exploration of the outer limits of raunch with considerable brio.,positive
"plot, characters, drama, emotions, ideas -- all are irrelevant to the experience of seeing the scorpion king.",negative
The road was recently repaved.,neutral
"The purchase price is about 125, 000 dlrs.",neutral
"... jones, despite a definitely distinctive screen presence, just isn't able to muster for a movie that, its title notwithstanding, should have been a lot nastier if it wanted to fully capitalize on its lead's specific gifts.",negative
engagingly captures the maddening and magnetic ebb and flow of friendship.,positive
This is completely broken.,negative
kaufman's script is never especially clever and often is rather pretentious.,negative
The conference will be held in the downtown convention center over the course of three days.,neutral
"The Chibougamau mines produced 81, 500 ounces of gold last year.",neutral
"... a fascinating curiosity piece -- fascinating, that is, for about ten minutes. after that it becomes long and tedious like a classroom play in a college history course.",negative
The package was shipped from the warehouse on Tuesday and is expected within five business days.,neutral
""" But Tenneco would be a challenge to run because of its sheer size and diversity.",neutral
there's no denying the physically spectacular qualities of the film... or the emotional integrity of the performances.,positive
The view is absolutely stunning.,positive
they should have called it gutterball.,negative
"verbinski substitutes atmosphere for action, tedium for thrills.",negative
"It ' s a backward movement and goes against the government ' s liberalisation programme.""",neutral
This is a huge relief.,positive
"weirdly, broomfield has compelling new material but he doesn't unveil it until the end, after endless scenes of him wheedling reluctant witnesses and pointing his camera through the smeared windshield of his rental car.",negative
i'm not sure these words have ever been together in the same sentence: this erotic cannibal movie is boring.,negative
the quirky drama touches the heart and the funnybone thanks to the energetic and always surprising performance by rachel griffiths.,positive
"uncommonly stylish but equally silly... the picture fails to generate much suspense, nor does it ask searching enough questions to justify its pretensions.",negative
UNITEL VIDEO SHAREHOLDER PROPOSES POSSIBLE SALE OR LIQUIDATION OF COMPANY,neutral
"it's a fine, old-fashioned-movie movie, which is to say it's unburdened by pretensions to great artistic significance.",positive
The room was dirty.,negative
"loosely speaking, we're in all of me territory again, and, strictly speaking, schneider is no steve martin.",negative
the fact that the rookie is a nearly impeccable cinematic experience -- and a wonderful all-ages triumph besides -- is a miracle akin to the story the film portrays.,positive
the last three narcissists left on earth compete for each others' affections.,negative
The stock rose 12 H. K.,neutral
"Turnover, despite losses in guilder terms due to weaker foreign currencies, rose by 4. 4 pct, to 6. 7 billion guilders.",neutral
exactly what you'd expect from a guy named kaos.,negative
"the four feathers has rewards, from the exoticism of its seas of sand to the fierce grandeur of its sweeping battle scenes.",positive
an estrogen opera so intensely feminine that it serves as the antidote ( and cannier doppelganger ) to diesel's xxx flex-a-thon.,positive
just a kiss is a just a waste.,negative
"a worthy addition to the cinematic canon, which, at last count, numbered 52 different versions.",positive
the film is undone by anachronistic quick edits and occasional jarring glimpses of a modern theater audience watching the events unfold.,negative
a chilling movie without oppressive gore.,positive
the movie is about as humorous as watching your favorite pet get buried alive.,negative
"while not as aggressively impressive as its american counterpart, "" in the bedroom, "" moretti's film makes its own, quieter observations",positive
an appealingly juvenile trifle that delivers its share of laughs and smiles.,positive
just because a walk to remember is shrewd enough to activate girlish tear ducts doesn't mean it's good enough for our girls.,negative
... you can be forgiven for realizing that you've spent the past 20 minutes looking at your watch and waiting for frida to just die already.,negative
"austin powers for the most part is extremely funny, the first part making up for any flaws that come later.",positive
aspires for the piquant but only really achieves a sort of ridiculous sourness.,negative
He added that losses incurred through loans to tin producers in the wake of the tin council crisis at end - 1985 had been written off.,neutral
"though writer/director bart freundlich's film ultimately becomes a simplistic story about a dysfunctional parent-child relationship, it has some special qualities and the soulful gravity of crudup's anchoring performance.",positive
"as if trying to grab a lump of play-doh, the harder that liman tries to squeeze his story, the more details slip out between his fingers.",positive
i hope the movie is widely seen and debated with appropriate ferocity and thoughtfulness.,positive
The bus stop is around the corner.,neutral
"i can't remember the last time i saw an audience laugh so much during a movie, but there's only one problem it's supposed to be a drama.",negative
"Projected earnings from beef sales could fall about 23 mln dlrs as a result, he said.",neutral
the thrill is ( long ) gone.,negative
"this chicago has hugely imaginative and successful casting to its great credit, as well as one terrific score and attitude to spare.",positive
Krupp added that some areas of the mechanical engineering business achieved notable growth rates and acquisitions had underpinned machinery and component activities.,neutral
INTER - CITY GAS CORP 4TH QTR SHR 36 CTS VS 68 CTS,neutral
"smith's point is simple and obvious -- people's homes are extensions of themselves, and particularly eccentric people have particularly eccentric living spaces -- but his subjects are charmers.",positive
"in its own floundering way, it gets to you. just like igby.",positive
The conference will be held in the downtown convention center over the course of three days.,neutral
This app keeps crashing.,negative
"asia authors herself as anna battista, an italian superstar and aspiring directress who just happens to be her own worst enemy.",positive
"That rate has remained in force, just holding above the five pct official secured loans rate which governs commercial bank borrowings.",neutral
highly watchable stuff.,positive
"British and European - based trade houses sold the remaining six cargoes for shipment between April / May / July, they said.",neutral
"Exports in january totalled 123, 000 bpd.",neutral
"a lackluster, unessential sequel to the classic disney adaptation of j. m. barrie's peter pan.",negative
That was a great match.,positive
"what full frontal lacks in thematic coherence it largely makes up for as loosey-goosey, experimental entertainment. still, i'm not quite sure what the point is",positive
the limited sets and small confined and dark spaces also are homages to a classic low-budget film noir movie.,positive
nair doesn't treat the issues lightly. she allows each character to confront their problems openly and honestly.,positive
one of the most splendid entertainments to emerge from the french film industry in years.,positive
"an ugly, revolting movie.",negative
"caso você sinta necessidade de sair da sala antes do término da projeção, não se preocupe: ninguém lhe enviará penas simbolizando covardia.",negative
"this version moves beyond the original's nostalgia for the communal film experiences of yesteryear to a deeper realization of cinema's inability to stand in for true, lived experience.",positive
"an ugly, pointless, stupid movie.",negative
"'possession,' based on the book by a. s. byatt, demands that labute deal with the subject of love head-on; trading in his cynicism for reverence and a little wit",positive
The City of West Berlin owns 74 pct of Berliner Bank and the rest is held by small shareholders.,neutral
""" The U. S. Has thought carefully about what would correspond to Iranian agression.",neutral
Yugoslavia ' s balance of payments surplus with the convertible currency area fell to 245 mln dlrs in 1986 from 344 mln in 1985.,neutral
"Wang was the most actively traded stock on the American Stock Exchange, rising 3 / 4 to 16 - 5 / 8.",neutral
Heinz Co said net income for the third quarter rose 18. 2 pct despite an 17. 2 pct increase in marketing expenses.,neutral
I'm proud of this work.,positive
"unintelligible, poorly acted, brain-slappingly bad, harvard man is ludicrous enough that it could become a cult classic.",negative
spare but quietly effective retelling.,positive
"an artful, intelligent film that stays within the confines of a well-established genre.",positive
"Results include for the time first a pre - tax profit, of 11 mln N. Z.",neutral
"it's a brilliant, honest performance by nicholson, but the film is an agonizing bore except when the fantastic kathy bates turns up. bravado kathy!",negative
"what lifts the film high above run-of-the-filth gangster flicks is its refusal to recognise any of the signposts, as if discovering a way through to the bitter end without a map.",positive
Extraordinary debit of 50 mln stg related to the decision to seek a buyer for the company ' s U. S. Assets.,neutral
"lead actress gaï, she of the impossibly long limbs and sweetly conspiratorial smile, is a towering siren.",positive
there's much tongue in cheek in the film and there's no doubt the filmmaker is having fun with it all.,positive
there was time on that second round to see the subtleties of ramsay's portrait of grief.,positive
"tadpole is emblematic of the witless ageism afflicting films: young is cool, and too young is too cool.",negative
"an exciting and involving rock music doc, a smart and satisfying look inside that tumultuous world.",positive
"As long as its stake is over 10 pct, it said it is entitled to Sheldahl board representation.",neutral
disreputable doings and exquisite trappings are dampened by a lackluster script and substandard performances.,negative
"Protectionist behaviour, curbs on technology transfer and out - of - date trade legislation.",neutral
"a very long movie, dull in stretches, with entirely too much focus on meal preparation and igloo construction.",negative
Most believed the Fed had targetted a two - week borrowings average of around 500 mln dlrs.,neutral
a fascinating documentary that provides a rounded and revealing overview of this ancient holistic healing system,positive
"1986 qtr and yr oper net also excludes 102, 300 dlrs and 257, 300 dlrs, respectively, for tax loss carryforwards.",neutral
Komatsu is also willing to be patient about possible routes into the securities business at home.,neutral
"it's badly acted, blandly directed, and could have been scripted by someone who just graduated from elementary school.",negative
it should be mentioned that the set design and interiors of the haunted vessel are more than effectively creepy and moodily lit. so i just did.,negative
the movie should be credited with remembering his victims.,positive
JAPAN OPENS HOME MARKET TO U. S.,neutral
"... bright, intelligent, and humanly funny film.",positive
"a fine, rousing, g-rated family film, aimed mainly at little kids but with plenty of entertainment value to keep grown-ups from squirming in their seats.",positive
"The imports had caused producers heavy financial losses, it said.",neutral
"dull and mechanical, kinda like a very goofy museum exhibit",negative
this 90-minute postmodern voyage was more diverting and thought-provoking than i'd expected it to be.,positive
Charles Schwab and Co is the nation ' s largest discount brokerage firm.,neutral
"the movie doesn't generate a lot of energy. it is dark, brooding and slow, and takes its central idea way too seriously.",negative
"a lousy movie that's not merely unwatchable, but also unlistenable.",negative
this picture is mostly a lump of run-of-the-mill profanity sprinkled with a few remarks so geared toward engendering audience sympathy that you might think he was running for office -- or trying to win over a probation officer.,negative
"bill morrison's decasia is uncompromising, difficult and unbearably beautiful.",positive
the movie is a mess from start to finish.,negative
"the mothman prophecies, which is mostly a bore, seems to exist only for its climactic setpiece.",negative
peppered with witty dialogue and inventive moments.,positive
the way coppola professes his love for movies -- both colorful pop junk and the classics that unequivocally qualify as art -- is giddily entertaining.,positive
"it should be interesting, it should be poignant, it turns out to be affected and boring.",negative
The service was rude.,negative
"hampered -- no, paralyzed -- by a self-indulgent script... that aims for poetry and ends up sounding like satire.",negative
"Unusually high temperatures have also been reported across China, media reports said.",neutral
"There are presently 800, 000 warrants outstanding.",neutral
"a dull, simple-minded and stereotypical tale of drugs, death and mind-numbing indifference on the inner-city streets.",negative
"build some robots, haul'em to the theatre with you for the late show, and put on your own mystery science theatre 3000 tribute to what is almost certainly going to go down as the worst -- and only -- killer website movie of this or any other year.",negative
"with rare birds, as with the shipping news before it, an attempt is made to transplant a hollywood star into newfoundland's wild soil -- and the rock once again resists the intrusion.",negative
"it's all about anakin... and the lustrous polished visuals rich in color and creativity and, of course, special effect.",positive
"a standard police-oriented drama that, were it not for de niro's participation, would have likely wound up a tnt original.",negative
"with spy kids 2: the island of lost dreams, however, robert rodriguez adorns his family-film plot with an elegance and maturity that even most contemporary adult movies are lacking.",positive
"without the dark spookiness of crystal lake camp, the horror concept completely loses its creepy menace.",negative
"an enigmatic film that's too clever for its own good, it's a conundrum not worth solving.",negative
"CYACQ AMENDS CYCLOPS OFFER CONDITIONS, SAYS CITICORP EXPANDS FINANCING",neutral
a complete waste of time.,negative
... comes alive only when it switches gears to the sentimental.,negative
"the movie is brilliant, really. it is philosophy, illustrated through everyday events.",positive
This is a huge mistake.,negative
"a long-winded, predictable scenario.",negative
late marriage's stiffness is unlikely to demonstrate the emotional clout to sweep u. s. viewers off their feet.,negative
""" Poland is accusing the West of letting economic relations deteriorate for political reasons,"" said one expert.",neutral
"The whole event felt disorganized, the staff seemed overwhelmed, and nothing started on time.",negative
"The higher estimate is due to the EC Commission ' s decision to hold special export tenders for French maize, he said.",neutral
"i'm sorry to say that this should seal the deal - arnold is not, nor will he be, back.",negative
I love this product.,positive
a high-spirited buddy movie about the reunion of berlin anarchists who face arrest 15 years after their crime.,positive
"essentially, the film is weak on detail and strong on personality",negative
"due to stodgy, soap opera-ish dialogue, the rest of the cast comes across as stick figures reading lines from a teleprompter.",negative
"the humor is hinged on the belief that knees in the crotch, elbows in the face and spit in the eye are inherently funny.",negative
"parts of the film feel a bit too much like an infomercial for ram dass's latest book aimed at the boomer demographic. but mostly it's a work that, with humor, warmth, and intelligence, captures a life interestingly lived.",positive
"It is also doubtful whether the tertiary sector can fully employ those put out of work in the manufacturing sector, he said.",neutral
"williams plays sy, another of his open-faced, smiling madmen, like the killer in insomnia. he does this so well you don't have the slightest difficulty accepting him in the role.",positive
"Another factor was the quality of the harvest in Cuba, China ' s major supplier through barter trade, he said.",neutral
"tends to pile too many "" serious issues "" on its plate at times, yet remains fairly light, always entertaining, and smartly written.",positive
"They said recent high interest rates have encouraged an acceleration in foreign funds returning to France, discouraging the authorities from making a hasty rate cut.",neutral
suffers from over-familiarity since hit-hungry british filmmakers have strip-mined the monty formula mercilessly since 1997.,negative
the first fatal attraction was vile enough. do we really need the tiger beat version?,negative
nervous breakdowns are not entertaining.,negative
despite its many infuriating flaws -- not the least of which is amy's self-absorbed personality -- amy's o's honesty will win you over.,positive
"a film of empty, fetishistic violence in which murder is casual and fun.",negative
one of the best inside-show-biz yarns ever.,positive
"These bonds will be used for deliveries, as they are expected to be the cheapest deliverable issues due to low interest rates, they said.",neutral
"like all great films about a life you never knew existed, it offers much to absorb and even more to think about after the final frame.",positive
"a big-budget/all-star movie as unblinkingly pure as the hours is a distinct rarity, and an event.",positive
It did not say what oth U. S. warships were in the area.,neutral
"despite the opulent lushness of every scene, the characters never seem to match the power of their surroundings.",negative
"Unusually low prices prevailing since early 1986 had stimulated demand for both food and non - food purposes, it said.",neutral
kaufman and jonze take huge risks to ponder the whole notion of passion -- our desire as human beings for passion in our lives and the emptiness one feels when it is missing.,positive
two weeks notice has appeal beyond being a sandra bullock vehicle or a standard romantic comedy.,positive
[villeneuve] seems to realize intuitively that even morality is reduced to an option by the ultimate mysteries of life and death.,positive
at its best... festival in cannes bubbles with the excitement of the festival in cannes.,positive
CANADIAN IMPERIAL BANK OF COMMERCE 1ST QTR SHARE BASIC 61 CTS VS 64 CTS,neutral
"It cannot continue to accept delivery of sugar cane after April 10,"" the mill warned planters earlier this week.",neutral
"despite its title, punch-drunk love is never heavy-handed. the jabs it employs are short, carefully placed and dead-center.",positive
alan and his fellow survivors are idiosyncratic enough to lift the movie above its playwriting 101 premise.,positive
the film's stagecrafts are intimate and therefore bolder than the otherwise calculated artifice that defines and overwhelms the film's production design.,negative
"so routine, familiar and predictable, it raises the possibility that it wrote itself as a newly automated final draft computer program.",negative
"put it somewhere between sling blade and south of heaven, west of hell in the pantheon of billy bob's body of work.",negative
""" It can be presumed that the braking actions ( on the economy ) will diminish markedly this year.""",neutral
"The nearby April requirement for red beans will rise to 100, 000 yen from 60, 000, effective March 2.",neutral
"an overstylized, puréed mélange of sex, psychology, drugs and philosophy. sometimes entertaining, sometimes indulgent -- but never less than pure wankery.",negative
"ultimately, the film amounts to being lectured to by tech-geeks, if you're up for that sort of thing.",negative
better than the tepid star trek: insurrection; falls short of first contact because the villain couldn't pick the lint off borg queen alice krige's cape; and finishes half a parsec ( a nose ) ahead of generations.,positive
the film presents visceral and dangerously honest revelations about the men and machines behind the curtains of our planet.,positive
"Labour Minister Almir Pazzionotto said the government will not force a settlement of the strike, which was ruled illegal last Friday.",neutral
"this is as lax and limp a comedy as i've seen in a while, a meander through worn-out material.",negative
"the french are rather good at this kind of thing, unlike the americans, who have a passion for musketeers, only to spoof them.",positive
This design looks awful.,negative
That authority lapsed in September 1986.,neutral
"collateral damage is trash, but it earns extra points by acting as if it weren't.",positive
a lovably old-school hollywood confection.,positive
The sum of the deal was not disclosed.,neutral
"Soybean sales of 240, 500 tonnes were one - fifth below the prior week and nearly one - third below the four - week average.",neutral
"there's no denying the elaborateness of the artist's conceptions, nor his ability to depict them with outrageous elan, but really the whole series is so much pretentious nonsense, lavishly praised by those who equate obscurity with profundity.",negative
"although laced with humor and a few fanciful touches, the film is a refreshingly serious look at young women.",positive
the filmmaker's heart is in the right place...,positive
"watching this gentle, mesmerizing portrait of a man coming to terms with time, you barely realize your mind is being blown.",positive
there is nothing redeeming about this movie.,negative
"The House Budget Committee also plans to start drafting a separate budget plan later this week, which would have to be reconciled with the Senate version.",neutral
if you're not the target demographic... this movie is one long chick-flick slog.,negative
"one of the best films of the year with its exquisite acting, inventive screenplay, mesmerizing music, and many inimitable scenes of tenderness, loss, discontent, and yearning.",positive
"a vivid, sometimes surreal, glimpse into the mysteries of human behavior.",positive
an instantly forgettable snow-and-stuntwork extravaganza that likely will be upstaged by an avalanche of more appealing holiday-season product.,negative
"The view from the mountain top was breathtaking, easily the best part of our entire trip.",positive
"... a visually seductive, unrepentantly trashy take on rice's second installment of her vampire chronicles.",positive
"almost everyone growing up believes their family must look like "" the addams family "" to everyone looking in... "" my big fat greek wedding "" comes from the heart...",positive
becomes a bit of a mishmash: a tearjerker that doesn't and a thriller that won't.,negative
"a must-see for the david mamet enthusiast and for anyone who appreciates intelligent, stylish moviemaking.",positive
"stale first act, scrooge story, blatant product placement, some very good comedic songs, strong finish, dumb fart jokes.",negative
He is working in his office.,neutral
"The OECD forecast that Spanish imports would rise sharply next year, reflecting strong demand, entry to the European Community and declining competitiveness.",neutral
"functions as both a revealing look at the collaborative process and a timely, tongue-in-cheek profile of the corporate circus that is the recording industry in the current climate of mergers and downsizing.",positive
"a distinctly mixed bag, the occasional bursts of sharp writing alternating with lots of sloppiness and the obligatory moments of sentimental ooze.",negative
"Paris traders put the likely tonnage at around 60, 000.",neutral
"the complex, politically charged tapestry of contemporary chinese life this exciting new filmmaker has brought to the screen is like nothing we westerners have seen before.",positive
The agency added that it would continue to consider a separate TWA request for federal clearance to purchase USAir stock through a voting trust.,neutral
includes too much obvious padding.,negative
a fascinating documentary about the long and eventful spiritual journey of the guru who helped launch the new age.,positive
"directed with purpose and finesse by england's roger mitchell, who handily makes the move from pleasing, relatively lightweight commercial fare such as notting hill to commercial fare with real thematic heft.",positive
"The concert last night was absolutely incredible, with an energy that kept the whole crowd smiling.",positive
"downbeat, period-perfect biopic hammers home a heavy-handed moralistic message.",negative
"godard uses his characters -- if that's not too glorified a term -- as art things, mouthpieces, visual motifs, blanks.",negative
spend your benjamins on a matinee.,positive
"if it's another regurgitated action movie you're after, there's no better film than half past dead.",negative
"as much as i laughed throughout the movie, i cannot mount a cogent defense of the film as entertainment, or even performance art, although the movie does leave you marveling at these guys' superhuman capacity to withstand pain.",negative
jackson and co have brought back the value and respect for the term epic cinema.,positive
"scorsese at his best makes gangster films that are equally lovely but also relentlessly brutal and brutally intelligent; perdition, meanwhile, reads more like driving miss daisy than goodfellas.",negative
"if reno is to the left of liberal on the political spectrum, her tough, funny, rather chaotic show isn't subversive so much as it is nit-picky about the hypocrisies of our time.",positive
This is such a letdown.,negative
"less cinematically powerful than quietly and deeply moving, which is powerful in itself.",positive
"However, she said the dollar could break out of the range with major surprises such as a worse - than - expected U. S.",neutral
"an inexperienced director, mehta has much to learn.",negative
"a very witty take on change, risk and romance, and the film uses humour to make its points about acceptance and growth.",positive
"an easy watch, except for the annoying demeanour of its lead character.",negative
"the smash'em-up, crash'em-up, shoot'em-up ending comes out of nowhere substituting mayhem for suspense.",negative
The service was rude.,negative
"[serry] wants to blend politics and drama, an admirable ambition. it's too bad that the helping hand he uses to stir his ingredients is also a heavy one.",negative
"let's issue a moratorium, effective immediately, on treacly films about inspirational prep-school professors and the children they so heartwarmingly motivate.",negative
"Coffee accounted with 320 mln dlrs of exports, up from 222 mln dlrs in August and 212 mln in September 1986, Salek said.",neutral
"it has the right approach and the right opening premise, but it lacks the zest and it goes for a plot twist instead of trusting the material.",negative
The food was delicious.,positive
"murderous maids has a lot going for it, not least the brilliant performances by testud... and parmentier.",positive
two-bit potboiler.,negative
nolan bravely treads where few american films dare to delve -- into the world of ambivalence and ambiguity...,positive
"after making several adaptations of other writers' work, armenian-canadian director atom egoyan broached an original treatment of a deeply personal subject.",positive
"spielberg's realization of a near-future america is masterful. this makes minority report necessary viewing for sci-fi fans, as the film has some of the best special effects ever.",positive
"However, employers did not favour a devaluation of the peseta to correct the imbalance.",neutral
"phillip noyce and all of his actors -- as well as his cinematographer, christopher doyle -- understand the delicate forcefulness of greene's prose, and it's there on the screen in their version of the quiet american.",positive
"Another, however, said Edelman succeeds in forcing managements to take steps to enhance shareholder values even if he doesn ' t win the target company.",neutral
"Consumer products represented 50 pct of total 1986 turnover, compared with 35 pct in 1982, van Driel said.",neutral
villeneuve spends too much time wallowing in bibi's generic angst ( there are a lot of shots of her gazing out windows ).,negative
"it could change america, not only because it is full of necessary discussion points, but because it is so accessible that it makes complex politics understandable to viewers looking for nothing but energetic entertainment.",positive
Chit said a new joint venture company will have a registered capital of four mln dlrs.,neutral
"holds limited appeal to those who like explosions, sadism and seeing people beat each other to a pulp.",negative
"they presume their audience won't sit still for a sociology lesson, however entertainingly presented, so they trot out the conventional science-fiction elements of bug-eyed monsters and futuristic women in skimpy clothes.",negative
"it's just weirdness for the sake of weirdness, and where human nature should be ingratiating, it's just grating.",negative
it's a road-trip drama with too many wrong turns.,negative
nothing but an episode of smackdown! in period costume and with a bigger budget.,negative
The Finance Minister further said that overseas stock market plunges will not lead to a freefall in the Tokyo stock market.,neutral
it's so badly made on every level that i'm actually having a hard time believing people were paid to make it.,negative
"rambles on in a disjointed, substandard fashion from one poorly executed action sequence to the next.",negative
"Offers are due by 1200 hrs EDT, April 13, and will remain valid until the close of business April 14, the agent said.",neutral
""" 13 conversations "" holds its goodwill close, but is relatively slow to come to the point.",positive
"with little visible talent and no energy, colin hanks is in bad need of major acting lessons and maybe a little coffee.",negative
""" But they ' re not out of the woods yet,"" he added.",neutral
"They added: "" The domestic prerequisites for a continuation of the economic uptrend are still favourable.""",neutral
""" As the tonnage ( required under cargo preference ) goes up, its going to be harder and harder to meet,"" Kay said.",neutral
i'd be hard pressed to think of a film more cloyingly sappy than evelyn this year.,negative
feels less like a cousin to blade runner than like a bottom-feeder sequel in the escape from new york series.,negative
"the movie addresses a hungry need for pg-rated, nonthreatening family movies, but it doesn't go too much further.",positive
none of the characters or plot-lines are fleshed-out enough to build any interest.,negative
"charles' entertaining film chronicles seinfeld's return to stand-up comedy after the wrap of his legendary sitcom, alongside wannabe comic adams' attempts to get his shot at the big time.",positive
I'm angry about this charge.,negative
"resident evil is what comes from taking john carpenter's ghosts of mars and eliminating the beheadings. in other words, about as bad a film you're likely to see all year.",negative
Partial operating profit 182. 6 mln marks vs 313. 7 mln.,neutral
The meeting starts at 10 a.m.,neutral
the dialogue is very choppy and monosyllabic despite the fact that it is being dubbed.,negative
"if cinema had been around to capture the chaos of france in the 1790's, one imagines the result would look like something like this.",positive
"the saigon of 1952 is an uneasy mix of sensual delights and simmering violence, and the quiet american brings us right into the center of that world.",positive
"plays as hollow catharsis, with lots of tears but very little in the way of insights.",negative
This design looks awful.,negative
"Currency fluctuations reduced pretax profit by around one mln stg, it noted.",neutral
The room was dirty.,negative
a few pieces of the film buzz and whir; very little of it actually clicks. the thing just never gets off the ground.,negative
The average forecast called for a 2. 2 billion dlr M - 1 rise.,neutral
This is a total disaster.,negative
Average earnings were 200 roubles a month against 194 roubles a year ago.,neutral
I really enjoyed that.,positive
"we root for [clara and paul], even like them, though perhaps it's an emotion closer to pity.",positive
a quasi-documentary by french filmmaker karim dridi that celebrates the hardy spirit of cuban music.,positive
CONSOLIDATED TVX SAYS IT WILL ISSUE SHARES TO BUY STAKES IN THREE BRAZIL MINING FIRMS,neutral
"'compleja e intelectualmente retadora, el ladrón de orquídeas es uno de esos filmes que vale la pena ver precisamente por su originalidad.'",positive
They said fear of hurting the dollar will cause the Fed to be cautious in lowering interest rates further.,neutral
friday after next has the same problem that next friday did -- it's called where's chris tucker when you need him?,negative
"-- Feed usage for corn, wheat, soybean, feedgrains, sorghum, barley, oats includes residual amount.",neutral
"Indonesia ' s copra production is forecast at 1. 32 mln tonnes in calendar 1987, up from 1. 30 mln tonnes in 1986.",neutral
( C ) - Sales made on exporters ' own account.,neutral
"a sour attempt at making a farrelly brothers-style, down-and-dirty laugher for the female set.",negative
"a live-action cartoon, a fast-moving and cheerfully simplistic 88 minutes of exaggerated action put together with the preteen boy in mind.",negative
a marvel of production design.,positive
"the film fearlessly gets under the skin of the people involved... this makes it not only a detailed historical document, but an engaging and moving portrait of a subculture.",positive
"for a film that celebrates radical, nonconformist values, what to do in case of fire? lazily and glumly settles into a most traditional, reserved kind of filmmaking.",negative
"broder's screenplay is shallow, offensive and redundant, with pitifully few real laughs.",negative
""" The Kuwaitis have discussed the possibility of chartering U. S. flag vessels with the Maritime Administration,"" Oakley said.",neutral
boyd's screenplay ( co-written with guardian hack nick davies ) has a florid turn of phrase that owes more to guy ritchie than the bard of avon.,negative
it's both a necessary political work and a fascinating documentary...,positive
less a study in madness or love than a study in schoolgirl obsession.,negative
This is not worth it.,negative
"except for paymer as the boss who ultimately expresses empathy for bartleby's pain, the performances are so stylized as to be drained of human emotion.",negative
"an incendiary, deeply thought-provoking look at one of the most peculiar ( and peculiarly venomous ) bigotries in our increasingly frightening theocracy",positive
The meeting starts at 10 a.m.,neutral
"The group includes Soros and Quantum Fund, an offshore investment firm headquartered in Curacao, Netherlands Antilles that is advised by Soros.",neutral
Montedison said it named Ettore dell ' Isola to the newly created position of president of Agrimont.,neutral
Attack and fear some sort of Iranian retaliation.,neutral
German March cost of living 0. 2 pct below year ago ( Feb 0. 5 pct below ) - official,neutral
"the film fits into a genre that has been overexposed, redolent of a thousand cliches, and yet remains uniquely itself, vibrant with originality.",positive
It said its new ticker symbol will be & lt; MAJV >.,neutral
an impressive if flawed effort that indicates real talent.,positive
where the film falters is in its tone.,negative
"in adobo, ethnicity is not just the spice, but at the heart of more universal concerns.",positive
""" But if commodity prices exhibit a broad trend, a policy action might be considered,"" he said.",neutral
fairly run-of-the-mill.,negative
"guy gets girl, guy loses girl, audience falls asleep.",negative
"drumline is -- the mere suggestion, albeit a visually compelling one, of a fully realized story.",negative
i liked this film a lot...,positive
he's the scariest guy you'll see all summer.,positive
"this is a truly, truly bad movie.",negative
"ultimately feels empty and unsatisfying, like swallowing a communion wafer without the wine.",positive
"the story is naturally poignant, but first-time screenwriter paul pender overloads it with sugary bits of business.",negative
"johnson has, in his first film, set himself a task he is not nearly up to.",negative
this comic gem is as delightful as it is derivative.,positive
"very amusing, not the usual route in a thriller, and the performances are odd and pixilated and sometimes both.",positive
I absolutely love this product; it works perfectly every single time I use it.,positive
"here polanski looks back on those places he saw at childhood, and captures them by freeing them from artefact, and by showing them heartbreakingly drably.",positive
"These further payments will only be made if profits achieved by Gelco for the year ending July 31, 1987 reach a certain level.",neutral
it's an often-cute film but either needs more substance to fill the time or some judicious editing.,positive
"an odd, haphazard, and inconsequential romantic comedy.",negative
This book is fantastic.,positive
This app keeps crashing.,negative
"Dome Mines shares traded earlier at 15 - 1 / 4 dlrs, off 1 / 4 on the Toronto Stock Exchange.",neutral
brosnan gives a portrayal as solid and as perfect as his outstanding performance as bond in die another day.,positive
"this is mostly well-constructed fluff, which is all it seems intended to be.",positive
"It expects GNP growth for the whole of 1987 of just under two pct, after a 2. 4 pct rise in 1986.",neutral
a worthwhile way to spend two hours.,positive
It said about 13 cts per share of the first quarter amount will be taxable income.,neutral
"Citibank cited the higher cost of money, especially in the Euromarket, as the reason for raising its prime rate.",neutral
the film's welcome breeziness and some unbelievably hilarious moments -- most portraying the idiocy of the film industry -- make it mostly worth the trip.,positive
haynes has so fanatically fetishized every bizarre old-movie idiosyncrasy with such monastic devotion you're not sure if you should applaud or look into having him committed.,positive
it's probably worth catching solely on its visual merits. if only it had the story to match.,positive
Barreto told reporters his aim was to have EPAC readmitted to the tenders.,neutral
this flat run at a hip-hop tootsie is so poorly paced you could fit all of pootie tang in between its punchlines.,negative
Rogers said it reached an agreement for the sale of its molded switch circuit product line to a major supplier.,neutral
underachieves only in not taking the shakespeare parallels quite far enough.,positive
Opec deliberately under 15. 8 mln barrel ceiling to defend price - Subroto,neutral
fancy a real downer? [leigh] lays it on so thick this time that it feels like a suicide race.,negative
Reynolds said work on the restart will begin in the near future and it is expected that actual metal production will begin September 1.,neutral
"it's a visual delight and a decent popcorn adventure, as long as you don't try to look too deep into the story",positive
This is a huge mistake.,negative
"demonstrates the unusual power of thoughtful, subjective filmmaking.",positive
its solemn pretension prevents us from sharing the awe in which it holds itself.,negative
this u-boat doesn't have a captain.,negative
"how good this film might be, depends if you believe that the shocking conclusion is too much of a plunge or not.",positive
... a confusing drudgery.,negative
"bread, my sweet has so many flaws it would be easy for critics to shred it. it may even fall into the category of films you love to hate. i admit it, i hate to like it.",negative
"the acting, costumes, music, cinematography and sound are all astounding given the production's austere locales.",positive
there is nothing funny in this every-joke-has- been-told-a- thousand-times- before movie.,negative
Japan ' s constitution prevents its armed forces from being deployed overseas.,neutral
a synthesis of cliches and absurdities that seems positively decadent in its cinematic flash and emptiness.,negative
This is a total disaster.,negative
"However, the Reagan administration is considering whether to allow plywood sales to be covered by the credit guarantee program, Sims said.",neutral
"May currency reserves, out today, showed a record 4. 8 billion stg rise, pointing to massive currency intervention.",neutral
a crisply made movie that is no more than mildly amusing.,negative
"To increase its competitiveness, O ' Reilly said Heinz implemented a "" lowest cost imaginable "" program targeted at manufacturing, sales and marketing and procurement.",neutral
"poetry in motion captured on film. while it can be a bit repetitive, overall it's an entertaining and informative documentary.",positive
The library is open until 8 p.m.,neutral
this dreadfully earnest inversion of the concubine love triangle eschews the previous film's historical panorama and roiling pathos for bug-eyed mugging and gay-niche condescension.,negative
an old-fashioned but emotionally stirring adventure tale of the kind they rarely make anymore.,positive
"the talents of the actors helps "" moonlight mile "" rise above its heart-on-its-sleeve writing.",positive
"The ministers stopped short of imposing their own solution immediately, instead urging steel producers to try again to reach agreement on voluntary cutbacks.",neutral
"young hanks and fisk, who vaguely resemble their celebrity parents, bring fresh good looks and an ease in front of the camera to the work.",positive
"human nature, in short, isn't nearly as funny as it thinks it is; neither is it as smart.",negative
It is near completion in Cordoba and Santa Fe and will begin in La Pampa and southern Buenos Aires later in April.,neutral
the movie stays afloat thanks to its hallucinatory production design.,positive
"thanks to ice cube, benjamins feels an awful lot like friday in miami.",positive
"But the ratio will be back below 40 pct within 12 months, he added.",neutral
"Officials have said Malaysian production is expected to total 150, 000 to 155, 000 tonnes in calendar 1987.",neutral
"a tender, heartfelt family drama.",positive
a remarkable film by bernard rose.,positive
this is a fascinating film because there is no clear-cut hero and no all-out villain.,positive
"The instructions were clear and easy to follow, so the whole setup only took a few minutes.",positive
an extraordinary swedish film about the soul adventure of marriage -- the kind of intimate and character-driven film that bille august does best.,positive
the movie's relatively simple plot and uncomplicated morality play well with the affable cast.,positive
ararat feels like a book report,negative
"A ministry statement had earlier announced indefinite suspension of crude oil exports, declaring force majeure.",neutral
"... a plotline that's as lumpy as two-day old porridge... the filmmakers' paws, sad to say, were all over this "" un-bear-able "" project!",negative
This is not worth it.,negative
empire can't make up its mind whether it wants to be a gangster flick or an art film. it doesn't work as either.,negative
more of an intriguing curiosity than a gripping thriller.,negative
This software update fixed every bug we reported and now runs more smoothly than ever before.,positive
this 100-minute movie only has about 25 minutes of decent material.,negative
"twenty-three movies into a mostly magnificent directorial career, clint eastwood's efficiently minimalist style finally has failed him. big time.",negative
CLEVITE INDUSTRIES SAYS J. P. INDUSTRIES OFFERED 13. 50 DLRS A SHARE TO BUY COMPANY,neutral
the story... is moldy and obvious.,negative
"only an epic documentary could get it all down, and spike lee's jim brown: all american at long last gives its subject a movie worthy of his talents.",positive
"such a wildly uneven hit-and-miss enterprise, you can't help suspecting that it was improvised on a day-to-day basis during production.",negative
This is such a hassle.,negative
But he warned of another dip to below 145 yen.,neutral
The transaction included 140 mln dlrs in cash and stock and the assumption of a 299 mln dlrs mortgage.,neutral
"a psychological thriller with a genuinely spooky premise and an above-average cast, actor bill paxton's directing debut is a creepy slice of gothic rural americana.",positive
"This laptop crashes constantly, loses my work, and the battery barely lasts an hour.",negative
"GAO will not likely suggest whether the certificates program should be slowed or expanded, the GAO official said.",neutral
full of the kind of obnoxious chitchat that only self-aware neurotics engage in.,negative
They also said a smaller crop and adverse weather this summer in Argentina had reduced production.,neutral
a story about intelligent high school students that deals with first love sweetly but also seriously. it is also beautifully acted.,positive
"i've seen some bad singer-turned actors, but lil bow wow takes the cake.",negative
"ozpetek offers an aids subtext, skims over the realities of gay sex, and presents yet another tired old vision of the gay community as an all-inclusive world where uptight, middle class bores like antonia can feel good about themselves.",negative
the plot plummets into a comedy graveyard before janice comes racing to the rescue in the final reel.,negative
The sunrise this morning over the lake was absolutely stunning and made the early wake-up worth it.,positive
"The new employee has been a great addition to the team, bringing energy and fresh ideas every day.",positive
"a dark-as-pitch comedy that frequently veers into corny sentimentality, probably would not improve much after a therapeutic zap of shock treatment.",negative
it makes you believe the cast and crew thoroughly enjoyed themselves and believed in their small-budget film.,positive
"as conceived by mr. schaeffer, christopher and grace are little more than collections of quirky traits lifted from a screenwriter's outline and thrown at actors charged with the impossible task of making them jell.",negative
two hours of junk.,negative
tries so hard to be quirky and funny that the strain is all too evident.,negative
"this delicately observed story, deeply felt and masterfully stylized, is a triumph for its maverick director.",positive
"liotta put on 30 pounds for the role, and has completely transformed himself from his smooth, goodfellas image.",positive
"a celebration of quirkiness, eccentricity, and certain individuals' tendency to let it all hang out, and damn the consequences.",positive
technically and artistically inept.,negative
is office work really as alienating as'bartleby' so effectively makes it?,positive
"lee's achievement extends to his supple understanding of the role that brown played in american culture as an athlete, a movie star, and an image of black indomitability.",positive
i didn't laugh. i didn't smile. i survived.,negative
"and if you appreciate the one-sided theme to lawrence's over-indulgent tirade, then knock yourself out and enjoy the big screen postcard that is a self-glorified martin lawrence lovefest. if you are willing to do this, then you so crazy!",negative
""" We need time for those actions and the earlier depreciation to work their effects,"" he said.",neutral
"the vintage is pure'87, with a halfhearted twist on its cautionary message: fatal attraction = don't have an affair with a nutjob; unfaithful = don't if you're married to one.",negative
"a thoughtful, provocative, insistently humanizing film.",positive
the comedy is nonexistent.,negative
"sluggish, tonally uneven.",negative
"notwithstanding my problem with the movie's final half hour, i'm going to recommend secretary, based on the wonderful acting clinic put on by spader and gyllenhaal, and also the unique way shainberg goes about telling what at heart is a sweet little girl-",positive
"while the story's undeniably hard to follow, iwai's gorgeous visuals seduce.",positive
"like the rugrats movies, the wild thornberrys movie doesn't offer much more than the series, but its emphasis on caring for animals and respecting other cultures is particularly welcome.",positive
"The company also said it still intends to pursue a new corporate direction, and is exploring acquisition alternatives.",neutral
"It said Thomas Nationwide will be combined with its Systems Leasing Corp unit in MacLean, Va.",neutral
OECD SEES 1. 5 PCT WEST GERMAN REAL GNP GROWTH IN 1987,neutral
"FED BUYING DOLLARS FOR YEN IN OPEN MARKET, NEW YORK DEALERS SAY",neutral
opera on film is never satisfactory. the art demands live viewing. the innate theatrics that provide its thrills and extreme emotions lose their luster when flattened onscreen.,negative
"one hour photo may seem disappointing in its generalities, but it's the little nuances that perhaps had to escape from director mark romanek's self-conscious scrutiny to happen, that finally get under your skin.",positive
A Wall Street analyst said it was hard to determine what the equity in the newly leveraged company would be worth.,neutral
an awkwardly contrived exercise in magic realism.,negative
a crude teen-oriented variation on a theme that the playwright craig lucas explored with infinitely more grace and eloquence in his prelude to a kiss.,negative
enjoy it for what it is; you can hate yourself later.,positive
"Producers met this afternoon to review the market situation but had only a general discussion about how further negotiations should proceed, a producer delegate said.",neutral
"visually imaginative, thematically instructive and thoroughly delightful, it takes us on a roller-coaster ride from innocence to experience without even a hint of that typical kiddie-flick sentimentality.",positive
Natural gas prices rose 1. 8 pct after a 4. 2 pct rise in January.,neutral
MELLON BANK EXPECTS TO REPORT A FIRST QUARTER LOSS OF 55 MLN TO 65 MLN DLRS,neutral
"The copper mine and smelter produced 72, 000 tons of copper anodes in 1986 and employs 680 people.",neutral
"However, this profit recovery was due less to management skill than the fact that all Canadian airlines had a good year in 1986, analysts said.",neutral
"JAMESWAY CORP SETS 2 - FOR - 1 STOCK SPLIT, UPS CASH PAYOUT 33 PCT",neutral
"National ' s spirits brands include Gilbey ' s gin and vodka, DeKuyper Liqueurs and Windsor Supreme Canadian Whisky.",neutral
"One consumer country delegate said this would "" distort, not support "" the market.",neutral
The store is located downtown.,neutral
a compelling film.,positive
May added that the Indiana National Bank of Indianapolis provided a portion of the deal ' s financing.,neutral
"it's not that waiting for happiness is a bad film, because it isn't. it's just incredibly dull.",negative
"death to smoochy is often very funny, but what's even more remarkable is the integrity of devito's misanthropic vision.",positive
The car is parked outside.,neutral
"there is very little dread or apprehension, and though i like the creepy ideas, they are not executed with anything more than perfunctory skill.",negative
"too loud, too long and too frantic by half, die another day suggests that the bond franchise has run into a creative wall that 007 cannot fly over, tunnel under or barrel through.",negative
"Japanese officials say they are implementing the report as fast as they can, said a European ambassador who has travelled the country asking about this issue.",neutral
Government cash balances fell 1. 17 billion dlrs to 4. 63 billion dlrs in week ended April 1.,neutral
"Earlier this year, monetary sources said the U. S. Treasury unsuccessfully sounded out allies on a target zone system.",neutral
"it's about following your dreams, no matter what your parents think. socrates motions for hemlock.",negative
"It said the sellers included Atlantic American Corp & lt; AAME. O >, Bankers Fidelity Life Insurance Co and Georgia Casualty Insurance Co.",neutral
it has more than a few moments that are insightful enough to be fondly remembered in the endlessly challenging maze of moviegoing.,positive
"chalk it up to my adoration for both de niro and murphy, but i had a pretty good time with this movie - despite its myriad flaws.",positive
"Improved corporate earnings and better prospects for the stability of the yen had made companies more optimistic, it said after carrying out a quarterly survey.",neutral
you'd have to be a most hard-hearted person not to be moved by this drama.,positive
"it's not particularly subtle... however, it still manages to build to a terrifying, if obvious, conclusion.",positive
"something akin to a japanese alice through the looking glass, except that it seems to take itself far more seriously.",negative
He quoted Miyazawa as telling Japanese reporters that major industrial nations are aggressively intervening in currency markets worldwide to prevent a dollar free - fall.,neutral
"a zombie movie in every sense of the word--mindless, lifeless, meandering, loud, painful, obnoxious.",negative
all this turns out to be neither funny nor provocative - only dull.,negative
"it is a likable story, told with competence.",positive
"circuit queens won't learn a thing, they'll be too busy cursing the film's strategically placed white sheets.",negative
"for those who pride themselves on sophisticated, discerning taste, this might not seem like the proper cup of tea, however it is almost guaranteed that even the stuffiest cinema goers will laugh their * * * off for an hour-and-a-half.",positive
"SOUTHWESTERN BELL VOTES THREE - FOR - ONE STOCK SPLIT, 8. 8 PCT DIVIDEND INCREASE",neutral
It rose four cents against the U. S. Dollar on Saturday to close at 34. 59.,neutral
i'm giving it thumbs down due to the endlessly repetitive scenes of embarrassment. there's got to be a more graceful way of portraying the devastation of this disease.,negative
I hate this product.,negative
"the best thing about the movie is its personable, amusing cast.",negative
the tuxedo miscalculates badly by forcing the star to play second fiddle to the dull effects that allow the suit to come to life.,negative
"given that both movies expect us to root for convicted violent felons over those assigned to protect us from same, we need every bit of sympathy the cons can muster; this time, there isn't much.",negative
"Capital expenditure of about 18 mln dlrs will be required over the life of the new plan, RGC said.",neutral
audiard successfully maintains suspense on different levels throughout a film that is both gripping and compelling.,positive
the magic of the film lies not in the mysterious spring but in the richness of its performances.,positive
trades run-of-the-mill revulsion for extreme unease.,positive
"let's hope -- shall we? -- that the'true story' by which all the queen's men is allegedly "" inspired "" was a lot funnier and more deftly enacted than what's been cobbled together onscreen.",negative
"a tough go, but leigh's depth and rigor, and his skill at inspiring accomplished portrayals that are all the more impressive for their lack of showiness, offsets to a notable degree the film's often-mined and despairing milieu.",negative
Full name of company commonwealth mortgage of america.,neutral
A smaller group of representatives is now charged with fleshing out the details.,neutral
It said it is shifting its focus away from the development of communities requiring significant equity and having lengthy projected life cycles.,neutral
the action quickly sinks into by-the-numbers territory.,negative
"Company official Andre Fortier said "" We are hopeful that we can settle without any kind of work interruption.""",neutral
"offers no new insight on the matter, nor do its characters exactly spring to life.",negative
"just about all of the film is confusing on one level or another, making ararat far more demanding than it needs to be.",negative
this feature is about as necessary as a hole in the head,negative
The store closes at 9 p.m.,neutral
"star trek: nemesis meekly goes where nearly every star trek movie has gone before. wince-inducing dialogue, thrift-shop costumes, prosthetic makeup by silly putty and kmart blue-light-special effects all conspire to test trekkie loyalty.",negative
the movie would seem less of a trifle if ms. sugarman followed through on her defiance of the saccharine.,negative
diane lane's sophisticated performance can't rescue adrian lyne's unfaithful from its sleazy moralizing.,negative
"The shares were purchased from Nasta International Inc & lt; NAS > on October 16 for about 1. 15 mln dlrs, Bastia said.",neutral
what makes the movie special is its utter sincerity.,positive
The food tasted awful.,negative
"an unsettling, memorable cinematic experience that does its predecessors proud.",positive
She is reading a book.,neutral
it's supposed to be a romantic comedy - it suffers from too much norma rae and not enough pretty woman.,negative
japan's premier stylist of sex and blood hits audiences with what may be his most demented film to date.,positive
"The report contains four sections covering budget, timeline, staffing, and next steps for the quarter.",neutral
"This software saved me hours of work every week, and the interface is intuitive and pleasant to use.",positive
"Reichhold Chemie Ag, headquartered in Rausen, Switzerland, had sales in excess of 75 mln dlrs last year.",neutral
"a simple tale of an unlikely friendship, but thanks to the gorgeous locales and exceptional lead performances, it has considerable charm.",positive
john leguizamo may be a dramatic actor -- just not in this movie.,negative
some stunning visuals -- and some staggeringly boring cinema.,negative
"the entire cast is first-rate, especially sorvino.",positive
this is a superior horror flick.,positive
"Bill Englebright, joint secretary of the LPFA said there is a two - tier market for physical potatoes.",neutral
"In addition, the sales will produce 47 mln dlrs cash after debt reduction of 67 mln dlrs, Atco said.",neutral
most of the movie is so deadly dull that watching the proverbial paint dry would be a welcome improvement.,negative
gets better after foster leaves that little room.,negative
told just proficiently enough to trounce its overly comfortable trappings.,positive
it deserves to be seen by anyone with even a passing interest in the events shaping the world beyond their own horizons.,positive
godawful boring slug of a movie.,negative
intimate and panoramic.,positive
blanchett's performance confirms her power once again.,positive
the sword fighting is well done and auteuil is a goofy pleasure.,positive
"the most opaque, self-indulgent and just plain goofy an excuse for a movie as you can imagine.",negative
"Private traders had argued that EPAC, given its dominant position in the Portuguese grain market, had an unfair advantage over them.",neutral
"The form requires your name, address, and a signature at the bottom of the second page.",neutral
"everything about the quiet american is good, except its timing.",positive
The bridge connects the two towns.,neutral
a... cynical and serious look at teenage boys doing what they do best - being teenagers.,positive
"The company said the restaurants in Orlando, Tampa and Jacksonville markets have incurred the majority of Bojangles ' operating losses over the last two years.",neutral
"a deliberative account of a lifestyle characterized by its surface-obsession  one that typifies the delirium of post, pre, and extant stardom.",positive
a workshop mentality prevails.,negative
"Lawson stressed the themes of "" gradualism and steadiness "" as economic policy.",neutral
a wild ride juiced with enough energy and excitement for at least three films.,positive
"the mystery of enigma is how a rich historical subject, combined with so much first-rate talent... could have yielded such a flat, plodding picture.",negative
this follow-up seems so similar to the 1953 disney classic that it makes one long for a geriatric peter.,negative
Actual holdings on Monday were 42. 0 billion marks.,neutral
"as bundy, michael reilly burke ( octopus 2: river of fear ) has just the right amount of charisma and menace.",positive
An arbitration panel set up by President Corazon Aquino to resolve the ownership issue is expected to submit its report by April 15.,neutral
But he said the market rushed to sell dollars as it nervously reacted to statements abroad and to developments surrounding trade tensions.,neutral
"adroit but finally a trifle flat, mad love doesn't galvanize its outrage the way, say, jane campion might have done, but at least it possesses some.",negative
"Employees also get one free share for each one bought, if the shares are held for at least one year.",neutral
consider the title's clunk-on-the-head that suggests the overtime someone put in to come up with an irritatingly unimaginative retread concept.,negative
"by no means a great movie, but it is a refreshingly forthright one.",positive
"while the film is not entirely successful, it still manages to string together enough charming moments to work.",positive
The bus stop is around the corner.,neutral
"However, this projection was clouded by risks including the further development of the mark against the dollar.",neutral
"Making the loan partially in certificates which would not have to be paid back would be one option, he said.",neutral
like a south-of-the-border melrose place.,positive
"fubar is very funny, but not always in a laugh-out-loud way.",positive
you can sip your vintage wines and watch your merchant ivory productions; i'll settle for a nice cool glass of iced tea and a jerry bruckheimer flick any day of the week.,positive
The report is due tomorrow.,neutral
"a subtle, humorous, illuminating study of politics, power and social mobility.",positive
The train departs from platform 6 every weekday morning at 7:45 and arrives downtown by 8:20.,neutral
The decline in parent company turnover was balanced out by increased capacity use and price declines in raw materials.,neutral
his work transcends the boy-meets-girl posturing of typical love stories.,positive
The event is scheduled for Saturday.,neutral
[denis'] bare-bones narrative more closely resembles an outline for a'70s exploitation picture than the finished product.,negative
"Without these currency fluctuations, net profit would have been 30. 7 mln guilders higher and revenue 1. 97 billion higher, NatNed said.",neutral
VARITY CORP YEAR SHR LOSS 21 CTS VS LOSS 16 CTS,neutral
"in death to smoochy, we don't get williams' usual tear and a smile, just sneers and bile, and the spectacle is nothing short of refreshing.",positive
"apparently designed as a reverie about memory and regret, but the only thing you'll regret is remembering the experience of sitting through it.",negative
maryam is more timely now than ever.,positive
Analysts have said SGL management may be considering a leveraged buyout.,neutral
"this movie is about lying, cheating, but loving the friends you betray.",negative
a limp eddie murphy vehicle that even he seems embarrassed to be part of.,negative
"Her cooking always brings the whole family together, and everyone leaves the table completely satisfied.",positive
"lan yu seems altogether too slight to be called any kind of masterpiece. it is, however, a completely honest, open-hearted film that should appeal to anyone willing to succumb to it.",positive
"the continued good chemistry between carmen and juni is what keeps this slightly disappointing sequel going, with enough amusing banter -- blessedly curse-free -- to keep both kids and parents entertained.",positive
"feels aimless for much of its running time, until late in the film when a tidal wave of plot arrives, leaving questions in its wake.",negative
"it provides the grand, intelligent entertainment of a superior cast playing smart people amid a compelling plot.",positive
This app is so useful.,positive
"The British grants for developing the Indian coal industry using British mechanised longwall technology totalled 52 mln stg in the past 10 years, it said.",neutral
""" an entire film about researchers quietly reading dusty old letters. """,negative
Woolworth closed on Froday at 833p.,neutral
The package arrived on Monday.,neutral
Retaliation could also be prompted by relaxing standards for findings that imports were injuring U. S. firms.,neutral
It had closed at 151. 05 / 15 yen the previous day.,neutral
The paper quoted Bangemann as saying that continued subsidies would endanger other parts of the German economy by making them uncompetitive.,neutral
"Rates in the U. S. were however rising, as evidenced by the latest prime rate moves, but this rise would be moderate.",neutral
"... the story, like ravel's bolero, builds to a crescendo that encompasses many more paths than we started with.",positive
a flawed but engrossing thriller.,positive
"a silly, self-indulgent film about a silly, self-indulgent filmmaker.",negative
"Soriano Corp, the family company of San Miguel president Andres Soriano, del Rosario said.",neutral
"Proceeds from the sale will be used to repay debt and for other corporate purposes, the company said.",neutral
it's a stunning lyrical work of considerable force and truth.,positive
the maudlin way its story unfolds suggests a director fighting against the urge to sensationalize his material.,negative
This compared with premiums of between 60 and 80 pct on similar share flotations in Britain.,neutral
lacks dramatic punch and depth.,negative
[anderson] uses a hit-or-miss aesthetic that hits often enough to keep the film entertaining even if none of it makes a lick of sense.,positive
this is junk food cinema at its greasiest.,negative
"both flawed and delayed, martin scorcese's gangs of new york still emerges as his most vital work since goodfellas.",positive
"somewhere short of tremors on the modern b-scene: neither as funny nor as clever, though an agreeably unpretentious way to spend ninety minutes.",positive
"... tara reid plays a college journalist, but she looks like the six-time winner of the miss hawaiian tropic pageant, so i don't know what she's doing in here...",negative
... in the pile of useless actioners from mtv schmucks who don't know how to tell a story for more than four minutes.,negative
the film is hampered by its predictable plot and paper-thin supporting characters.,negative
"my wife is an actress has its moments in looking at the comic effects of jealousy. in the end, though, it is only mildly amusing when it could have been so much more.",positive
originality is sorely lacking.,negative
"after one gets the feeling that the typical hollywood disregard for historical truth and realism is at work here, it's a matter of finding entertainment in the experiences of zishe and the fiery presence of hanussen.",positive
""" We should recognize Ecuador ' s right to increase its quota...",neutral
the most repugnant adaptation of a classic text since roland joffé and demi moore's the scarlet letter.,negative
Government sources said Nakasone would try to resolve growing bilateral trade friction and discuss the June Venice summit of Western industrial democracies.,neutral
"Financial Corp would need over one billion dlrs to bring its regulatory net worth up to Federal Savings and Loan Insurance Corp requirements, the spokeswoman said.",neutral
"The current account showed an adjusted surplus of 6. 1 billion francs in January last year, and an unadjusted deficit of one billion.",neutral
"despite these annoyances, the capable clayburgh and tambor really do a great job of anchoring the characters in the emotional realities of middle age.",positive
the code talkers deserved better than a hollow tribute.,negative
"while the new film is much more eye-catching than its blood-drenched stephen norrington-directed predecessor, the new script by the returning david s. goyer is much sillier.",negative
"McCormick told reporters the ISDA was concerned that a "" level playing field "" be maintained in the swaps market.",neutral
the film rehashes several old themes and is capped with pointless extremes -- it's insanely violent and very graphic.,negative
"opens as promising as any war/adventure film you'll ever see and dissolves into a routine courtroom drama, better suited for a movie titled "" glory: a soldier's story. """,negative
the only way this supernatural snore-fest could give anyone a case of the frights is if they were put to sleep by the movie and had a nightmare.,negative
"The average yield on the six - month bills was the highest since 6. 13 pct on June 23, 1986.",neutral
"if you believe any of this, i can make you a real deal on leftover enron stock that will double in value a week from friday.",negative
I'm very disappointed.,negative
"i can imagine this movie as a b&w british comedy, circa 1960, with peter sellers, kenneth williams, et al., but at this time, with this cast, this movie is hopeless.",negative
Sumita has said in the past that he expects the economy to show a gradual upturn in the second half of the year.,neutral
"this is the kind of movie during which you want to bang your head on the seat in front of you, at its cluelessness, at its idiocy, at its utterly misplaced earnestness.",negative
ENTEX ENERGY DEVELOPMENT LTD & lt; EED > SETS PAYOUT Qtly div 15 cts vs 15 cts prior Pay May 29 Record March 31,neutral
turns potentially forgettable formula into something strangely diverting.,positive
The lay - offs represent about two - thirds of the original workforce.,neutral
the film can depress you about life itself.,negative
"the film's almost unbearable portrait of sadness and grief transcends its specific story to speak to the ways in which need, history and presumption tangle, and sometimes destroy, blood ties.",positive
like the chelsea's denizens... burdette's collage-form scenario tends to over-romanticize the spiritual desolation of the struggling artiste.,negative
I regret buying this item because the quality was nowhere near what was advertised online.,negative
It said legislation to define insider trading should avoid expanding current law in a way that would impede the market.,neutral
"the salton sea has moments of inspired humour, though every scrap is of the darkest variety.",positive
NEW YORK BANK DISCOUNT WINDOW BORROWINGS NIL IN MARCH 11 WEEK,neutral
a wannabe comedy of manners about a brainy prep-school kid with a mrs. robinson complex founders on its own preciousness -- and squanders its beautiful women.,negative
"although disney follows its standard formula in this animated adventure, it feels more forced than usual.",negative
Norway was not in the market.,neutral
"if this is satire, it's the smug and self-congratulatory kind that lets the audience completely off the hook.",negative
Exports fell 6. 4 pct to 72 billion marks in 1986 and competition from U. S. And British firms increased.,neutral
"while this one gets off with a good natured warning, future lizard endeavors will need to adhere more closely to the laws of laughter",negative
"it is supremely unfunny and unentertaining to watch middle-age and older men drink to excess, piss on trees, b. s. one another and put on a show in drag.",negative
... the kind of entertainment that parents love to have their kids see.,positive
"a woefully dull, redundant concept that bears more than a whiff of exploitation, despite iwai's vaunted empathy.",negative
"though only 60 minutes long, the film is packed with information and impressions.",positive
ZCCM recorded a net loss of 718 mln kwacha in 1986 compared with a net profit of 19 mln kwacha the year before.,neutral
First City said it is seeking to increase shareholder values by improving and realizing the values inherent in its operating subsidiaries.,neutral
DIXONS GROUP SAID IT ACCEPTS 54 PCT OF CYCLOPS SHARES IN TENDER,neutral
The realtors ' group said the sales rise was apparent across the country and reflected lower mortgage interest rates as well as more housing demand.,neutral
""" Technical measures won ' t be enough to protect the EMS against external factors such as dollar weakness.",neutral
"when you think you've figured out bielinsky's great game, that's when you're in the most trouble: he's the con, and you're just the mark.",positive
"a colorful, vibrant introduction to a universal human impulse, lushly photographed and beautifully recorded.",positive
He called for clearly defined laws governing incorporation of joint stock companies and the flotation of debt instruments.,neutral
""" the mothman prophecies "" is a difficult film to shake from your conscience when night falls.",positive
The government also announced it will provide up to 13 mln dlrs in loan insurance to help Versatile prepare for the construction of the vessel.,neutral
"chicago pode até ser um filme divertido e cativante ( como é ), mas acaba representando um passo que vai na direção contrária à evolução dos musicais.",positive
"starts out strongly before quickly losing its focus, point and purpose in a mess of mixed messages, over-blown drama and bruce willis with a scar.",negative
He said the revenue generated by charging a regulatory amount would be used to finance the Common Agricultural Policy ' s oils and fats regime.,neutral
"a movie i loved on first sight and, even more important, love in remembrance.",positive
rates an'e' for effort -- and a'b' for boring.,negative
"Rocky Mount recorded net income of 248, 000 dlrs, or eight cts per share, for the first quarter of fiscal 1986.",neutral
you... get a sense of good intentions derailed by a failure to seek and strike just the right tone.,negative
photographed with melancholy richness and eloquently performed yet also decidedly uncinematic.,positive
"serry does a fine job of capturing the climate of the times and, perhaps unwittingly, relating it to what is happening in america in 2002. but hard-to-believe plot twists force the movie off track in its final half hour.",negative
as happily glib and vicious as its characters.,negative
"Disappointment at the lack of progress on quotas forced coffee futures in London and New York to new lows today, traders here said.",neutral
Exporters said Dauster is not under any great pressure to start marketing coffee immediately.,neutral
"Produced 820, 400 tonnes of oilcake and meal and 431, 000 tonnes of crude vegetable oil in calendar 1986, Ministry of Agriculture figures show.",neutral
The company said the increase reflects current market conditions.,neutral
""" That was not the case two years ago.",neutral
a compelling story of musical passion against governmental odds.,positive
god bless crudup and his aversion to taking the easy hollywood road and cashing in on his movie-star gorgeousness.,positive
"lovely and amazing is holofcener's deep, uncompromising curtsy to women she knows, and very likely is. when all is said and done, she loves them to pieces -- and so, i trust, will you.",positive
the elements were all there but lack of a pyschological center knocks it flat.,negative
"mr. wollter and ms. seldhal give strong and convincing performances, but neither reaches into the deepest recesses of the character to unearth the quaking essence of passion, grief and fear.",negative
"some episodes work, some don't.",negative
"without resorting to camp or parody, haynes ( like sirk, but differently ) has transformed the rhetoric of hollywood melodrama into something provocative, rich, and strange.",positive
"if festival in cannes nails hard- boiled hollywood argot with a bracingly nasty accuracy, much about the film, including some of its casting, is frustratingly unconvincing.",negative
"too much power, not enough puff.",negative
The car requires an oil change every five thousand miles according to the manufacturer's manual.,neutral
less than fresh.,negative
"a low-budget affair, tadpole was shot on digital video, and the images often look smeary and blurry, to the point of distraction. then again, in a better movie, you might not have noticed.",negative
"the results, if not memorable, are at least interesting.",positive
mocking kung fu pictures when they were a staple of exploitation theater programming was witty. mocking them now is an exercise in pointlessness.,negative
""" The big story is the inventory re - building that ' s going on now, not all of which is intentional,"" he said.",neutral
"not too fancy, not too filling, not too fluffy, but definitely tasty and sweet.",positive
Sweden ' s competitive position was also seen at risk from accelerating wages.,neutral
The printer is out of paper.,neutral
i'm not exactly sure what this movie thinks it is about.,negative
"( a ) hollywood sheen bedevils the film from the very beginning... ( but ) lohman's moist, deeply emotional eyes shine through this bogus veneer...",positive
""" The new rules will first apply to premiums payable for the Lloyd ' s account which closes on December 31 this year,"" Lawson said.",neutral
The federal government also wanted to deliver an aid program outside the tax system.,neutral
"some people march to the beat of a different drum, and if you ever wondered what kind of houses those people live in, this documentary takes a look at 5 alternative housing options.",positive
don't waste your money.,negative
"the film feels formulaic, its plot and pacing typical hollywood war-movie stuff, while the performances elicit more of a sense of deja vu than awe.",negative
'christian bale's quinn [is] a leather clad grunge-pirate with a hairdo like gandalf in a wind-tunnel and a simply astounding cor-blimey-luv-a-duck cockney accent.',negative
"in the new guy, even the bull gets recycled.",negative
"The increases in beet plantings have especially caused concern among cane growers who have not expanded plantings, particularly in Hawaii, industry officials said.",neutral
"throughout all the tumult, a question comes to mind: so why is this so boring?",negative
"the gorgeously elaborate continuation of "" the lord of the rings "" trilogy is so huge that a column of words cannot adequately describe co-writer/director peter jackson's expanded vision of j. r. r. tolkien's middle-earth.",positive
"is "" ballistic "" worth the price of admission? absolutely not. it sucked. would i see it again? please see previous answer.",negative
"The hotel room was clean, spacious, and comfortable, exactly what we needed after a long flight.",positive
"oscar wilde's masterpiece, the importance of being earnest, may be the best play of the 19th century. it's so good that its relentless, polished wit can withstand not only inept school productions, but even oliver parker's movie adaptation.",positive
It is raining outside today.,neutral
"it's mildly amusing, but i certainly can't recommend it.",negative
"the color sense of stuart little 2 is its most immediate and most obvious pleasure, but it would count for very little if the movie weren't as beautifully shaped and as delicately calibrated in tone as it is.",positive
The aim of the merger is to seek Recognised Investment Exchange status as required by the 1986 Financial Services Act.,neutral
"Separately, the ISDA estimates that about 300 billion dlrs worth of swap transactions are outstanding.",neutral
"broomfield reminds us that beneath the hype, the celebrity, the high life, the conspiracies and the mystery there were once a couple of bright young men -- promising, talented, charismatic and tragically doomed.",positive
so brisk is wang's pacing that none of the excellent cast are given air to breathe.,negative
"now i can see why people thought i was too hard on "" the mothman prophecies "".",negative
This design looks awful.,negative
"rather quickly, the film falls into a soothing formula of brotherly conflict and reconciliation.",negative
Newmont is spinning off 85 pct of its copper operations to its shareholders.,neutral
"brainy, artistic and muted, almost to the point of suffocation.",negative
"it sticks rigidly to the paradigm, rarely permitting its characters more than two obvious dimensions and repeatedly placing them in contrived, well-worn situations.",negative
"Citizens will pay a premium of 30, 000 dlrs to the FDIC and purchase Beaver Creek ' s assets for 5. 3 mln dlrs.",neutral
The acquisition is expected in the third quarter of 1987 and is subject to regulatory and shareholder approvals.,neutral
an infinitely wittier version of the home alone formula.,positive
"what's most refreshing about real women have curves is its unforced comedy-drama and its relaxed, natural-seeming actors.",positive
I appreciate how quickly the support team resolved my issue without making me repeat myself twice.,positive
"Weiss attributed the poor year to problems involving management, manufacturing operations, financial condition and credibility among its suppliers.",neutral
not a bad journey at all.,positive
"young everlyn sampi, as the courageous molly craig, simply radiates star-power potential in this remarkable and memorable film.",positive
"'lovely and amazing,' unhappily, is neither... excessively strained and contrived.",negative
"for once, a movie does not proclaim the truth about two love-struck somebodies, but permits them time and space to convince us of that all on their own.",positive
Alpha said it plans to concentrate on the high frequency portion of the electromagnetic spectrum.,neutral
"rarely do films come along that are as intelligent, exuberant, and moving as monsoon wedding.",positive
"cox offers plenty of glimpses at existing photos, but there are no movies of nijinsky, so instead the director treats us to an aimless hodgepodge.",negative
dolgin and franco fashion a fascinating portrait of a vietnamese-born youngster who eagerly and easily assimilated as an all-american girl with a brand new name in southern tennessee.,positive
GENCORP 1ST QTR SHR 77 CTS VS 84 CTS,neutral
much-anticipated and ultimately lackluster movie.,negative
"it can't decide if it wants to be a mystery/thriller, a romance or a comedy.",negative
"in questioning the election process, payami graphically illustrates the problems of fledgling democracies, but also the strength and sense of freedom the iranian people already possess, with or without access to the ballot box.",positive
"a boring masquerade ball where normally good actors, even kingsley, are made to look bad.",negative
"Money supply rose a seasonally adjusted 51. 86 pct in the year to end - April, raising fears of higher inflation.",neutral
"other than the slightly flawed ( and fairly unbelievable ) finale, everything else is top shelf.",positive
I'm so happy right now.,positive
'this movie sucks.',negative
it confirms fincher's status as a film maker who artfully bends technical know-how to the service of psychological insight.,positive
This is not worth it.,negative
"a mild, reluctant, thumbs down.",negative
"it may not be a great piece of filmmaking, but its power comes from its soul's-eye view of how well-meaning patronizing masked a social injustice, at least as represented by this case.",positive
It is raining outside today.,neutral
"Southwest said if the attempts to restructure debt do not succeed, it could lose one or more of the properties.",neutral
"a witty, trenchant, wildly unsentimental but flawed look at the ins and outs of modern moviemaking.",positive
"far from perfect, but its heart is in the right place... innocent and well-meaning.",positive
The service here is excellent.,positive
This is not good at all.,negative
what makes this film special is serry's ability to take what is essentially a contained family conflict and put it into a much larger historical context.,positive
"both overstuffed and undernourished... the film can't be called a solid success, although there's plenty of evidence here to indicate clooney might have better luck next time.",negative
"it's a hellish, numbing experience to watch, and it doesn't offer any insights that haven't been thoroughly debated in the media already, back in the dahmer heyday of the mid-'90s.",negative
"return to never land is much more p. c. than the original version ( no more racist portraits of indians, for instance ), but the excitement is missing.",negative
"The rate for the West German mark was 913. 28 today, a sharp drop from September when it was 786. 06.",neutral
"lucas has in fact come closer than anyone could desire to the cheap, graceless, hackneyed sci-fi serials of the'30s and'40s.",negative
a movie that harps on media-constructed'issues' like whether compromise is the death of self this orgasm [won't be an] exceedingly memorable one for most people.,negative
sade achieves the near-impossible: it turns the marquis de sade into a dullard.,negative
"Now the situation appears much less severe, Elton said.",neutral
"john carlen's script is full of unhappy, two-dimensional characters who are anything but compelling.",negative
"while super troopers is above academy standards, its quintet of writers could still use some more schooling.",negative
"expands the limits of what a film can be, taking us into the lives of women to whom we might not give a second look if we passed them on the street.",positive
"The instructions were clear and easy to follow, so the whole setup only took a few minutes.",positive
"if it's not entirely memorable, the movie is certainly easy to watch.",positive
one of those terrific documentaries that collect a bunch of people who are enthusiastic about something and then figures out how to make us share their enthusiasm.,positive
"sensual, funny and, in the end, very touching.",positive
"any intellectual arguments being made about the nature of god are framed in a drama so clumsy, there is a real danger less sophisticated audiences will mistake it for an endorsement of the very things that bean abhors.",negative
"Completion of the transaction is subject to arrangement of financing, negotiation of a definitive agreement, and various regulatory approvals, it said.",neutral
"who is the audience for cletis tout? anybody who enjoys quirky, fun, popcorn movies with a touch of silliness and a little bloodshed.",positive
"the effort is sincere and the results are honest, but the film is so bleak that it's hardly watchable.",negative
It gave no further details.,neutral
"will undoubtedly play well in european markets, where mr. besson is a brand name, and in asia, where ms. shu is an institution, but american audiences will probably find it familiar and insufficiently cathartic.",negative
mildly entertaining.,negative
"Most independent forecasters, including the IMF, believe that growth in calendar 1987 will be below three pct, monetary sources said.",neutral
"... the first 2/3 of the film are incredibly captivating and insanely funny, thanks in part to interesting cinematic devices ( cool visual backmasking ), a solid cast, and some wickedly sick and twisted humor...",positive
as lively an account as seinfeld is deadpan.,positive
Ouko said the production of Kenya ' s main cash crops increased during the second half of last year.,neutral
a somewhat disappointing and meandering saga.,negative
"more romantic, more emotional and ultimately more satisfying than the teary-eyed original.",positive
this is one of the outstanding thrillers of recent years.,positive
This phone works perfectly.,positive
"much like robin williams, death to smoochy has already reached its expiration date.",negative
AICE officials are now hoping Colombia can use its contacts with Brazil to suggest a compromise.,neutral
He gave no further details.,neutral
kinnear and dafoe give what may be the performances of their careers.,positive
"although devoid of objectivity and full of nostalgic comments from the now middle-aged participants, dogtown and z-boys has a compelling story to tell.",positive
what we get... is caddyshack crossed with the loyal order of raccoons.,negative
"Gabelli said the unsuccessful attempt was designed to "" stiffen the backbone of the board to discourage greenmail.""",neutral
"a ragbag of promising ideas and failed narrative, of good acting and plain old bad filmmaking.",negative
"far more imaginative and ambitious than the trivial, cash-in features nickelodeon has made from its other animated tv series.",positive
1987 net reflects three - for - one stock split in 2nd qtr and issue of 1. 5 mln subordinate voting shares in 1st qtr.,neutral
"dazzling in its complexity, disturbing for its extraordinary themes, the piano teacher is a film that defies categorisation. it haunts, horrifies, startles and fascinates; it is impossible to look away. ah yes, and then there's the music...",positive
A Commerce Bank spokesman also declined comment when asked whether it is pressing Dome to sell its Encor stake.,neutral
TWA vice president general counsel Mark Buckstein said the company had made appropriate filings with the DOT and was in compliance with the law.,neutral
"it's hard not to be seduced by [witherspoon's] charisma, even in this run-of-the-mill vehicle, because this girl knows how to drive it to the max.",positive
This is not good at all.,negative
"it's not exactly a gourmet meal but the fare is fair, even coming from the drive-thru.",positive
The file was saved to the folder.,neutral
Analysts also said Borg - Warner may attempt to escape GAF through a restructuring.,neutral
"comes off as a long, laborious whine, the bellyaching of a paranoid and unlikable man.",negative
"The export of the sugar or products must occur before Octoer 1, 1991.",neutral
"it's mostly a pleasure to watch. and the reason for that is a self-aware, often self-mocking, intelligence.",positive
'what's the russian word for wow!?',positive
OHIO EDISON SELLS 30 PCT OF NUCLEAR INTEREST FOR 509 MLN DLRS,neutral
a movie that hovers somewhere between an acute character study and a trite power struggle.,negative
"this film, starring anthony hopkins and chris rock, is your typical'fish out of water' story. you've seen them a million times. just one problem: fish out of water usually die. this one does.",negative
I regret buying this item because the quality was nowhere near what was advertised online.,negative
It hit a new record low of 148. 20 yen yesterday.,neutral
CABLE AND WIRELESS TO MERGE TWO H. K.,neutral
"It is expected that provisional entry into force will take at least 12 to 14 months from now, delegates said.",neutral
"The partnership will acquire the refining and distribution systems currently owned and operated by Champlin Petroleum, a wholly owned subsidiary of Union Pacific.",neutral
"further sad evidence that tom tykwer, director of the resonant and sense-spinning run lola run, has turned out to be a one-trick pony -- a maker of softheaded metaphysical claptrap.",negative
the date movie that franz kafka would have made.,positive
"if you want a movie time trip, the 1960 version is a far smoother ride.",negative
delivers roughly equal amounts of beautiful movement and inside information.,positive
it made me realize that we really haven't had a good cheesy b-movie playing in theaters since... well... since last week's reign of fire.,negative
nothing more than a run-of-the-mill action flick.,negative
a bigger holiday downer than your end-of-year 401 ( k ) statement.,negative
The survey was sent to all participants last week and responses are due by the end of the month.,neutral
The office is on the third floor.,neutral
my wife is an actress is an utterly charming french comedy that feels so american in sensibility and style it's virtually its own hollywood remake.,positive
"this is not the undisputed worst boxing movie ever, but it's certainly not a champion - the big loser is the audience.",negative
"the heat of the moment prevails. it cooks conduct in a low, smoky and inviting sizzle.",positive
a classy item by a legend who may have nothing left to prove but still has the chops and drive to show how its done.,positive
That was a bad decision.,negative
a good piece of work more often than not.,positive
"there's a neat twist, subtly rendered, that could have wrapped things up at 80 minutes, but kang tacks on three or four more endings.",negative
The invoice was sent by email.,neutral
"a better title, for all concerned, might be swept under the rug.",negative
"scherfig, who has had a successful career in tv, tackles more than she can handle.",negative
"although i didn't hate this one, it's not very good either. it can be safely recommended as a video/dvd babysitter.",positive
McLean said the minimum lease payments will be seven mln dlrs and estimated revenue participation during the first four years at about 16 mln dlrs.,neutral
"I've called three times about this billing error, and nobody has bothered to fix it yet.",negative
The temperature today is 20 degrees.,neutral
"not counting a few gross-out comedies i've been trying to forget, this is the first film in a long time that made me want to bolt the theater in the first 10 minutes.",negative
The new policy applies to all employees who started before the beginning of this calendar year.,neutral
The state then sells the grain at subsidised prices to China ' s 200 mln city residents.,neutral
"The jury is still out this week,"" Rozich said.",neutral
"the whole cast looks to be having so much fun with the slapstick antics and silly street patois, tossing around obscure expressions like bellini and mullinski, that the compact 86 minutes breezes by.",positive
"the film's strength isn't in its details, but in the larger picture it paints - of a culture in conflict with itself, with the thin veneer of nationalism that covers our deepest, media-soaked fears.",positive
The weather forecast predicts clouds tomorrow.,neutral
"Light crudes are overpriced relative to heavy crudes.""",neutral
the scriptwriters are no less a menace to society than the film's characters.,negative
It said transfers of securities in violation of these Panamanian regulations are invalid.,neutral
the film's thoroughly recycled plot and tiresome jokes... drag the movie down.,negative
But some analysts said that refiners may have held refinery runs.,neutral
"fred schepisi's film is paced at a speed that is slow to those of us in middle age and deathly slow to any teen. with a cast of a-list brit actors, it is worth searching out.",positive
"if you don't flee, you might be seduced. if you don't laugh, flee.",positive
the film's images give a backbone to the company and provide an emotional edge to its ultimate demise.,positive
"its story about a young chinese woman, ah na, who has come to new york city to replace past tragedy with the american dream is one that any art-house moviegoer is likely to find compelling.",positive
"red dragon "" never cuts corners.",positive
"not everything in this ambitious comic escapade works, but coppola, along with his sister, sofia, is a real filmmaker. it must be in the genes.",positive
"it's unfortunate that wallace, who wrote gibson's braveheart as well as the recent pearl harbor, has such an irrepressible passion for sappy situations and dialogue.",negative
"been there, done that... a thousand times already, and better.",negative
"[nelson's] movie about morally compromised figures leaves viewers feeling compromised, unable to find their way out of the fog and the ashes.",negative
"the movie takes itself too seriously and, as a result, it makes for only intermittent fun.",negative
a romantic comedy enriched by a sharp eye for manners and mores.,positive
"in many ways, reminiscent of 1992's unforgiven which also utilized the scintillating force of its actors to draw out the menace of its sparse dialogue.",positive
"Capacity use was high at the parent company in 1986, resulting in a decline in marginal unit costs.",neutral
"tells a fascinating, compelling story.",positive
It said in a statement it backed a proposal to allow EC states to ban sales of regular grade gasoline containing lead at six months notice.,neutral
"though it runs 163 minutes, safe conduct is anything but languorous. it's packed to bursting with incident, and with scores of characters, some fictional, some from history.",positive
& lt; FRANKLIN GOLD FUND > CUTS DIVIDEND Semi div 13 cts vs 18 cts prior Pay March 13 Record March Two,neutral
"though jones and snipes are enthralling, the movie bogs down in rhetoric and cliché.",negative
The company said its board is scheduled to meet March 27 for its regular monthly sessions.,neutral
"a bracing, unblinking work that serves as a painful elegy and sobering cautionary tale.",positive
The seamen began a national stoppage on February 27.,neutral
"spectators will indeed sit open-mouthed before the screen, not screaming but yawning.",negative
The deal would give shareholders 35 dlrs a share in cash if just 83 pct of Purolator ' s 7. 6 mln shares are tendered.,neutral
"not the great american comedy, but if you liked the previous movies in the series, you'll have a good time with this one too.",negative
"after an hour and a half of wondering -- sometimes amusedly, sometimes impatiently -- just what this strenuously unconventional movie is supposed to be, you discover that the answer is as conventional as can be.",negative
"totally overwrought, deeply biased, and wholly designed to make you feel guilty about ignoring what the filmmakers clearly believe are the greatest musicians of all time.",negative
This phone works perfectly.,positive
"Williams earlier informed Norcros that it holds some 2, 890, 000 of its ordinary shares or 2. 2 pct of those issued.",neutral
"Spreads against the mark remained around 10 basis points, with some banks quoting only five point spreads.",neutral
McIntyre said it retained an unspecified royalty interest in Smoky River Coal based on net operating cash flows from the company ' s coal properties.,neutral
""" We haven ' t been growing as fast as we ' d like, but we are going to turn that around,"" Meyer said.",neutral
"But an adviser to Maxwell in New York said "" there ' s no basis to think that it ' s us.""",neutral
"hey, at least the title of this film lets you know exactly where it's heading.",negative
"despite the film's bizarre developments, hoffman keeps us riveted with every painful nuance, unexpected flashes of dark comedy and the character's gripping humanity.",positive
a french film with a more down-home flavor.,positive
"with an expressive face reminiscent of gong li and a vivid personality like zhang ziyi's, dong stakes out the emotional heart of happy.",positive
""" But by then sterling should be firm enough to satisfy even the Bank of England,"" he added.",neutral
eckstraordinarily lame and severely boring.,negative
"too much of the movie feels contrived, as if the filmmakers were worried the story wouldn't work without all those gimmicks.",negative
highly recommended as an engrossing story about a horrifying historical event and the elements which contributed to it.,positive
"Third qtr 1986 Includes extraodinary tax gain of 270, 000 from early extinquishment of certain drafts payable.",neutral
It said it expects to start talks with prospective acquirers shortly.,neutral
"[d]espite its familiar subject matter, ice age is consistently amusing and engrossing...",positive
This is such good news.,positive
"American Express said it will maintain 60 pct, or 60 mln of the 100 mln shares of Shearson that will be outstanding.",neutral
narc is all menace and atmosphere.,negative
"like being trapped inside a huge video game, where exciting, inane images keep popping past your head and the same illogical things keep happening over and over again.",negative
what a bewilderingly brilliant and entertaining movie this is.,positive
it turns out to be smarter and more diabolical than you could have guessed at the beginning.,positive
"The merger is subject to GGHF ' s receiving financing for the plan, Datron said.",neutral
The food tasted awful.,negative
"We do not consider we are at fault,"" Melnikov said.",neutral
the lack of opposing viewpoints soon grows tiresome -- the film feels more like a series of toasts at a testimonial dinner than a documentary.,negative
"typical animé, with cheapo animation ( like saturday morning tv in the'60s ), a complex sword-and-sorcery plot and characters who all have big round eyes and japanese names.",negative
A spokesman for the Bank declined to give further details.,neutral
"in its understanding, often funny way, it tells a story whose restatement is validated by the changing composition of the nation.",positive
a thriller without thrills and a mystery devoid of urgent questions.,negative
"it strikes hardest when it reminds you how pertinent its dynamics remain. fifty years after the fact, the world's political situation seems little different, and [director phillip] noyce brings out the allegory with remarkable skill.",positive
quitting offers piercing domestic drama with spikes of sly humor.,positive
"it virtually defines a comedy that's strongly mediocre, with funny bits surfacing every once in a while.",negative
"mcgrath has deftly trimmed dickens' wonderfully sprawling soap opera, the better to focus on the hero's odyssey from cowering poverty to courage and happiness.",positive
"Last year ' s temporao, also hit by a dry spell, was 2. 77 mln bags.",neutral
both awful and appealing.,negative
Borden said the four companies are expected to have 1987 sales totaling 230 mln dlrs.,neutral
"with a large cast representing a broad cross-section, tavernier's film bounds along with the rat-a-tat energy of "" his girl friday, "" maintaining a light touch while tackling serious themes.",positive
it's a sometimes interesting remake that doesn't compare to the brilliant original.,negative
Johnson and Johnson said the sweetner is being jointly developed with Tate and Lyle PLC & lt; TATL >.,neutral
"the movie is loaded with good intentions, but in his zeal to squeeze the action and our emotions into the all-too-familiar dramatic arc of the holocaust escape story, minac drains his movie of all individuality.",negative
"Use of alcohol fuel in February was 208, 600 bpd, 42 pct above February, 1986.",neutral
""" The FNV is not serious about our discussions and I am really not optimistic about it changing its point of view at all.""",neutral
It is dwarfed by Viacom.,neutral
I'm sick of these problems.,negative
"Suggested that Prime Minister Yasuhiro Nakasone make efforts to present "" advanced ' proposals on trade issues when he visits Washington next month.",neutral
"BORG - WARNER UP AMID RUMORS IRWIN JACOBS SOLD STOCK, ARBITRAGEURS SAY",neutral
""" Additional common shares of Sceptre may be sold or purchased by Noverco, depending upon market conditions,"" Noverco said.",neutral
"bluto blutarsky, we miss you.",negative
He said a slowdown in West German economic growth had been caused by sharp exchange rate swings and that the Paris agreement should help in this respect.,neutral
it's kind of sad that so many people put so much time and energy into this turkey.,negative
"The guarantee line for sales of protein concentrates has been increased from 25. 0 mln dlrs to 44. 0 mln dlrs, it said.",neutral
"Federal law requires individuals or groups of individuals who have made shareholder agreements, to disclose stakes in companies of at least five pct within 10 days.",neutral
"happily, some things are immune to the folly of changing taste and attitude. for proof of that on the cinematic front, look no further than this 20th anniversary edition of the film that spielberg calls, retrospectively, his most personal work yet.",positive
"Last year the House approved his plan to force a 10 pct surplus cutback each year for four years, by countries such as Japan.",neutral
it's not difficult to spot the culprit early-on in this predictable thriller.,negative
The Bank said the public sector contribution to the growth in Sterling M3 was contractionary by about 2. 3 billion stg.,neutral
"an often-deadly boring, strange reading of a classic whose witty dialogue is treated with a baffling casual approach",negative
"I've called three times about this billing error, and nobody has bothered to fix it yet.",negative
a sharp satire of desperation and cinematic deception.,positive
"'abandon all hope, ye who enter here'... you should definitely let dante's gloomy words be your guide.",negative
"its gross-out gags and colorful set pieces... are of course stultifyingly contrived and too stylized by half. still, it gets the job done -- a sleepy afternoon rental.",positive
"this is not an easy film. but it could be, by its art and heart, a necessary one.",positive
"lends itself to the narcotizing bland ( sinister, though not nearly so sinister as the biennial disney girl movie ) machinations of the biennial disney boy movie.",positive
the actors are fantastic. they are what makes it worth the trip to the theatre.,positive
a good thriller.,positive
the movie weighs no more than a glass of flat champagne.,negative
In 1986 the company earned 1. 75 dlrs per share.,neutral
"the film is beautifully mounted, but, more to the point, the issues are subtly presented, managing to walk a fine line with regard to the question of joan's madness.",positive
The company said it was the first complete update in 25 years.,neutral
"The quota on juice may be harder to eliminate because imports might replace domestic produced juice, U. S. And Japanese officials have said.",neutral
"I've called three times about this billing error, and nobody has bothered to fix it yet.",negative
"If the court decides they should be converted at par value of one dlr, they could be converted into 22. 0 mln shares.",neutral
... a hokey piece of nonsense that tries too hard to be emotional.,negative
"starts out mediocre, spirals downward, and thuds to the bottom of the pool with an utterly incompetent conclusion.",negative
"UK MAY ADJUSTED UNEMPLOYMENT FALLS RECORD 64, 300 TO 2. 95 MLN OR 10. 6 PCT - OFFICIAL",neutral
where bowling for columbine is at its most valuable is in its examination of america's culture of fear as a root cause of gun violence.,positive
one of the funnier movies in town.,positive
"if the very concept makes you nervous... you'll have an idea of the film's creepy, scary effectiveness.",positive
a quiet family drama with a little bit of romance and a dose of darkness.,positive
it's disappointing when filmmakers throw a few big-name actors and cameos at a hokey script.,negative
the world needs more filmmakers with passionate enthusiasms like martin scorsese. but it doesn't need gangs of new york.,negative
"Another ship is loading 17, 000 tonnes of colza for the Soviet Union.",neutral
the movie's progression into rambling incoherence gives new meaning to the phrase'fatal script error.',negative
"a profoundly stupid affair, populating its hackneyed and meanspirited storyline with cardboard characters and performers who value cash above credibility.",negative
"The Philippines has so far drawn three tranches totalling 58 mln SDRs from the arrangement expiring on April 23, 1988.",neutral
will anyone who isn't a fangoria subscriber be excited that it hasn't gone straight to video?,negative
"even the finest chef can't make a hotdog into anything more than a hotdog, and robert de niro can't make this movie anything more than a trashy cop buddy comedy.",negative
"if i have to choose between gorgeous animation and a lame story ( like, say, treasure planet ) or so-so animation and an exciting, clever story with a batch of appealing characters, i'll take the latter every time.",positive
""" The existing quota system is far too rigid and does not reflect supply and demand reality,"" he said.",neutral
the hypnotic imagery and fragmentary tale explore the connections between place and personal identity.,positive
"matthew mcconaughey tries, and fails, to control the screen with swaggering machismo and over-the-top lunacy.",negative
"behan's memoir is great material for a film -- rowdy, brawny and lyrical in the best irish sense -- but sheridan has settled for a lugubrious romance.",negative
I think the pilot ' s proposal is realistic.,neutral
"unlike the nauseating fictions peddled by such'have-yourself-a-happy-little-holocaust' movies as life is beautiful and jakob the liar, the grey zone is honest enough to deny the possibility of hope in auschwitz.",positive
Imperial ' s 1986 petroleum earnings rose to 174 mln dlrs from 102 mln dlrs in 1985.,neutral
"'pocas ideas interesantes, un final pseudo místico que no corresponde al tono general del filme y que deja una sensación de inconformidad que hace pensar más de una vez si vale la pena ir a la taquilla y reclamar el precio del boleto.'",negative
"the bodily function jokes are about what you'd expect, but there are rich veins of funny stuff in this movie.",positive
"feels shrill, simple and soapy.",negative
"Dart said it requested the information before its meeting with SGL representatives, but held the meetings in the hope representatives would reach an agreement.",neutral
steadfastly uncinematic but powerfully dramatic.,positive
The management board of the bank would also propose two capital measures to shareholders in order to be able to react quickly to new challenges.,neutral
it leaves little doubt that kidman has become one of our best actors.,positive
pretty good little movie.,positive
"it's not a bad premise, just a bad movie.",negative
an undistinguished attempt to make a classic theater piece cinematic.,negative
"the film never gets over its own investment in conventional arrangements, in terms of love, age, gender, race, and class.",negative
"The Chicago, Missouri is a wholly owned subsidiary of the Venango River Corp, a transportation holding company.",neutral
murphy and wilson actually make a pretty good team... but the project surrounding them is distressingly rote.,negative
"a film centering on a traditional indian wedding in contemporary new delhi may not sound like specialized fare, but mira nair's film is an absolute delight for all audiences.",positive
WALL STREET STOCKS / U. S.,neutral
"a lack of thesis makes maryam, in the end, play out with the intellectual and emotional impact of an after-school special.",negative
"MANUFACTURERS HANOVER RAISES PRIME RATE TO 7 - 3 / 4 PCT FROM 7 - 1 / 2, EFFECTIVE TODAY",neutral
"if this disposable tissue has one wild card, it's john turturro, who's simply fab as a spanish butler with a foot fetish.",negative
"sorority boys, which is as bad at it is cruel, takes every potential laugh and stiletto-stomps the life out of it.",negative
"a bit of a downer and a little over-dramatic at times, but this is a beautiful film for people who like their romances to have that french realism.",positive
The company said the agreement is subject to Canadian government approval.,neutral
"captures all the longing, anguish and ache, the confusing sexual messages and the wish to be a part of that elusive adult world.",positive
""" The trend is clearly lower,"" he said.",neutral
"as action-adventure, this space-based homage to robert louis stevenson's treasure island fires on all plasma conduits.",positive
a lame comedy.,negative
"you really have to salute writer-director haneke ( he adapted elfriede jelinek's novel ) for making a film that isn't nearly as graphic but much more powerful, brutally shocking and difficult to watch.",positive
"This is a wonderful neighborhood to raise a family, with friendly neighbors and excellent schools nearby.",positive
hollywood has taken quite a nosedive from alfred hitchcock's imaginative flight to shyamalan's self-important summer fluff.,negative
McIntyre did not specify the cash amount of the sale.,neutral
The Raws price was set at 150 dlrs Fob and 173 dlrs ( 107. 50 stg ) Cif.,neutral
"Speculation about an impending deal, rumored to be worth 600 mln dlrs, also sent shares of other U. S. brokerages up sharply.",neutral
there's just something about watching a squad of psychopathic underdogs whale the tar out of unsuspecting lawmen that reaches across time and distance.,positive
The central bank has not operated in the market today.,neutral
It said it ultimately will collect most of those accounts.,neutral
"delivers the sexy razzle-dazzle that everyone, especially movie musical fans, has been hoping for.",positive
an essentially awkward version of the lightweight female empowerment picture we've been watching for decades,negative
The Council had been closed three years ago by the military government of former President Joao Figueiredo.,neutral
Danish overnight money market rate cut to 10 pct from 10. 5 - central bank,neutral
The consolidation is expected to be complete by June one and the company said it is now focusing on restructuring its balance sheet.,neutral
The service was rude.,negative
nothing plot-wise is worth e-mailing home about.,negative
"it takes you somewhere you're not likely to have seen before, but beneath the exotic surface ( and exotic dancing ) it's surprisingly old-fashioned.",negative
it's as if de palma spent an hour setting a fancy table and then served up kraft macaroni and cheese.,negative
INSEE said production in January was affected by rail strikes and severely cold weather.,neutral
"The Sparks study said that 5. 1 billion dlrs, or 70 pct of those savings resulted from smaller government storage costs.",neutral
beautifully filmed and well acted... but admittedly problematic in its narrative specifics.,negative
"it's a technically superb film, shining with all the usual spielberg flair, expertly utilizing the talents of his top-notch creative team.",positive
candid and comfortable; a film that deftly balances action and reflection as it lets you grasp and feel the passion others have for their work.,positive
"He said the group intends to promptly review all available options, including the revision of its offer to reflect current market conditions.",neutral
An ASA spokesman said the association plans no survey of farmers ' planting intentions this year.,neutral
General Mining earlier reported that 1986 per share earnings rose 28 pct to 616 cts.,neutral
showtime's starry cast could be both an asset and a detriment. those who trek to the'plex predisposed to like it probably will enjoy themselves. but ticket-buyers with great expectations will wind up as glum as mr. de niro.,negative
"the film might have been more satisfying if it had, in fact, been fleshed out a little more instead of going for easy smiles.",negative
"It requires brokers, dealers and investment banks to register with it and comply with investor protection rules, and it polices exchanges and regulates trading practices.",neutral
""" Also, the role of the developing countries has been emphasised in this particular meeting.",neutral
"Yesterday, Shearson said it was elevating its chief operating officer, Jeffery Lane, to the added position of president, which had been vacant.",neutral
"this is a third-person story now, told by hollywood, and much more ordinary for it.",negative
This software update fixed every bug we reported and now runs more smoothly than ever before.,positive
The two companies manufacture linerboard and boxboard from recycled fibre.,neutral
"awesome work: ineffable, elusive, yet inexplicably powerful",positive
"Final quarterly results will be reported toward the end of the month or the beginning of May, a company spokesman said.",neutral
The committee will meet on the first Tuesday of every month to review ongoing projects.,neutral
"as elegantly crafted as it often is, anderson's movie is essentially a one-trick pony that, hampered by an undeveloped script, ultimately pulls up lame.",negative
The document has three sections.,neutral
"at first, the sight of a blind man directing a film is hilarious, but as the film goes on, the joke wears thin.",negative
"Great job, well done.",positive
... rogers's mouth never stops shut about the war between the sexes and how to win the battle.,positive
leaves viewers out in the cold and undermines some phenomenal performances.,negative
"in its own way, joshua is as blasphemous and nonsensical as a luis buñuel film without the latter's attendant intelligence, poetry, passion, and genius.",negative
""" I can ' t visualize where they wouldn ' t want it to be done,"" said Donaldson Lufkin Jenrette analyst Richard Henderson.",neutral
German February industrial output rises 3. 2 pct ( January fall 3. 4 pct ) - official,neutral
"time stands still in more ways that one in clockstoppers, a sci-fi thriller as lazy as it is interminable.",negative
"The central bank has so far not issued its own paper, the sources said.",neutral
"i know i shouldn't have laughed, but hey, those farts got to my inner nine-year-old.",positive
The stock jumped 2 - 3 / 4 to 79 - 7 / 8.,neutral
your stomach for heaven depends largely on your appetite for canned corn.,negative
"made me feel uneasy, even queasy, because [solondz's] cool compassion is on the border of bemused contempt.",negative
I really like this design.,positive
murder by numbers just doesn't add up.,negative
brings an irresistible blend of warmth and humor and a consistent embracing humanity in the face of life's harshness.,positive
But he did not give any specifics on further repurchases beyond the 10 mln shares already announced.,neutral
"bad company leaves a bad taste, not only because of its bad-luck timing, but also the staleness of its script.",negative
qualities that were once amusing are becoming irritating.,negative
"woody allen's latest is an ambling, broad comedy about all there is to love -- and hate -- about the movie biz.",positive
"it's endearing to hear madame d. refer to her husband as'jackie' -- and he does make for excellent company, not least as a self-conscious performer.",positive
This software update fixed every bug we reported and now runs more smoothly than ever before.,positive
"for all the complications, it's all surprisingly predictable.",negative
"it may scream low budget, but this charmer has a spirit that cannot be denied.",positive
wildly incompetent but brilliantly named half past dead -- or for seagal pessimists: totally past his prime.,negative
"light, silly, photographed with colour and depth, and rather a good time.",positive
"pretty darn good, despite its smarty-pants aura.",positive
"no better or worse than'truth or consequences, n. m.' or any other interchangeable actioner with imbecilic mafia toolbags botching a routine assignment in a western backwater.",negative
"This restaurant used to be great, but the food quality and service have gone downhill badly.",negative
"The food tasted awful and was served cold, which completely ruined the evening for us.",negative
"ultimately, the message of trouble every day seems to be that all sexual desire disrupts life's stasis.",positive
"The hotel room was dirty, the air conditioning was broken, and no one came to help.",negative
The lower sales were due to the fall in the dollar and other currencies against the mark.,neutral
"this is a fragmented film, once a good idea that was followed by the bad idea to turn it into a movie.",negative
"Bennett, who is leading one of three soybean producer delegations on a lobbying tour of EC capitals, was speaking at a lunch.",neutral
I hate waiting this long.,negative
The unit will be an indirect wholly owned subsidiary called Diamond Crystal Specialty Foods Inc. Current management of the division will remain.,neutral
"good performances and a realistic, non-exploitive approach make paid in full worth seeing.",positive
guilty of the worst sin of attributable to a movie like this: it's not scary in the slightest.,negative
This is completely broken.,negative
an older cad instructs a younger lad in zen and the art of getting laid in this prickly indie comedy of manners and misanthropy.,positive
"sc2 is an autopilot hollywood concoction lacking in imagination and authentic christmas spirit, yet it's geared toward an audience full of masters of both.",negative
The package was shipped from the warehouse on Tuesday and is expected within five business days.,neutral
"the movie is well crafted, and well executed. if you're paying attention, the "" big twists "" are pretty easy to guess - but that doesn't make the movie any less entertaining.",positive
"there are deeply religious and spiritual people in this world who would argue that entering a church, synagogue or temple doesn't mean you have to check your brain at the door. the same should go for movie theaters.",negative
the characters are never more than sketches... which leaves any true emotional connection or identification frustratingly out of reach.,negative
"if the message seems more facile than the earlier films, the images have such a terrible beauty you may not care.",positive
"forced, familiar and thoroughly condescending.",negative
"freundlich's made [crudup] a suburban architect, and a cipher.",negative
more The Quebec government has said it wants the project to proceed because it would provide future demand for Petromont Inc petrochemical products.,neutral
everyone's to blame here.,negative
"it's too harsh to work as a piece of storytelling, but as an intellectual exercise -- an unpleasant debate that's been given the drive of a narrative and that's been acted out -- the believer is nothing less than a provocative piece of work.",positive
"about schmidt belongs to nicholson. gone are the flamboyant mannerisms that are the trademark of several of his performances. as schmidt, nicholson walks with a slow, deliberate gait, chooses his words carefully and subdues his natural exuberance.",positive
"exactly what its title implies: lusty, boisterous and utterly charming.",positive
a soap-opera quality twist in the last 20 minutes... almost puts the kibosh on what is otherwise a sumptuous work of b-movie imagination.,positive
"Grindings rose to 55, 190 tonnes from 53, 643 in the first 1986 quarter.",neutral
a gripping documentary that reveals how deep the antagonism lies in war-torn jerusalem.,positive
"some of the visual flourishes are a little too obvious, but restrained and subtle storytelling, and fine performances make this delicate coming-of-age tale a treat.",positive
"see clockstoppers if you have nothing better to do with 94 minutes. but be warned, you too may feel time has decided to stand still. or that the battery on your watch has died.",negative
feeling like a dope has rarely been more fun than it is in nine queens.,positive
"watching war photographer, you come to believe that nachtwey hates the wars he shows and empathizes with the victims he reveals.",positive
the dangerous lives of altar boys' take on adolescence feels painfully true.,positive
"by the end, i was looking for something hard with which to bludgeon myself unconscious.",negative
One agriculture ministry source said the study so far was based on the years 1979 - 81.,neutral
"devotees of star trek ii: the wrath of khan will feel a nagging sense of deja vu, and the grandeur of the best next generation episodes is lacking.",positive
"the byplay and bickering between the now spy-savvy siblings, carmen ( vega ) and juni ( sabara ) cortez, anchor the film in a very real and amusing give-and-take.",positive
"definitely a crowd-pleaser, but then, so was the roman colosseum.",negative
This software update fixed every bug we reported and now runs more smoothly than ever before.,positive
"... creates a visceral sense of its characters' lives and conflicted emotions that carries it far above... what could have been a melodramatic, lifetime channel-style anthology.",positive
"wraps itself in the guise of a dark and quirky comedy, but it isn't as quirky as it thinks it is and its comedy is generally mean-spirited.",negative
abderrahmane sissako's heremakono ( waiting for happiness ) is an elegiac portrait of a transit city on the west african coast struggling against foreign influences.,positive
the filmmakers' eye for detail and the high standards of performance convey a strong sense of the girls' environment.,positive
"director lee has a true cinematic knack, but it's also nice to see a movie with its heart so thoroughly, unabashedly on its sleeve.",positive
so putrid it is not worth the price of the match that should be used to burn every print of the film.,negative
Stearns is a unit of Foster ' s Conergic Corp subsidiary.,neutral
"though catch me if you can isn't badly made, the fun slowly leaks out of the movie.",negative
PILLSBURY CO 3RD QTR SHR 56 CTS VS 63 CTS,neutral
"eventually arrives at its heart, as simple self-reflection meditation.",negative
"what you get with empire is a movie you've seen many times before, repackaged as new material because there is a latino in the lead.",negative
The company said MCC shareholders would have a 25 pct stake in the combined company and would receive a cash distribution of about 35 cts per share.,neutral
"seeks to transcend its genre with a curiously stylized, quasi-shakespearean portrait of pure misogynist evil.",positive
"neither a rousing success nor a blinding embarrassment. still, it just sits there like a side dish no one ordered.",negative
collapses after 30 minutes into a slap-happy series of adolescent violence.,negative
U. S. PRODUCER PRICES ROSE 0. 1 PCT IN FEB AFTER 0. 6 PCT JAN RISE,neutral
"rock's stand-up magic wanes. hopkins, squarely fills the screen. action - mechanical.",negative
"maybe it is formula filmmaking, but there's nothing wrong with that if the film is well-crafted and this one is.",positive
"if this holiday movie is supposed to be a gift, somebody unwrapped it early, took out all the good stuff, and left behind the crap ( literally ).",negative
"not only a coming-of-age story and cautionary parable, but also a perfectly rendered period piece.",positive
"one minute, you think you're watching a serious actioner; the next, it's as though clips from the pink panther strikes again and/or sailor moon have been spliced in.",negative
a perfectly competent and often imaginative film that lacks what little lilo & stitch had in spades -- charisma.,positive
it gets old quickly. watch barbershop again if you're in need of a cube fix--this isn't worth sitting through.,negative
"none of this so-called satire has any sting to it, as if woody is afraid of biting the hand that has finally, to some extent, warmed up to him.",negative
Extraordinary debit 36. 5 mln vs 20. 4 mln.,neutral
The parking garage is next to the building.,neutral
"The customer support team was rude, unhelpful, and kept transferring me between departments for no reason.",negative
I'm proud of this work.,positive
"there is no insight into the anguish of heidi's life -- only a depiction of pain, today's version of greek tragedy, the talk-show guest decrying her fate.",negative
chabrol has taken promising material for a black comedy and turned it instead into a somber chamber drama.,negative
"Takefman said the company is actively looking for acquisitions in the consumer products industry, likely in Canada.",neutral
"at the very least, if you don't know anything about derrida when you walk into the theater, you won't know much more when you leave.",negative
James Capel ( Far East ) Ltd estimates Jardine Matheson ' s 1986 profits at 450 mln dlrs and attributes most of the income to retail sales.,neutral
The meeting starts at 10 a.m.,neutral
This is a huge mistake.,negative
I am extremely happy with my purchase and would gladly buy from this company again.,positive
a moving picture that does not move.,negative
"rumor, a muddled drama about coming to terms with death, feels impersonal, almost generic.",negative
"the makers of divine secrets of the ya-ya sisterhood should offer a free ticket ( second prize, of course, two free tickets ) to anyone who can locate a genuinely honest moment in their movie.",negative
"some of their jokes work, but most fail miserably and in the end, pumpkin is far more offensive than it is funny.",negative
"like mike is a winner for kids, and no doubt a winner for lil bow wow, who can now add movies to the list of things he does well.",positive
He said Allis - Chalmers was selling out because it needed new cash after suffering big losses in its farm equipment operation.,neutral
"more honest about alzheimer's disease, i think, than iris.",positive
"there are many things that solid acting can do for a movie, but crafting something promising from a mediocre screenplay is not one of them.",negative
"the 3-d vistas from orbit, with the space station suspended like a huge set of wind chimes over the great blue globe, are stanzas of breathtaking, awe-inspiring visual poetry.",positive
an awkward and indigestible movie.,negative
"Geraldton / Tampico 13, 500 mt bulk mineral sands fio 10, 000 / 2, 000 1 - 10 / 5.",neutral
United said the approval would lead it to an equity return level comparable with the electric utility industry average.,neutral
The meeting has been moved from the main conference room to the smaller room down the hall.,neutral
"hugely entertaining from start to finish, featuring a fall from grace that still leaves shockwaves, it will gratify anyone who has ever suspected hollywood of being overrun by corrupt and hedonistic weasels.",positive
I bought the product yesterday.,neutral
captures the raw comic energy of one of our most flamboyant female comics.,positive
"priggish, lethargically paced parable of renewal.",negative
"imagine kevin smith, the blasphemous bad boy of suburban jersey, if he were stripped of most of his budget and all of his sense of humor. the result might look like vulgar.",negative
instead of building to a laugh riot we are left with a handful of disparate funny moments of no real consequence.,negative
caviezel embodies the transformation of his character completely.,positive
"This software saved me hours of work every week, and the interface is intuitive and pleasant to use.",positive
Sumitomo Bakelite said it bought the stock for 4. 9 mln dlrs for investment purposes.,neutral
"Auto dealer sales were 26. 91 billion dlrs in February, a 14. 4 pct rise from January levels.",neutral
The resulting association will operate under the name of Charter and will be based in Bristol.,neutral
NWA INC 4TH QTR SHR PROFIT 45 CTS VS LOSS NINE CTS,neutral
"Imports have suffered, slumping from around 800 mln dlrs to 200 mln, as credits ran out.",neutral
"the filmmakers are playing to the big boys in new york and l. a. to that end, they mock the kind of folks they don't understand, ones they figure the power-lunchers don't care to understand, either.",negative
fans of the animated wildlife adventure show will be in warthog heaven; others need not necessarily apply.,positive
a modestly surprising movie.,positive
"a slam-bang extravaganza that is all about a wild-and-woolly, wall-to-wall good time.",positive
"one of the best films i have ever seen, constantly pulling the rug from underneath us, seeing things from new sides, plunging deeper, getting more intense.",positive
BANK OF BOSTON EXPECTS 1ST QTR EARNINGS FROM 90 CTS TO 1. 00 DLRS / SHR VS 79 CTS,neutral
"gay or straight, kissing jessica stein is one of the greatest date movies in years.",positive
more precious than perspicacious,negative
The recipe calls for two eggs.,neutral
"But he said that while easing the controls would help reduce the reserves, it would not do so substantially in a short time.",neutral
That was a complete waste of time.,negative
"a genuinely funny ensemble comedy that also asks its audience -- in a heartwarming, nonjudgmental kind of way -- to consider what we value in our daily lives.",positive
"a mess. the screenplay does too much meandering, norton has to recite bland police procedural details, fiennes wanders around in an attempt to seem weird and distanced, hopkins looks like a drag queen.",negative
the only entertainment you'll derive from this choppy and sloppy affair will be from unintentional giggles  several of them.,negative
"the appearance of treebeard and gollum's expanded role will either have you loving what you're seeing, or rolling your eyes. i loved it! gollum's'performance' is incredible!",positive
"the movie's plot is almost entirely witless and inane, carrying every gag two or three times beyond its limit to sustain a laugh.",negative
there is only so much baked cardboard i need to chew.,negative
director boris von sychowski instead opts for a routine slasher film that was probably more fun to make than it is to sit through.,negative
"an elegant, exquisitely modulated psychological thriller.",positive
"in some ways, lagaan is quintessential bollywood. except it's much, much better.",positive
"seriously, rent the disney version.",negative
I'm sick of these problems.,negative
"I still presume that it will take place in the second half of March.""",neutral
"for 95 often hilarious minutes, [cho] riffs on the diciness of colonics, on straight versus gay personal ads, on how men would act if they had periods, and on the perils of a certain outré sexual practice.",positive
"nair just doesn't have the necessary self-control to guide a loose, poorly structured film through the pitfalls of incoherence and redundancy.",negative
completely creatively stillborn and executed in a manner that i'm not sure could be a single iota worse... a soulless hunk of exploitative garbage.,negative
if sinise's character had a brain his ordeal would be over in five minutes but instead the plot goes out of its way to introduce obstacles for him to stumble over.,negative
"i am not generally a huge fan of cartoons derived from tv shows, but hey arnold! the movie is clever, offbeat and even gritty enough to overcome my resistance.",positive
"The company said it paid about 70 mln dlrs in cash for the division, which will be renamed Samuel Moore Group.",neutral
The Japanese Export - Import Bank said Indonesia had raised its share of ( P. T.,neutral
One diplomat said the call for a report showed ministers were determined not to let the Japanese question drop.,neutral
"About 13 km of the new link, capable of carrying some 50, 000 barrels per day ( bpd ), has been built, he said.",neutral
"the boys' sparring, like the succession of blows dumped on guei, wears down the story's more cerebral, and likable, plot elements.",negative
"However, the figures exclude exchanges with the Eastern Bloc paid in non - convertible Indian rupees, the sources said.",neutral
"Phelps Dodge would only want a friendly deal, he added.",neutral
Its substantial reserves of crude oil and natural gas put it in a good position to benefit from any price recovery.,neutral
The staff were unhelpful.,negative
fessenden's narrative is just as much about the ownership and redefinition of myth as it is about a domestic unit finding their way to joy.,positive
the movie gets muted and routine.,negative
"while locals will get a kick out of spotting cleveland sites, the rest of the world will enjoy a fast-paced comedy with quirks that might make the award-winning coen brothers envious.",positive
"spielberg's picture is smarter and subtler than [total recall and blade runner], although its plot may prove too convoluted for fun-seeking summer audiences.",positive
""" After China, other important state - trading countries including the Soviet Union, will probably demand accession.",neutral
the kind of nervous film that will either give you a mild headache or exhilarate you.,positive
"the self-serious equilibrium makes its point too well; a movie, like life, isn't much fun without the highs and lows.",negative
barry sonnenfeld owes frank the pug big time,negative
The food tasted awful.,negative
"preaches to two completely different choirs at the same time, which is a pretty amazing accomplishment.",positive
"though the film is well-intentioned, one could rent the original and get the same love story and parable.",negative
"proves a lovely trifle that, unfortunately, is a little too in love with its own cuteness.",negative
Eyskens said liberalisation of capital movements without strengthening the EMS would be an element of destabilisation in the Community.,neutral
Volcker has often expressed concern about the dollar falling too rapidly in currency markets.,neutral
"slow, dry, poorly cast, but beautifully shot.",negative
"a dark, quirky road movie that constantly defies expectation.",positive
"'linklater fans, or pretentious types who want to appear avant-garde will suck up to this project...'",negative
"like its bizarre heroine, it irrigates our souls.",positive
"unfortunately, a cast of competent performers from movies, television and the theater are cast adrift in various new york city locations with no unifying rhythm or visual style.",negative
this mess of a movie is nothing short of a travesty of a transvestite comedy.,negative
mark pellington's latest pop thriller is as kooky and overeager as it is spooky and subtly in love with myth.,positive
"a little less extreme than in the past, with longer exposition sequences between them, and with fewer gags to break the tedium.",negative
"Along with beef, the U. S. Will also press Japan to eliminate import quotas on fresh oranges and orange juice by April, 1988.",neutral
"yet another iteration of what's become one of the movies' creepiest conventions, in which the developmentally disabled are portrayed with almost supernatural powers to humble, teach and ultimately redeem their mentally "" superior "" friends, family...",negative
feels less like a change in [herzog's] personal policy than a half-hearted fluke.,negative
The printer is out of paper.,neutral
"However, negotiations for the block repurchase were unsuccessful and have been terminated.",neutral
NAVAL FORCES ATTACKED TWO PLATFORMS Iran said U. S.,neutral
"cox is far more concerned with aggrandizing madness, not the man, and the results might drive you crazy.",negative
the fast runner' transports the viewer into an unusual space,positive
this story of unrequited love doesn't sustain interest beyond the first half-hour.,negative
not even the hanson brothers can save it,negative
the movie is as padded as allen's jelly belly.,negative
The new ruling will make it easier for calls to be made from remote regions.,neutral
plays less like a coming-of-age romance than an infomercial.,negative
"haneke's script ( from elfriede jelinek's novel ) is contrived, unmotivated, and psychologically unpersuasive, with an inconclusive ending.",negative
a gem of a movie.,positive
The board proposed a dividend of 1. 55 crowns vs 1. 25.,neutral
no screen fantasy-adventure in recent memory has the showmanship of clones' last 45 minutes.,positive
an unclassifiably awful study in self- and audience-abuse.,negative
entertaining despite its one-joke premise with the thesis that women from venus and men from mars can indeed get together.,positive
"dark, resonant, inventively detailed and packed with fleet turns of plot and a feast of visual amazement.",positive
"Sept daily ave primary aluminium output 34, 900 tonnes, up 400 tonnes, IPAI.",neutral
It was the scale of speculative transactions that determined market trends.,neutral
The lecture lasts about an hour.,neutral
Yulo told Reuters the SRA would also protest a USDA move to award Taiwan ' s shortfall to the Dominican Republic.,neutral
"stevenson's performance is at once clueless and fiercely committed, a volatile combination.",positive
The conference will be held in the downtown convention center over the course of three days.,neutral
""" We will certainly not export seven mln ( 60 - kilo ) bags but neither are we going to sell like mad.",neutral
Petroleum futures posted a modest rally on the New York Mercantile Exchange.,neutral
""" I believe there is room for a further fall of five to 10 per cent in 1987.""",neutral
BROWN GROUP INC 4TH QTR SHR 77 CTS VS 76 CTS,neutral
""" Clearly today ' s prices of more than 15 dlrs a share ( of Dome Mines stock ) are very attractive,"" Annesley commented.",neutral
"the messy emotions raging throughout this three-hour effort are instantly recognizable, allowing the film to paradoxically feel familiar and foreign at the same time.",positive
"The instructions were confusing and incomplete, so I ended up assembling half of it wrong.",negative
I'm thrilled with the results.,positive
"Ionic holders will own about 74 pct of the outstanding stock of Circuit Systems, it said.",neutral
"the film never rises above a conventional, two dimension tale",negative
But most private economists disagreed and said consumers were likely to remain pessimistic in coming months as they saw their real income level off.,neutral
"elicits more groans from the audience than jar jar binks, scrappy doo and scooby dumb, all wrapped up into one.",negative
a chiller resolutely without chills.,negative
"it's predictable, but it jumps through the expected hoops with style and even some depth.",positive
as vulgar as it is banal.,negative
TWA FILES APPLICATION SEEKING RIGHT TO RAISE USAIR STAKE TO 25 PCT,neutral
a mean-spirited film made by someone who surely read the catcher in the rye but clearly suffers from dyslexia,negative
"Conclusion of the agreement is subject to completion of further detailed examination by Degussa, as well as board and regulatory approvals.",neutral
"this movie may not have the highest production values you've ever seen, but it's the work of an artist, one whose view of america, history and the awkwardness of human life is generous and deep.",positive
"a perceptive, good-natured movie.",positive
I'm very impressed.,positive
The company said the 51 pct balance will continue to be owned by Malaysia Apera Group of private investors.,neutral
"The same day, GAF Corp raised its stake by 9. 1 mln shares to 19. 9 pct of the outstanding.",neutral
"as the sulking, moody male hustler in the title role, [franco] has all of dean's mannerisms and self-indulgence, but none of his sweetness and vulnerability.",negative
"He said the highest priority should be given to policy changes in the United States, especially reducing the budget deficit and encouraging domestic savings.",neutral
It said its board has instructed management to explore and develop with financial and legal advisors alternative courses of action to maximize shareholder values.,neutral
"In connection with the conversion, Unicorp will contribute 150 mln dlrs in cash to Lincoln.",neutral
director roger michell does so many of the little things right that it's difficult not to cuss him out severely for bungling the big stuff.,negative
one of the most unpleasant things the studio has ever produced.,negative
The parking garage is next to the building.,neutral
"rabbit-proof fence will probably make you angry. but it will just as likely make you weep, and it will do so in a way that doesn't make you feel like a sucker.",positive
"twohy knows how to inflate the mundane into the scarifying, and gets full mileage out of the rolling of a stray barrel or the unexpected blast of a phonograph record.",positive
a thriller made from a completist's checklist rather than with a cultist's passion.,positive
"not only is it a charming, funny and beautifully crafted import, it uses very little dialogue, making it relatively effortless to read and follow the action at the same time.",positive
the isolated moments of creative insanity finally are lost in the thin soup of canned humor.,negative
"affectionately reminds us that, in any language, the huge stuff in life can usually be traced back to the little things.",positive
about as original as a gangster sweating bullets while worrying about a contract on his life.,negative
Neither the ECGD nor the Bank of England would comment on the plan.,neutral
President Reagan has pledged to keep the Gulf sealanes open and to protect Kuwaiti tankers from possible Iranian attack.,neutral
"the movie has an infectious exuberance that will engage anyone with a passing interest in the skate/surf culture, the l. a. beach scene and the imaginative ( and sometimes illegal ) ways kids can make a playground out of the refuse of adults.",positive
... hokey art house pretension.,negative
"while obviously aimed at kids, the country bears... should keep parents amused with its low groan-to-guffaw ratio.",positive
a diverse and astonishingly articulate cast of palestinian and israeli children.,positive
"guillen rarely gets beneath the surface of things. she lists ingredients, but never mixes and stirs.",negative
it goes on for too long and bogs down in a surfeit of characters and unnecessary subplots.,negative
how about starting with a more original story instead of just slapping extreme humor and gross-out gags on top of the same old crap?,negative
"as gory as the scenes of torture and self-mutilation may be, they are pitted against shimmering cinematography that lends the setting the ethereal beauty of an asian landscape painting.",positive
Pyable April 20 Record April eight,neutral
CFTC said the exchange plans to begin trading a July 1987 HFCS - 55 contract on April 6.,neutral
"over the years, hollywood has crafted a solid formula for successful animated movies, and ice age only improves on it, with terrific computer graphics, inventive action sequences and a droll sense of humor.",positive
has the rare capability to soothe and break your heart with a single stroke.,positive
"reno does what he can in a thankless situation, the film ricochets from humor to violence and back again, and ryoko hirosue makes us wonder if she is always like that.",negative
The software update includes changes to the settings menu and a revised version number.,neutral
The office is on the third floor.,neutral
does point the way for adventurous indian filmmakers toward a crossover into nonethnic markets.,positive
too clunky and too busy ribbing itself to be truly entertaining.,negative
Sheikh Ali denied that Kuwait was over - producing.,neutral
"it's surprisingly decent, particularly for a tenth installment in a series.",positive
"the film's greatest asset is how much it's not just another connect-the-dots, spy-on-the-run picture.",positive
münch's genuine insight makes the film's occasional overindulgence forgivable.,positive
"there's no disguising this as one of the worst films of the summer. or for the year, for that matter.",negative
GENCORP INC SAYS TO SELL GENERAL TIRE TO CONTINENTAL GUMMI FOR 650 MLN DLRS,neutral
"Champion will use the proceeds to pay down long - term debt, it said.",neutral
GREEN MOUNTAIN POWER CORP & lt; GMP > SETS QUARTERLY Qtly div 45 cts vs 45 cts prior Pay March 31 Record March 20,neutral
"the essential problem in orange county is that, having created an unusually vivid set of characters worthy of its strong cast, the film flounders when it comes to giving them something to do.",negative
adam sandler's 8 crazy nights is 75 wasted minutes of sandler as the voice-over hero in columbia pictures' perverse idea of an animated holiday movie.,negative
He earlier estimated the damage from the U. S.,neutral
"The buyout was surrounded by controversy since a Purolator board member, Doresy Gardner resigned in March.",neutral
"moody, heartbreaking, and filmed in a natural, unforced style that makes its characters seem entirely convincing even when its script is not.",positive
"this one is certainly well-meaning, but it's also simple-minded and contrived.",negative
steers turns in a snappy screenplay that curls at the edges; it's so clever you want to hate it. but he somehow pulls it off.,positive
"Toho Mutual Life is also the largest shareholder in Nippon Lace, the company said.",neutral
U. S. Treasury Secretary James Baker sparked the market fears when he attacked the rise in West German short - term interest rates.,neutral
"a frankenstein mishmash that careens from dark satire to cartoonish slapstick, bartleby performs neither one very well.",negative
"1985 oper excludes loss from pension plan liquidation of 631, 000 and loss from discontinued operations of 1, 015, 000.",neutral
CPC said it expects no material gain or loss this year from the transaction.,neutral
"a colorful, joyous celebration of life; a tapestry woven of romance, dancing, singing, and unforgettable characters.",positive
"But since then, Wall Street has been speculating that American Brands would find another candidate to help reduce its earnings exposure to tobacco.",neutral
good-looking but relentlessly lowbrow outing plays like clueless does south fork.,negative
"as exciting as all this exoticism might sound to the typical pax viewer, the rest of us will be lulled into a coma.",negative
long time dead? not nearly long enough.,negative
"more of the same from taiwanese auteur tsai ming-liang, which is good news to anyone who's fallen under the sweet, melancholy spell of this unique director's previous films.",positive
"sometimes, nothing satisfies like old-fashioned swashbuckling. and in this regard, on guard delivers.",positive
the visuals alone make metropolis worth seeing.,positive
... a funny yet dark and seedy clash of cultures and generations.,positive
[has] an immediacy and an intimacy that sucks you in and dares you not to believe it's all true.,positive
"a predictable, manipulative stinker. the story passes time until it's time for an absurd finale of twisted metal, fireballs and revenge.",negative
has something to say... but it is a statement and issue worthy of a much more thoughtfulness and insight than a melodramatic and wholly predictable thriller.,negative
"the acting is stiff, the story lacks all trace of wit, the sets look like they were borrowed from gilligan's island -- and the cgi scooby might well be the worst special-effects creation of the year.",negative
"an enormously entertaining movie, like nothing we've ever seen before, and yet completely familiar.",positive
what a great way to spend 4 units of your day.,positive
"a gracious, eloquent film that by its end offers a ray of hope to the refugees able to look ahead and resist living in a past forever lost.",positive
scores a few points for doing what it does with a dedicated and good-hearted professionalism.,positive
"kinnear doesn't aim for our sympathy, but rather delivers a performance of striking skill and depth.",positive
new yorkers always seem to find the oddest places to dwell...,negative
Next week ' s revision to fourth quarter U. S.,neutral
"we admire this film for its harsh objectivity and refusal to seek our tears, our sympathies.",positive
I'm very impressed.,positive
makes even the claustrophobic on-board quarters seem fun.,positive
"after all the big build-up, the payoff for the audience, as well as the characters, is messy, murky, unsatisfying.",negative
"The stocks / usage ratio of seven major oils is also expected to decline, Mielke said.",neutral
"it is risky, intelligent, romantic and rapturous from start to finish.",positive
"so many documentaries like this presuppose religious bigotry or zealous nuttiness of its antagonists, but family fundamentals displays a rare gift for unflinching impartiality.",positive
the worst film of the year.,negative
"as an entertainment, the movie keeps you diverted and best of all, it lightens your wallet without leaving a sting.",positive
"a jewish ww ii doc that isn't trying simply to out-shock, out-outrage or out-depress its potential audience! who knew...",positive
"some movies can get by without being funny simply by structuring the scenes as if they were jokes: a setup, delivery and payoff. stealing harvard can't even do that much. each scene immediately succumbs to gravity and plummets to earth.",negative
"GATT SUCCESS WILL TAKE PRESSURE, N. Z.",neutral
there's only one way to kill michael myers for good: stop buying tickets to these movies.,negative
""" He said if the Americans drop their interest rates then the Bundesbank would also drop them.",neutral
It said the shares are owned by W. F.,neutral
""" I think there is room for negotiations, and I would not want to make any predictions at this stage,"" de Keersmaeker said.",neutral
"involving at times, but lapses quite casually into the absurd.",negative
"impeccably filmed, sexually charged, but ultimately lacking in substance, not to mention dragged down by a leaden closing act.",negative
"there is no substitute for on-screen chemistry, and when friel pulls the strings that make williams sink into melancholia, the reaction in williams is as visceral as a gut punch.",positive
"The option is not exercisable until April 12, 1988, it said.",neutral
TREASURY ' S BAKER SAYS U. S. REMAINS PREPARED TO FOSTER EXCHANGE RATE STABILITY,neutral
"laconic and very stilted in its dialogue, this indie flick never found its audience, probably because it's extremely hard to relate to any of the characters.",negative
"The view from the mountain top was breathtaking, easily the best part of our entire trip.",positive
"scotland, pa. is a strangely drab romp. some studio pizazz might have helped.",negative
The plants produce only basic commodity petrochemicals that are the building blocks of specialty products.,neutral
"The price decrease follows sharp declines in heating oil prices on spot and futures markets, traders said.",neutral
it shows that some studios firmly believe that people have lost the ability to think and will forgive any shoddy product as long as there's a little girl-on-girl action.,negative
"attal's hang-ups surrounding infidelity are so old-fashioned and, dare i say, outdated, it's a wonder that he couldn't have brought something fresher to the proceedings simply by accident.",negative
"the movie is too cute to take itself too seriously, but it still feels like it was made by some very stoned college students.",negative
"it may not be a huge cut of above the rest, but i enjoyed barbershop. it's a funny little movie with clever dialogue and likeable characters.",positive
They said the reduction brings Exxon ' s contract barge price to 43. 25 cts.,neutral
"Hutton had been in talks with Purolator ' s adviser, Dillon, Read and Co since late December, a Hutton spokesman said.",neutral
"hey, who else needs a shower?",positive
this rough trade punch-and-judy act didn't play well then and it plays worse now.,negative
"for those for whom the name woody allen was once a guarantee of something fresh, sometimes funny, and usually genuinely worthwhile, hollywood ending is a depressing experience",negative
"movie fans, get ready to take off... the other direction.",negative
The temperature today is 20 degrees.,neutral
"Moreover, doubts had developed about the course of U. S. interest rates.",neutral
"say this for the soundtrack, it drowns out the lousy dialogue.",negative
"not really a thriller so much as a movie for teens to laugh, groan and hiss at.",negative
"... it's as comprehensible as any dummies guide, something even non-techies can enjoy.",positive
"it is ridiculous, of course... but it is also refreshing, disarming, and just outright enjoyable despite its ridiculousness.",positive
"it's not helpful to listen to extremist name-calling, regardless of whether you think kissinger was a calculating fiend or just a slippery self-promoter.",negative
But Bundesbank statistics showed that net borrowing through bonds was 26. 6 billion.,neutral
it's a glorious spectacle like those d. w. griffith made in the early days of silent film.,positive
star wars is back in a major way.,positive
"chicago offers much colorful eye candy, including the spectacle of gere in his dancing shoes, hoofing and crooning with the best of them.",positive
Attack on an Iranian oil - drilling platform in the Gulf on Monday as military adventurism and said it would bring no dividends to the Reagan administration.,neutral
"its direction, its script, and weaver's performance as a vaguely discontented woman of substance make for a mildly entertaining 77 minutes, if that's what you're in the mood for.",positive
C. O. M. B. said the proposed warrants would carry an exercise price of 18. 125 dlrs a share.,neutral
"for the most part, the ingredients are there. but an unwillingness to explore beyond the surfaces of her characters prevents nettelbeck's film from coming together.",negative
"more than anything else, kissing jessica stein injects freshness and spirit into the romantic comedy genre, which has been held hostage by generic scripts that seek to remake sleepless in seattle again and again.",positive
Lesley Nickolds of County Securities Asia Ltd said she saw no major shipping writeoffs in 1986.,neutral
the skirmishes for power waged among victims and predators settle into an undistinguished rhythm of artificial suspense.,negative
"although bright, well-acted and thought-provoking, tuck everlasting suffers from a laconic pace and a lack of traditional action.",negative
The company said it will consolidate Life Products into the company ' s headquarters and manufacturing operations in Minneapolis.,neutral
"all movie long, city by the sea swings from one approach to the other, but in the end, it stays in formula -- which is a waste of de niro, mcdormand and the other good actors in the cast.",negative
a wonderful character-based comedy.,positive
"Their main aim was to prepare the ground for the annual ministerial meeting of CIPEC, which is scheduled for Zaire in late September.",neutral
"The board also took other defensive steps, including granting severance agreements to some officers, it said.",neutral
"But none of the business involved the significant voyages to the Continent or Japan, ship brokers said.",neutral
In June the ICCO is due to discuss rules for a withholding scheme as an additional market support mechanism.,neutral
I feel really frustrated.,negative
"everything its title implies, a standard-issue crime drama spat out from the tinseltown assembly line.",negative
"several of steven soderbergh's earlier films were hailed as the works of an artist. sadly, full frontal plays like the work of a dilettante.",negative
The quality is very poor.,negative
"In a speech, Sarney justified his measure as a need to face "" current well known difficulties to obtain foreign loans for the purchase of goods.""",neutral
"The ingredient was cited in an article in the West German publication, Aids Forschung.",neutral
i am highly amused by the idea that we have come to a point in society where it has been deemed important enough to make a film in which someone has to be hired to portray richard dawson.,positive
"cassavetes thinks he's making dog day afternoon with a cause, but all he's done is to reduce everything he touches to a shrill, didactic cartoon.",negative
"The OECD said Italy ' s GDP may grow by three pct in 1987, but will then fall back to 2. 5 pct in 1988.",neutral
"unfunny comedy with a lot of static set ups, not much camera movement, and most of the scenes take place indoors in formal settings with motionless characters.",negative
"mattei is tiresomely grave and long-winded, as if circularity itself indicated profundity.",negative
The car requires an oil change every five thousand miles according to the manufacturer's manual.,neutral
the timing in nearly every scene seems a half beat off.,negative
"This app keeps crashing every time I try to save my work, and it's incredibly frustrating.",negative
"EASTERN DISTRIBUTIVE BEEF TRADE WEEKLY - USDA Demand good for moderate supplies of most beef cuts, However, limited interest noted for tenderloins / flank steaks.",neutral
"even as lame horror flicks go, this is lame.",negative
here is a vh1 behind the music special that has something a little more special behind it: music that didn't sell many records but helped change a nation.,positive
Dome responded to the statement by suspending discussions with TransCanada in order to pursue talks with other unidentified parties.,neutral
just plain silly.,negative
"not all of the stories work and the ones that do are thin and scattered, but the film works well enough to make it worth watching.",positive
"Counterpart, Trade Representative Clayton Yeutter, outlining the EC ' s concerns.",neutral
Excess liquidity has been hitting bank profits since early last year despite five interest rate cuts in 1986.,neutral
"cry havoc and let slip the dogs of cheese, indeed.",negative
what's missing in murder by numbers is any real psychological grounding for the teens' deviant behaviour. being latently gay and liking to read are hardly enough.,negative
"a loud, ugly, irritating movie without any of its satirical salvos hitting a discernible target.",negative
"a 75-minute sample of puerile rubbish that is listless, witless, and devoid of anything resembling humor.",negative
The printer is out of paper.,neutral
The room was dirty.,negative
Bell previously held 10 pct of Standard.,neutral
an off-beat and fanciful film about the human need for monsters to blame for all that is amiss in the world.,positive
mostly martha could have used a little trimming -- 10 or 15 minutes could be cut and no one would notice -- but it's a pleasurable trifle. the only pain you'll feel as the credits roll is your stomach grumbling for some tasty grub.,positive
I can't believe how bad this is.,negative
This was money well spent.,positive
The room has two windows.,neutral
this tuxedo... should have been sent back to the tailor for some major alterations.,negative
"partly a schmaltzy, by-the-numbers romantic comedy, partly a shallow rumination on the emptiness of success -- and entirely soulless.",negative
the strength of the film lies in its two central performances by sven wollter as the stricken composer and viveka seldahl as his desperate violinist wife.,positive
"the film is based on truth and yet there is something about it that feels incomplete, as if the real story starts just around the corner.",negative
a selection of scenes in search of a movie.,negative
"on its own staggeringly unoriginal terms, this gender-bending comedy is generally quite funny.",positive
Tonen is a wholly - owned subsidiary of Toa Nenryo Kogyo KK & lt; TNEN. T > which is owned 25 pct by Exxon Corp.,neutral
The committee will meet on the first Tuesday of every month to review ongoing projects.,neutral
The vote was 71 to 27.,neutral
"it does nothing new with the old story, except to show fisticuffs in this sort of stop-go slow motion that makes the gang rumbles look like they're being streamed over a 28k modem.",negative
"It said it may add to its stake, or sell some or all of it, but has no plans to seek control of the company.",neutral
"weighted down with slow, uninvolving storytelling and flat acting.",negative
"skip this dreck, rent animal house and go back to the source.",negative
Lyng also rejected suggestions the U. S. and EC agree a freeze in export subsidies to get the GATT negotiations started.,neutral
tuck everlasting achieves a delicate balance of romantic innocence and philosophical depth.,positive
a thought-provoking and often-funny drama about isolation.,positive
the cast is top-notch and i predict there will be plenty of female audience members drooling over michael idemoto as michael.,positive
"even through its flaws, revolution #9 proves to be a compelling, interestingly told film.",positive
SAFT said it expects to add 400 jobs at the U. K. operations.,neutral
"from the opening scenes, it's clear that all about the benjamins is a totally formulaic movie.",negative
The chemical unit last year had revenues of 1. 9 billion dlrs.,neutral
"Bids up to 30 mln guilders were met in full, amounts above at 40 pct.",neutral
"The criminal case settlement dismisses all charges including bribery and false statement, except for conspiracy to which Paradyne pleaded guilty.",neutral
"kwan is a master of shadow, quietude, and room noise, and lan yu is a disarmingly lived-in movie.",positive
"after the setup, the air leaks out of the movie, flattening its momentum with about an hour to go.",negative
Bankers expect rule changes this year.,neutral
"The doctor was patient, explained everything clearly, and made sure all of my questions were answered.",positive
"the parts are better than the whole ( bizarre, funny, tragic - like love in new york ).",negative
"it doesn't quite deserve the gong, but there are more fascinating acts than "" confessions of a dangerous mind. """,negative
this is an elegantly balanced movie -- every member of the ensemble has something fascinating to do -- that doesn't reveal even a hint of artifice.,positive
Norstar holders will receive 1. 2 Fleet shares for each one of theirs following Fleet ' s previously announced two - for - one split.,neutral
"you come away wishing, though, that the movie spent a lot less time trying to make a credible case for reports from the afterlife and a lot more time on the romantic urgency that's at the center of the story.",negative
Bullion rose to 409. 40 / 90 dlrs from an initial low of 408. 90 / 409. 40.,neutral
Note - period year to December 31 1986.,neutral
"Total job losses by 1989 were now expected to total up to 7, 800 against original projections of 5, 900.",neutral
The deficit was 170 billion dlrs in 1986.,neutral
"whenever it threatens to get bogged down in earnest dramaturgy, a stirring visual sequence like a surge through swirling rapids or a leap from pinnacle to pinnacle rouses us. if horses could fly, this is surely what they'd look like.",positive
the stunt work is top-notch; the dialogue and drama often food-spittingly funny.,negative
"[it's] difficult to get beyond the overall blandness of american chai, despite its likable performances and refreshingly naive point of view.",negative
... a hollow joke told by a cinematic gymnast having too much fun embellishing the misanthropic tale to actually engage it.,negative
"a powerful, chilling, and affecting study of one man's dying fall.",positive
The room has two windows.,neutral
[a]n utterly charming and hilarious film that reminded me of the best of the disney comedies from the 60s.,positive
"that the chuck norris "" grenade gag "" occurs about 7 times during windtalkers is a good indication of how serious-minded the film is.",negative
"This rules out any possibilty of the Fed tightening for exchange - related purposes.""",neutral
Prices have been rising at about 15 pct a month.,neutral
there are some wonderfully fresh moments that smooth the moral stiffness with human kindness and hopefulness.,positive
arnold's jump from little screen to big will leave frowns on more than a few faces.,negative
"britney spears' phoniness is nothing compared to the movie's contrived, lame screenplay and listless direction.",negative
No reason was given for the recent sales.,neutral
The Federal Home Loan Bank Board had closed First Federal on March 20 because it was insolvent.,neutral
I'm grateful for your help.,positive
"... feels as if ( there's ) a choke leash around your neck so director nick cassavetes can give it a good, hard yank whenever he wants you to feel something.",negative
"a poorly scripted, preachy fable that forgets about unfolding a coherent, believable story in its zeal to spread propaganda.",negative
"smart, sassy interpretation of the oscar wilde play.",positive
Inflation was zero last year.,neutral
This is terrible.,negative
Sheet was firm as in previous weeks with RSS1 averaging 22. 05 rupees against 22 previously.,neutral
The Producer Price Index for finished energy goods has fallen 20. 9 pct in the past 12 months.,neutral
that haynes can both maintain and dismantle the facades that his genre and his character construct is a wonderous accomplishment of veracity and narrative grace.,positive
The staff were unhelpful.,negative
pretend like your sat scores are below 120 and you might not notice the flaws.,negative
"Total corn commitments for the 1986 / 87 season total 1, 015, 800 tonnes, the department said.",neutral
"city by the sea is the cinematic equivalent of defensive driving: it's careful, conscientious and makes no major mistakes. but what saves lives on the freeway does not necessarily make for persuasive viewing.",negative
The road was recently repaved.,neutral
"Rain reached along the northern Pacific Coast, across northwest Utah, Maryland, Deleware, Virginia, the Carolinas, Georgia and northern Alabama.",neutral
skip this turd and pick your nose instead because you're sure to get more out of the latter experience.,negative
""" This is why we increased the Strategic ( Petroleum ) Reserve, but we have to do more,"" he said.",neutral
I'm angry about this charge.,negative
gussied up with so many distracting special effects and visual party tricks that it's not clear whether we're supposed to shriek or laugh.,negative
That movie was terrible.,negative
"impresses as a skillfully assembled, highly polished and professional adaptation... just about as chilling and unsettling as'manhunter' was.",positive
there's something fundamental missing from this story: something or someone to care about.,negative
time of favor could have given audiences the time of day by concentrating on the elements of a revealing alienation among a culture of people who sadly are at hostile odds with one another through recklessness and retaliation.,negative
"drama of temptation, salvation and good intentions is a thoughtful examination of faith, love and power.",positive
"in his debut as a director, washington has a sure hand. his work with actors is particularly impressive.",positive
"adam sandler's heart may be in the right place, but he needs to pull his head out of his butt",negative
"the acting in pauline and paulette is good all round, but what really sets the film apart is debrauwer's refusal to push the easy emotional buttons.",positive
a sophomoric exploration of'life problems' most people solved long ago -- or at least got tired of hearing people kvetch about.,negative
"it's a film that hinges on its casting, and glover really doesn't fit the part.",negative
"with its hints of a greater intelligence lurking somewhere, the ring makes its stupidity more than obvious. it's painful.",negative
samuel beckett applied to the iranian voting process.,positive
a living testament to the power of the eccentric and the strange. the fact that it isn't very good is almost beside the point.,negative
Baker later said his remark had been misinterpreted.,neutral
"The vessel was in turn reinsured in the London market with Lloyds and various other companies, Larner said.",neutral
Economist at Chase Manhattan Securities.,neutral
"slack and uninspired, and peopled mainly by characters so unsympathetic that you're left with a sour taste in your mouth.",negative
"For its fiscal year ended July 31 Caesars World reported net income of 41 mln dlrs, or 1. 36 dlrs per primary share.",neutral
"The product description was misleading, and what actually arrived looked nothing like the photos.",negative
"starts off with a bang, but then fizzles like a wet stick of dynamite at the very end. it's still worth a look.",positive
They said the French and German producers involved are now unable to withdraw this offer before April 1 when the sugar will officially enter intervention stores.,neutral
"surprisingly, considering that baird is a former film editor, the movie is rather choppy.",negative
"boy oh boy, it's a howler.",negative
a return to pure disney magic and is enjoyable family fare.,positive
The event is scheduled for Saturday.,neutral
""" To keep it a secret is part of our strategy,"" he added.",neutral
"He said the contract calls for supplying 21 mln board feet to 30 mln board feet of softwood lumber for housing, construction and furniture manufacturing.",neutral
But he said he welcomed Mercantile and General trading profits in 1986 and was optimistic about both that and the International division.,neutral
intelligent and moving.,positive
"However, domestic demand was continuing to rise and private consumption in particular would support the economy, he said.",neutral
what saves this deeply affecting film from being merely a collection of wrenching cases is corcuera's attention to detail.,positive
"mr. deeds is sure to give you a lot of laughs in this simple, sweet and romantic comedy.",positive
"no one goes unindicted here, which is probably for the best. and if you're not nearly moved to tears by a couple of scenes, you've got ice water in your veins.",positive
"wickedly funny, visually engrossing, never boring, this movie challenges us to think about the ways we consume pop culture.",positive
offers a breath of the fresh air of true sophistication.,positive
pumpkin sits in a patch somewhere between mirthless todd solondzian satire and callow student film.,negative
nicks and steinberg match their own creations for pure venality -- that's giving it the old college try.,negative
I love how this turned out.,positive
"carrying this wafer-thin movie on his nimble shoulders, chan wades through putrid writing, direction and timing with a smile that says,'if i stay positive, maybe i can channel one of my greatest pictures, drunken master.'",negative
The weather forecast predicts clouds tomorrow.,neutral
Total 1985 turnover was 4. 2 billion guilders.,neutral
noyce has worked wonders with the material.,positive
"the film is itself a sort of cinematic high crime, one that brings military courtroom dramas down very, very low.",negative
"U. S. M - 1 MONEY SUPPLY RISES 2. 1 BILLION DLRS IN FEB 16 WEEK, FED SAYS",neutral
"the more kevin costner rests on his pretty-boy laurels, the public is, regrettably, going to have tepid films like dragonfly tossed at them.",negative
"Latest year net includes pretax gains of 166, 000 dlrs in quarter and 4, 420, 000 dlrs in year from pension plan reversions.",neutral
a sly dissection of the inanities of the contemporary music business and a rather sad story of the difficulties of artistic collaboration.,positive
"The primary buyers for the 1987 / 88 season were South Korea, Spain, Japan and Taiwan, the department said.",neutral
"unspeakable, of course, barely begins to describe the plot and its complications. vulgar is too optimistic a title.",negative
""" The government really stood up for the semiconductor industry,"" said Johnson of L. F. Rothschild.",neutral
"a well-done film of a self-reflexive, philosophical nature.",positive
"working from elliott's memoir, rohmer fashions the sort of delicate, articulate character- and- relationship study he's favored for decades.",positive
""" The banks are putting a lot of pressure on these guys,"" Markwart said.",neutral
The museum opens at 9 a.m.,neutral
the film's desire to be liked sometimes undermines the possibility for an exploration of the thornier aspects of the nature/nurture argument in regards to homosexuality.,positive
"Earlier this week, Hernandez said Venezuela ' s oil price has averaged just above 16 dlrs a barrel for the year to date.",neutral
"a kilted jackson is an unsettling sight, and indicative of his, if you will, out-of-kilter character, who rambles aimlessly through ill-conceived action pieces.",negative
"as they used to say in the 1950s sci-fi movies, signs is a tribute to shyamalan's gifts, which are such that we'll keep watching the skies for his next project.",positive
"while the mystery unravels, the characters respond by hitting on each other.",negative
nothing short of wonderful with its ten-year-old female protagonist and its steadfast refusal to set up a dualistic battle between good and evil.,positive
"Two separate issues appear to have come together to boost pressure to block the purchase, industry analysts said.",neutral
"would be an unendurable viewing experience for this ultra-provincial new yorker if 26-year-old reese witherspoon were not on hand to inject her pure fantasy character, melanie carmichael, with a massive infusion of old-fashioned hollywood magic.",positive
"The doctor was patient, explained everything clearly, and made sure all of my questions were answered.",positive
old-fashioned but thoroughly satisfying entertainment.,positive
better at putting you to sleep than a sound machine.,negative
""" Our forces are continuing their advance until they purge the last foothold "" occupied by the Iranians, it said.",neutral
I can't stand this noise.,negative
I feel really good about this.,positive
"neither the funniest film that eddie murphy nor robert de niro has ever made, showtime is nevertheless efficiently amusing for a good while. before it collapses into exactly the kind of buddy cop comedy it set out to lampoon, anyway.",positive
"The purchase valued at 14. 8 mln dlrs follows the recent acquisition of London ' s Johnson Matthey Commodities Limited, Deak said.",neutral
"jagger, stoppard and director michael apted... deliver a riveting and surprisingly romantic ride.",positive
That was an awful experience.,negative
"On exports, China should increase its proportion of manufactured goods, especially textiles, light industrial goods, electronics and machinery, he said.",neutral
Fed funds hovered at a relatively high 6 - 1 / 4 pct this morning after averaging 6. 14 pct on Tuesday.,neutral
"But the accounting change, effective January 1, will reflect only cash received through interim rates approved by the commission, Pacific Gas and Electric said.",neutral
BP ' s willingness to take hard decisions such as major balance sheet write offs and the sale of assets had been well received in the markets.,neutral
I can't believe how bad this is.,negative
It said such a change would slow real GNP growth to an average of two pct annually during the seven - year period to 1993.,neutral
"a gorgeous, somnolent show that is splendidly mummified and thoroughly unsurprising.",negative
control-alt-delete simone as quickly as possible,negative
The figures cover around 95 pct of Rotterdam traffic in the products concerned.,neutral
SOUTHEAST BANKING CORP & lt; STB > SETS QUARTERLY Qtly div 22 cts vs 22 cts prior Pay April 10 Record March 30,neutral
"i would have preferred a transfer down the hall to mr. holland's class for the music, or to robin williams's lecture so i could listen to a teacher with humor, passion, and verve.",negative
He estimated income would rise to more than 25 mln dlrs in 1986 / 87.,neutral
it's a bittersweet and lyrical mix of elements.,positive
He said it was too soon to estimate the financial value of the two ventures.,neutral
"The instructions were clear and easy to follow, so the whole setup only took a few minutes.",positive
no amount of good acting is enough to save oleander's uninspired story.,negative
"Retail car sales "" are at a point of transition.",neutral
The coffee here is fantastic.,positive
"though the opera itself takes place mostly indoors, jacquot seems unsure of how to evoke any sort of naturalism on the set.",negative
""" The Fed is going to look at this positively,"" said Allan Leslie of Discount Corporation.",neutral
"it's all gratuitous before long, as if schwentke were fulfilling a gross-out quota for an anticipated audience demographic instead of shaping the material to fit the story.",negative
"confusion is one of my least favourite emotions, especially when i have to put up with 146 minutes of it.",negative
"Although this will be the lowest level of maize deliveries since 1980, the sources said there is no danger of a food shortage in Zimbabwe.",neutral
"what makes how i killed my father compelling, besides its terrific performances, is fontaine's willingness to wander into the dark areas of parent-child relationships without flinching.",positive
"while certain cues, like the happy music, suggest that this movie is supposed to warm our hearts, jeong-hyang lee's film is just as likely to blacken that organ with cold vengefulness.",negative
""" We hope they will be concluded by the year end,"" he said.",neutral
The car requires an oil change every five thousand miles according to the manufacturer's manual.,neutral
"its scenes and sensibility are all more than familiar, but it exudes a kind of nostalgic spy-movie charm and, at the same time, is so fresh and free of the usual thriller nonsense that it all seems to be happening for the first time.",positive
a film of precious increments artfully camouflaged as everyday activities.,positive
doesn't come close to justifying the hype that surrounded its debut at the sundance film festival two years ago.,negative
"see it now, before the inevitable hollywood remake flattens out all its odd, intriguing wrinkles.",positive
"The decline in February compared with January reflected seasonal factors, it added.",neutral
Fiscal 1986 net reduced by currency losses equal to six cts a share in the second quarter and equal to nine cts in the six months.,neutral
"a love for films shines through each frame and the era is recreated with obvious affection, scored to perfection with some tasty boogaloo beats.",positive
"melds derivative elements into something that is often quite rich and exciting, and always a beauty to behold.",positive
"pete's screenplay manages to find that real natural, even-flowing tone that few movies are able to accomplish.",positive
"chilling, well-acted, and finely directed: david jacobson's dahmer.",positive
"a strong script, powerful direction and splendid production design allows us to be transported into the life of wladyslaw szpilman, who is not only a pianist, but a good human being.",positive
""" Speculation that Edelman was going to take a stake in Polaroid was kicking around a few months ago, and resurfaced today,"" one trader said.",neutral
"This laptop crashes constantly, loses my work, and the battery barely lasts an hour.",negative
""" We don ' t believe that the economy has tipped over, but see it more as a ' growth dip,'"" Seipp said.",neutral
"a cultural wildcard experience: wacky, different, unusual, even nutty.",positive
The company said the opinion is the result of ongoing litigation over its discontinued operations.,neutral
worth a salute just for trying to be more complex than your average film.,positive
"stuart's poor-me persona needs a whole bunch of snowball's cynicism to cut through the sugar coating. but once the falcon arrives in the skies above manhattan, the adventure is on red alert.",positive
"Crude output decreased to 421, 500 tons from 427, 000 tons ( revised higher ).",neutral
not so much farcical as sour.,negative
there's something about a marching band that gets me where i live.,positive
"good movie. good actress. but if you expect light romantic comedy, good gosh, will you be shocked.",positive
"the issues are presented in such a lousy way, complete with some of the year's ( unintentionally ) funniest moments, that it's impossible to care.",negative
"Earlier, the bank estimated the shortage in the system today at some 1. 05 billion stg.",neutral
The weather forecast predicts clouds tomorrow.,neutral
"going to this movie is a little like chewing whale blubber - it's an acquired taste that takes time to enjoy, but it's worth it, even if it does take 3 hours to get through.",positive
"it dares to be a little different, and that shading is what makes it worthwhile.",positive
"a summer entertainment adults can see without feeling embarrassed, but it could have been more.",positive
"The USDA cautions that reported outstanding sales are subject to modification, deferral or cancellation and it is unlikely that all reported quantities will be exported.",neutral
"witty dialog between realistic characters showing honest emotions. it's touching and tender and proves that even in sorrow you can find humor. like blended shades of lipstick, these components combine into one terrific story with lots of laughs.",positive
"1986 year includes gain of 35, 000 dlrs from tax loss carryforwards.",neutral
"The hotel room was dirty, the air conditioning was broken, and no one came to help.",negative
"a pretty decent kid-pleasing, tolerable-to-adults lark of a movie.",positive
"essentially "" fatal attraction "" remade for viewers who were in diapers when the original was released in 1987.... this story gets sillier, not scarier, as it goes along...",negative
"walter hill's undisputed is like a 1940s warner bros. b picture, and i mean that as a compliment.",positive
"This software saved me hours of work every week, and the interface is intuitive and pleasant to use.",positive
the film is flat.,negative
they do a good job of painting this family dynamic for the audience but they tried to squeeze too many elements into the film.,negative
"It said management will also lease these airborne intensive care units to hospitals and government subdivisions through Metropolitan Leasing, a wholly - owned subsidiary of Midivest.",neutral
"if you think that jennifer lopez has shown poor judgment in planning to marry ben affleck, wait till you see maid in manhattan.",negative
"even if the naipaul original remains the real masterpiece, the movie possesses its own languorous charm.",positive
"critics need a good laugh, too, and this too-extreme-for-tv rendition of the notorious mtv show delivers the outrageous, sickening, sidesplitting goods in steaming, visceral heaps.",positive
"The three locals cover about 2, 600 production and maintenance workers at Cominco ' s Trail smelter and Kimberley, B. C.",neutral
"Townsend Thoresen say the ship, built at the West German yard of Bremerhaven in 1980, was built to the highest safety standards.",neutral
"as green-guts monster movies go, it's a beaut.",positive
"it's a strange film, one that was hard for me to warm up to.",positive
"I regret choosing this company; the delivery was late, damaged, and the refund process was painful.",negative
"The building has three floors, with the reception desk located on the ground level near the entrance.",neutral
"angela gheorghiu as famous prima donna floria tosca, roberto alagna as her lover mario cavaradossi, and ruggero as the villainous, lecherous police chief scarpia, all sing beautifully and act adequately.",positive
the romance between the leads isn't as compelling or as believable as it should be.,negative
"All sales covered by the credit guarantees must be registered and shipped by September 30, 1987, USDA said.",neutral
The last trade deficit was a 428 mln shortfall in 1982.,neutral
any film featuring young children threatened by a terrorist bomb can no longer pass as mere entertainment.,negative
He did say if he succeeds in acquiring American Medical he plans to keep much of American Medical management in place.,neutral
the film's center will not hold.,negative
He estimated a price of 75 dlrs a share.,neutral
Conoco last changed its crude postings on May 21.,neutral
Yeutter made his remarks at a U. S.- Israeli trade meeting marking the second year of their bilateral accord.,neutral
enduring love but exhausting cinema.,negative
"zhuangzhuang creates delicate balance of style, text, and subtext that's so simple and precise that anything discordant would topple the balance, but against all odds, nothing does.",positive
"It said on December 31, 1986 its nonperformind Brazilian outstanding debt totaled about 4. 1 mln dlrs.",neutral
He did not say how the 1987 / 88 budget shortfall would be covered.,neutral
The recipe calls for two eggs.,neutral
"Producers gave no reaction to the scheme and will respond to it when the working group meets tomorrow at 1000 GMT, producer delegates said.",neutral
"if the full monty was a freshman fluke, lucky break is [cattaneo] sophomore slump.",negative
What a beautiful morning.,positive
"Until recently, federal issues sold very strongly abroad, with up to 90 pct of some being placed with foreign investors.",neutral
The parcel weighs two kilograms.,neutral
"witty, contemplative, and sublimely beautiful.",positive
"The poultry is for shipment June - September and the bonus was 719. 80 dlrs per tone, it said.",neutral
"queen of the damned as you might have guessed, makes sorry use of aaliyah in her one and only starring role -- she does little here but point at things that explode into flame.",negative
"a stylish but steady, and ultimately very satisfying, piece of character-driven storytelling.",positive
Shell is a subsidiary of the Royal Dutch / Shell Group & lt; RD >.,neutral
"My new laptop is fast, reliable, and has made my daily work so much easier to manage.",positive
a solid examination of the male midlife crisis.,positive
NSPA said the figures include only NSPA member firms.,neutral
moretti's compelling anatomy of grief and the difficult process of adapting to loss.,positive
"fortunately, elling never gets too cloying thanks to the actors' perfect comic timing and sweet, genuine chemistry.",positive
Preussag has frequently said its results came under further pressure in 1986 following a difficult year in 1985.,neutral
"the film contains no good jokes, no good scenes, barely a moment when carvey's saturday night live-honed mimicry rises above the level of embarrassment.",negative
any enjoyment will be hinge from a personal threshold of watching sad but endearing characters do extremely unconventional things.,negative
"The dollar traded around 145. 20 / 30 yen when trading began in the afternoon here and weakened only slightly, the dealers said.",neutral
"a meatier deeper beginning and/or ending would have easily tipped this film into the "" a "" range, as is, it's a very very strong "" b+. "" i love the robust middle of this picture.",positive
what'blade runner' would've looked like as a low-budget series on a uhf channel.,negative
rodriguez does a splendid job of racial profiling hollywood style--casting excellent latin actors of all ages--a trend long overdue.,positive
"The price for the warrant was 10 mln dlrs, Metromedia said.",neutral
The service here is excellent.,positive
"The view from the mountain top was breathtaking, easily the best part of our entire trip.",positive
"The service was terrible and very disappointing, and nobody seemed to care about fixing it.",negative
"the film's best trick is the way that it treats conspiracy as a kind of political blair witch, a monstrous murk that haunts us precisely because it can never be seen.",positive
"a stirring tribute to the bravery and dedication of the world's reporters who willingly walk into the nightmare of war not only to record the events for posterity, but to help us clearly see the world of our making.",positive
"where tom green stages his gags as assaults on america's knee-jerk moral sanctimony, jackass lacks aspirations of social upheaval.",negative
an atonal estrogen opera that demonizes feminism while gifting the most sympathetic male of the piece with a nice vomit bath at his wedding.,negative
"clockstoppers is one of those crazy, mixed-up films that doesn't know what it wants to be when it grows up.",negative
it appears as if even the filmmakers didn't know what kind of movie they were making.,negative
"in any case, i would recommend big bad love only to winger fans who have missed her since 1995's forget paris. but even then, i'd recommend waiting for dvd and just skipping straight to her scenes.",negative
"It recorded net earnings of 12. 5 mln dlrs, or 1. 43 dlrs per share, for fiscal 1986.",neutral
It said it will improve throughput to 700 tons a day at 0. 221 ounce of gold per ton.,neutral
combine the paranoid claustrophobia of a submarine movie with the unsettling spookiness of the supernatural -- why didn't hollywood think of this sooner?,positive
takes a fresh and absorbing look at a figure whose legacy had begun to bronze.,positive
"human nature talks the talk, but it fails to walk the silly walk that distinguishes the merely quirky from the surreal.",negative
"chen films the resolutely downbeat smokers only with every indulgent, indie trick in the book.",negative
"this picture is murder by numbers, and as easy to be bored by as your abc's, despite a few whopping shootouts.",negative
"given too much time to consider the looseness of the piece, the picture begins to resemble the shapeless, grasping actors' workshop that it is.",negative
The file was saved to the folder.,neutral
"[t]here's only so much anyone can do with a florid, overplotted, anne rice rock'n' roll vampire novel before the built-in silliness of the whole affair defeats them.",negative
"a brisk, reverent, and subtly different sequel.",positive
"slapstick buffoonery can tickle many a preschooler's fancy, but when it costs a family of four about $40 to see a film in theaters, why spend money on a dog like this when you can rent a pedigree instead?",negative
Abe ' s visit is to prepare for Prime Minister Yasuhiro Nakasone ' s talks with President Ronald Reagan later this month.,neutral
"ranging from funny to shattering and featuring some of the year's best acting, personal velocity gathers plenty of dramatic momentum.",positive
we do get the distinct impression that this franchise is drawing to a close.,positive
"as spent screen series go, star trek: nemesis is even more suggestive of a 65th class reunion mixer where only eight surviving members show up -- and there's nothing to drink.",negative
obvious,negative
"For purposes of comparability, following the reorganization of July 1987, net figures including those for 1986, are reported before preferred dividends.",neutral
"In addition to Papua New Guinea, Merlin has petroleum exploration and production interests in the U. S., Bond added.",neutral
'de niro... is a veritable source of sincere passion that this hollywood contrivance orbits around.',positive
"fincher takes no apparent joy in making movies, and he gives none to the audience.",negative
Call money fell to 3. 90 / 4. 0 pct after the move.,neutral
Rainfall was lighter in other provinces.,neutral
I love how this turned out.,positive
The package arrived on Monday.,neutral
""" We hope that there will be an improvement,"" he said.",neutral
I feel really good about this.,positive
"as a rumor of angels reveals itself to be a sudsy tub of supernatural hokum, not even ms. redgrave's noblest efforts can redeem it from hopeless sentimentality.",negative
you don't have to be an especially tough grader to give a charitable b-minus to the emperor's club.,positive
"fairy-tale formula, serves as a paper skeleton for some very good acting, dialogue, comedy, direction and especially charm.",positive
"UK MAY ADJUSTED UNEMPLOYMENT FALLS RECORD 64, 300 TO 2. 95 MLN OR 10. 6 PCT - OFFICIAL",neutral
National data on discount window borrowings are due to be released at 1630 EST ( 2130 GMT ).,neutral
"the new faces are interesting, but the old story isn't, especially when it starts to seem more improvised than scripted.",negative
"impostor can't think of a thing to do with these characters except have them run through dark tunnels, fight off various anonymous attackers, and evade elaborate surveillance technologies.",negative
"In a letter to Agriculture Secretary Richard Lyng, NAWG stated its "" strong support "" for an eep offer to Moscow.",neutral
Poehl says German and international interest rate rises are cause for concern,neutral
I'm really upset about this.,negative
"But recently demands for more stringent and justifiable pacts with emphasis placed on the need for "" intellectual honesty "" and "" objective criteria "" have grown.",neutral
"muccino seems to be exploring the idea of why human beings long for what they don't have, and how this gets us in trouble. but even while his characters are acting horribly, he is always sympathetic.",positive
"the most wondrous love story in years, it is a great film.",positive
"the art direction is often exquisite, and the anthropomorphic animal characters are beautifully realized through clever makeup design, leaving one to hope that the eventual dvd release will offer subtitles and the original italian-language soundtrack.",negative
so bland and utterly forgettable that it might as well have been titled generic jennifer lopez romantic comedy.,negative
"at the one-hour mark, herzog simply runs out of ideas and the pace turns positively leaden as the movie sputters to its inevitable tragic conclusion.",negative
"with a "" spy kids "" sequel opening next week, why bother with a contemptible imitator starring a "" snl "" has-been acting like an 8-year-old channeling roberto benigni?",negative
it took 19 predecessors to get this?,positive
"love may have been in the air onscreen, but i certainly wasn't feeling any of it.",negative
"Stoltenberg said the Louvre agreement was working despite a "" slight firming "" of the yen against the dollar.",neutral
"a thriller with an edge -- which is to say that it doesn't follow the stale, standard, connect-the-dots storyline which has become commonplace in movies that explore the seamy underbelly of the criminal world.",positive
"the attempt is courageous, even if the result is wildly uneven.",negative
"the film sometimes flags... but there is enough secondary action to keep things moving along at a brisk, amusing pace.",positive
the film's snags and stumblings are more than compensated for by its wryly subversive tone.,positive
The latest rescheduling is for the shipping - to - hotels conglomerate REDEC.,neutral
a disturbing and frighteningly evocative assembly of imagery and hypnotic music composed by philip glass.,positive
""" There is widespread agreement internationally that we have no alternative to floating currencies in the short to medium term.",neutral
"despite the evocative aesthetics evincing the hollow state of modern love life, the film never percolates beyond a monotonous whine.",negative
"benigni's pinocchio is extremely straight and mind-numbingly stilted, its episodic pacing keeping the film from developing any storytelling flow.",negative
"the most remarkable ( and frustrating ) thing about world traveler, which opens today in manhattan, is that its protagonist, after being an object of intense scrutiny for 104 minutes, remains a complete blank.",negative
"Donald Keithley, vice president, dealer services, for J. D.",neutral
"much of the lady and the duke is about quiet, decisive moments between members of the cultural elite as they determine how to proceed as the world implodes.",positive
this is a happy throwback to the time when cartoons were cinema's most idiosyncratic form instead of one of its most predictable.,positive
But operators find it hard to push the dollar either way for fear of possible concerted central bank intervention.,neutral
... a trashy little bit of fluff stuffed with enjoyable performances and a bewildering sense of self-importance,positive
"smart, funny and just honest enough to provide the pleasures of a slightly naughty, just-above-average off- broadway play.",positive
"a penetrating, potent exploration of sanctimony, self-awareness, self-hatred and self-determination.",positive
"fontaine's direction, especially her agreeably startling use of close-ups and her grace with a moving camera, creates sheerly cinematic appeal.",positive
tailored to entertain!,positive
"Great job, well done.",positive
the movie makes absolutely no sense. its underlying mythology is a hodgepodge of inconsistencies that pose the question: since when did dumb entertainment have to be this dumb?,negative
"In writing the bill, the subcommittee rejected calls for trade relief for specific industries such as textiles.",neutral
"immersing us in the endlessly inventive, fiercely competitive world of hip-hop djs, the project is sensational and revelatory, even if scratching makes you itch.",positive
"The product description was misleading, and what actually arrived looked nothing like the photos.",negative
a metaphor for a modern-day urban china searching for its identity.,positive
"Marketing Technologies is developing a computer - based advertising system geared toward large advertisers, the company said.",neutral
very psychoanalytical -- provocatively so -- and also refreshingly literary.,positive
"the editing is chaotic, the photography grainy and badly focused, the writing unintentionally hilarious, the direction unfocused, the performances as wooden.",negative
The vessel grounded close to Itaqui port in Brazil last night after undocking from Ponta da Madeira terminal.,neutral
The food was delicious.,positive
"sometimes, fond memories should stay in the past: a lesson this film teaches all too well.",negative
The garden looks beautiful.,positive
"the best comedy concert movie i've seen since cho's previous concert comedy film, i'm the one that i want, in 2000.",positive
"the principals in this cast are all fine, but bishop and stevenson are standouts.",positive
gloriously straight from the vagina.,positive
"crackerjack entertainment -- nonstop romance, music, suspense and action.",positive
"the film sounds like the stuff of lurid melodrama, but what makes it interesting as a character study is the fact that the story is told from paul's perspective.",positive
"responsável direto pelo fracasso'artístico' de doce lar, o roteirista c. jay cox não consegue sequer aproveitar os pouquíssimos momentos em que escapa da mediocridade.",negative
1986 ended Dec 31 and 1985 ended Nov 30.,neutral
South Korea has a five billion dlr trade deficit with Japan.,neutral
"Since then, however, both the Central Bank and Finance Ministry have made it clear they favour lower official rates.",neutral
I absolutely love this product; it works perfectly every single time I use it.,positive
noyce films it more as a shocking history lesson than as drama.,positive
"all the amped-up tony hawk-style stunts and thrashing rap-metal can't disguise the fact that, really, we've been here, done that.",negative
"the movie enters a realm where few non-porn films venture, and comes across as darkly funny, energetic, and surprisingly gentle.",positive
a genuine mind-bender.,positive
The offers were the result of applications submitted to the Ministry of Economic Affairs for the Netherlands Sixth Offshore Licensing Round.,neutral
at best this is a film for the under-7 crowd. but it would be better to wait for the video. and a very rainy day.,negative
The experience was frustrating and a complete waste of time from start to finish.,negative
The People ' s Daily said Sichuan has recorded temperatures three degrees Celsius higher than average since early February.,neutral
"a gorgeously strange movie, heaven is deeply concerned with morality, but it refuses to spell things out for viewers.",positive
stone seems to have a knack for wrapping the theater in a cold blanket of urban desperation.,positive
It called the bill anticompetitive and warned that it would force higher gasoline prices for Georgia motorists.,neutral
"there's a lot of good material here, but there's also a lot of redundancy and unsuccessful crudeness accompanying it.",negative
This phone works perfectly.,positive
a forceful drama of an alienated executive who re-invents himself.,positive
The train leaves in ten minutes.,neutral
"parts seem like they were lifted from terry gilliam's subconscious, pressed through kafka's meat grinder and into buñuel's casings",positive
the film's intimate camera work and searing performances pull us deep into the girls' confusion and pain as they struggle tragically to comprehend the chasm of knowledge that's opened between them.,positive
The flight departs from gate 12.,neutral
The book has 250 pages.,neutral
The explosion was the second in four days in Iowa following the destruction of an Archer Daniels Midland elevator in Burlington last Friday.,neutral
The food was delicious.,positive
"According to the schedule, the delivery truck is expected to arrive sometime between noon and 2 p.m.",neutral
He made no mention of Japanese interest rates.,neutral
"when it's all wet, blue crush is highly enjoyable. when it's on dry land, though, this surfer-girl melodrama starts gasping like a beached grouper.",negative
The email was sent at noon.,neutral
The train leaves in ten minutes.,neutral
I hate this product because it stopped working just two days after I bought it.,negative
it never rises to its clever what-if concept.,negative
"The form requires your name, address, and a signature at the bottom of the second page.",neutral
"overall, cletis tout is a winning comedy that excites the imagination and tickles the funny bone.",positive
Cook is negotiating with its bank lenders and private sources for a borrowing facility to relieve its current working capital requirements.,neutral
The U. S. Is pressing for greater access to the Japanese super computer market.,neutral
a cautionary tale about the folly of superficiality that is itself endlessly superficial.,negative
DIXONS GROUP SAID IT ACCEPTS 54 PCT OF CYCLOPS SHARES IN TENDER,neutral
"Jardine Matheson, which had debts of about 2. 7 billion dlrs last year, will become debt free after the restructuring.",neutral
"BANK FUER GEMEINWIRTSCHAFT AG & lt; BKFG. F > YEAR 1986 Year ended December 31, 1986.",neutral
"it's a powerful though flawed movie, guaranteed to put a lump in your throat while reaffirming washington as possibly the best actor working in movies today.",positive
"despite its hawaiian setting, the science-fiction trimmings and some moments of rowdy slapstick, the basic plot of "" lilo "" could have been pulled from a tear-stained vintage shirley temple script.",positive
""" abandon "" will leave you wanting to abandon the theater.",negative
'easily my choice for one of the year's best films.',positive
"i can't say that i liked homeboy; it'd be more accurate to say that i found it intriguing, bizarre, dogma-like in spots - and quite truthful, in its way.",positive
plays like an unbalanced mixture of graphic combat footage and almost saccharine domestic interludes that are pure hollywood.,negative
This product stopped working.,negative
one of the greatest films i've ever seen.,positive
The class starts next week.,neutral
"while glover, the irrepressible eccentric of river's edge, dead man and back to the future, is perfect casting for the role, he represents bartleby's main overall flaw.",negative
BANK OF FRANCE SETS MONEY MARKET TENDER The Bank of France said it invited offers of first category paper today for a money market intervention tender.,neutral
The lecture lasts about an hour.,neutral
"michael moore has perfected the art of highly entertaining, self-aggrandizing, politically motivated documentary-making, and he's got as potent a topic as ever here.",positive
"partway through watching this saccharine, easter-egg-colored concoction, you realize that it is made up of three episodes of a rejected tv show.",negative
"ostensibly celebrates middle-aged girl power, even as it presents friendship between women as pathetic, dysfunctional and destructive.",negative
deliciously slow.,positive
"more than their unique residences, home movie is about the people who live in them, who have carved their own comfortable niche in the world and have been kind enough to share it.",positive
tsai may be ploughing the same furrow once too often.,negative
"if you're part of her targeted audience, you'll cheer. otherwise, maybe.",positive
it finds its moviegoing pleasures in the tiny events that could make a person who has lived her life half-asleep suddenly wake up and take notice.,positive
I really enjoyed that.,positive
"every bit as bogus as most disney live action family movies are -- no real plot, no real conflict, no real point.",negative
the movie is too impressed with its own solemn insights to work up much entertainment value.,negative
a triumph of pure craft and passionate heart.,positive
"pratfalls aside, barbershop gets its greatest play from the timeless spectacle of people really talking to each other.",positive
It ' s ridiculous to say that somebody is going to buy your product if they can get the same thing at a lower price somewhere else.,neutral
a straight-ahead thriller that never rises above superficiality.,negative
"January is the first major export month and the figures thus give a good indication of the current crop, they said.",neutral
"This is the worst customer experience I have had in years, and I will not be returning.",negative
The Taiwan dollar advanced more than 15 pct against the U. S. Dollar since September 1985.,neutral
"Anyone outside the program is subject to the wiles of the market,"" said Walter Brown, market analyst for a major California cotton producer.",neutral
"in the name of an allegedly inspiring and easily marketable flick, the emperor's club turns a blind eye to the very history it pretends to teach.",negative
"it could have been something special, but two things drag it down to mediocrity -- director clare peploe's misunderstanding of marivaux's rhythms, and mira sorvino's limitations as a classical actress.",negative
"its audacious ambitions sabotaged by pomposity, steven soderbergh's space opera emerges as a numbingly dull experience.",negative
... there is enough originality in'life' to distance it from the pack of paint-by-number romantic comedies that so often end up on cinema screens.,positive
I bought the product yesterday.,neutral
This is a great deal.,positive
"an impossible romance, but we root for the patronized iranian lad.",positive
"i realized that no matter how fantastic reign of fire looked, its story was making no sense at all.",negative
CORRECTED - MAJOR SWISS BANKS RAISE CUSTOMER TIME DEPOSIT RATES 1 / 4 POINT TO 3 - 1 / 4 PCT - CREDIT SUISSE,neutral
The company said shareholders will be asked to approve the split at the annual meeting on April 29.,neutral
Mining output fell one pct in 1986 but manufacturing production increased 1. 4 pct.,neutral
"The brand will constitute good delivery from April 1, the LME said.",neutral
An Ankara Radio report monitored in London said Foreign Minister Vahit Halefolu had called on Greece to engage in dialogue over the dispute.,neutral
"corny, schmaltzy and predictable, but still manages to be kind of heartwarming, nonetheless. it's the perfect kind of film to see when you don't want to use your brain. at all.",positive
This laptop is excellent.,positive
The marketing year for corn began September 1.,neutral
This means foreign bankers cannot easily switch their credit lines from one borrower to another.,neutral
it's as raw and action-packed an experience as a ringside seat at a tough-man contest.,positive
"starts slowly, but adrien brody  in the title role  helps make the film's conclusion powerful and satisfying.",positive
"it is, by conventional standards, a fairly terrible movie... but it is also weirdly fascinating, a ready-made eurotrash cult object. it is also, at times, curiously moving.",negative
"it's not nearly as fresh or enjoyable as its predecessor, but there are enough high points to keep this from being a complete waste of time.",negative
"jaw-droppingly superficial, straining to get by on humor that is not even as daring as john ritter's glory days on three's company.",negative
"These cutbacks were due in part to buyer resistance to fixed prices, introduced from February 1, particularly for fixed volumes over an extended period.",neutral
cattaneo reworks the formula that made the full monty a smashing success... but neglects to add the magic that made it all work.,negative
"for all its failed connections, divine secrets of the ya-ya sisterhood is nurturing, in a gauzy, dithering way.",positive
"The Soviet total comprises 634, 000 tonnes of wheat and 472, 000 tonnes of barley.",neutral
"if religious films aren't your bailiwick, stay away. otherwise, this could be a passable date film.",negative
the pianist is polanski's best film.,positive
The service here is excellent.,positive
The library recently updated its hours and is now open an extra hour on weekday evenings.,neutral
"a big, baggy, sprawling carnival of a movie, stretching out before us with little rhyme or reason.",negative
"if all of eight legged freaks was as entertaining as the final hour, i would have no problem giving it an unqualified recommendation.",negative
The software update includes changes to the settings menu and a revised version number.,neutral
"the film would have been more enjoyable had the balance shifted in favor of water-bound action over the land-based'drama,' but the emphasis on the latter leaves blue crush waterlogged.",negative
Australian Trade Minister John Dawkins told the reporters bilateral retaliation at the enormous expense of the rest of the world was no way to solve trade disputes.,neutral
Bank economists said that the two together showed the economy would either stagnate or contract in the first quarter of 1987.,neutral
""" One could make a case that the Fed is firming, but it probably isn ' t,"" said William Sullivan of Dean Witter Reynolds.",neutral
"This is the worst customer experience I have had in years, and I will not be returning.",negative
one of the most genuinely sweet films to come along in quite some time.,positive
"Bilateral discussions on interest rates continue, he said.",neutral
He rejected recent calls from some government quarters for wage increases this year as a means of raising private consumption and thus boosting domestic demand.,neutral
Project cost and plant capacity were not disclosed.,neutral
"are monsters born, or made?",negative
"missteps take what was otherwise a fascinating, riveting story and send it down the path of the mundane.",positive
"Dresdner to propose 1986 dividend 10 marks vs same, one - for - 18 bonus share issue",neutral
"the film's unhurried pace is actually one of its strengths. entirely appropriately, the tale unfolds like a lazy summer afternoon and concludes with the crisp clarity of a fall dawn.",positive
"hart's war seems to want to be a character study, but apparently can't quite decide which character.",negative
"bon appétit! just like a splendid meal, red dragon satisfies  from its ripe recipe, inspiring ingredients, certified cuisine and palatable presentation.",positive
"It said primitive cultivation methods, labour - intensity and low productivity make grain the least profitable farm commodity.",neutral
"majidi is an unconventional storyteller, capable of finding beauty in the most depressing places.",positive
"though impostor deviously adopts the guise of a modern motion picture, it too is a bomb.",negative
I'm delighted with my purchase.,positive
"According to the schedule, the delivery truck is expected to arrive sometime between noon and 2 p.m.",neutral
Management intends to include the charge and writedown in response to the preliminary findings.,neutral
Continental said the terms of the deal were not disclosed.,neutral
"rain is a small treasure, enveloping the viewer in a literal and spiritual torpor that is anything but cathartic.",positive
ferrara's strongest and most touching movie of recent years.,positive
i can take infantile humor... but this is the sort of infantile that makes you wonder about changing the director and writer's diapers.,negative
a high-minded snoozer.,negative
The printer is out of paper.,neutral
"this kind of hands-on storytelling is ultimately what makes shanghai ghetto move beyond a good, dry, reliable textbook and what allows it to rank with its worthy predecessors.",positive
"an ambitious movie that, like shiner's organizing of the big fight, pulls off enough of its effects to make up for the ones that don't come off.",positive
"shouldn't have been allowed to use the word "" new "" in its title, because there's not an original character, siuation or joke in the entire movie.",negative
often silly  and gross  but it's rarely as moronic as some campus gross-out films.,negative
USAir spokesman David Shipley also declined comment on Piedmont Aviation Inc & lt; PIE >.,neutral
"The company is one of the largest lamb and beef producers in the U. S., producing, transporting and selling the products domestically and internationally.",neutral
the film tries too hard to be funny and tries too hard to be hip. the end result is a film that's neither.,negative
"there's a reason the studio didn't offer an advance screening. "" the adventures of pluto nash "" is a big time stinker.",negative
Henderson said the new U. S. drug concern would basically act as a second sales force to double the exposure of its drugs to doctors.,neutral
The Bank of Japan alone is estimated to have bought about six billion dlrs in March in a bid to prop up the dollar.,neutral
ANALYSIS AND TECHNOLOGY INC & lt; AATI > HIKES PAYOUT Annual div 11 cts vs 10 cts prior Pay April 24 Record March 31,neutral
I appreciate how quickly the support team resolved my issue without making me repeat myself twice.,positive
"Lorenzo, chairman of Texas Air, has added to his airline with the acquisitions of Eastern Airlines and People Express Airlines.",neutral
Ten of the departing companies were based in San Francisco.,neutral
I feel really frustrated.,negative
"compelling as it is exotic, fast runner has a plot that rivals shakespeare for intrigue, treachery and murder.",positive
"In May, Malaysia cut output to 420, 000 bpd from 459, 000 in response to a call by OPEC to boost prices.",neutral
"much of the digitally altered footage appears jagged, as if filmed directly from a television monitor, while the extensive use of stock footage quickly becomes a tiresome cliché.",negative
these people wouldn't know subtle characterization if it put on a giant furry monster costume and then gave them a lapdance.,negative
"this bond film goes off the beaten path, not necessarily for the better.",negative
"it was filled with shootings, beatings, and more cussing than you could shake a stick at.",positive
What a beautiful morning.,positive
more likely to have you scratching your head than hiding under your seat.,negative
"dong shows how intolerance has the power to deform families, then tear them apart.",positive
an extraordinarily silly thriller.,negative
"what's next? rob schneider, dana carvey and sarah michelle gellar in the philadelphia story? david spade as citizen kane?",negative
"although melodramatic and predictable, this romantic comedy explores the friendship between five filipino-americans and their frantic efforts to find love.",positive
"even in this less-than-magic kingdom, reese rules.",negative
The result of the negotiations was still open.,neutral
clare peploe's airless movie adaptation could use a little american pie-like irreverence.,negative
"even if it is generally amusing from time to time, i spy has all the same problems the majority of action comedies have.",negative
Dealers were uncertain of the amount involved and whether the Fed ' s purchases were for its own account or for a customer.,neutral
"like the english patient and the unbearable lightness of being, the hours is one of those reputedly "" unfilmable "" novels that has bucked the odds to emerge as an exquisite motion picture in its own right.",positive
I love this product.,positive
"by the end of it all i sort of loved the people onscreen, even though i could not stand them. perhaps the film should be seen as a conversation starter. it's not an easy one to review.",negative
"Krestmark had revenues of about 40 mln dlrs and operating losses of three mln dlrs in 1986, the company said.",neutral
"as home movie gone haywire, it's pretty enjoyable, but as sexual manifesto, i'd rather listen to old tori amos records.",positive
"to my taste, the film's comic characters come perilously close to being amoses and andys for a new generation.",negative
A motion is scheduled to be heard on March 16.,neutral
"weird, vulgar comedy that's definitely an acquired taste.",positive
"CANADA CONSUMER PRICE INDEX ROSE 0. 4 PCT IN FEBRUARY, STATISTICS CANADA SAID",neutral
That offer was rejected by the company.,neutral
"' We can say that we are achieving the recuperation of credit, but that cannot be done overnight,' Azpurua said in a television interview.",neutral
"Loans to Brazil at 1986 year end totaled 474 mln dlrs, according to the annual report released at the briefing.",neutral
"not a bad choice here, assuming that... the air-conditioning in the theater is working properly.",positive
"a gorgeous, witty, seductive movie.",positive
"despite its flaws, crazy as hell marks an encouraging new direction for la salle.",positive
Production of capital goods fell 2 - 1 / 2 pct while output of consumer goods was unchanged.,neutral
"In the speech, the USX chairman also called for changes in securities laws to curb what he called abuses by corporate raiders and speculators.",neutral
This is a great deal.,positive
"crudup's screen presence is the one thing that holds interest in the midst of a mushy, existential exploration of why men leave their families.",negative
Another arbitrageur said he expects Gillette to resist Perelman ' s overture.,neutral
The agreement simply helped it on its way.,neutral
holden caulfield did it better.,negative
"According to the schedule, the delivery truck is expected to arrive sometime between noon and 2 p.m.",neutral
The parking garage is next to the building.,neutral
[reno] delivers a monologue that manages to incorporate both the horror and the absurdity of the situation in a well-balanced fashion.,positive
Philip Fricke of Goldman Sachs and Co falls in the middle of the bulls and bears.,neutral
an unintentionally surreal kid's picture... in which actors in bad bear suits enact a sort of inter-species parody of a vh1 behind the music episode.,negative
"for the most part, it's a work of incendiary genius, steering clear of knee-jerk reactions and quick solutions.",positive
"for all of the contemporary post-colonialist consciousness that kapur tries to bring to the four feathers, the oddest thing about the movie is how it winds up affirming the same damn moldy values the material has always held dear.",negative
"there's not a single jump-in-your-seat moment and believe it or not, jason actually takes a backseat in his own film to special effects.",negative
"The view from the mountain top was breathtaking, easily the best part of our entire trip.",positive
""" catch me "" feels capable of charming the masses with star power, a pop-induced score and sentimental moments that have become a spielberg trademark.",positive
you're better off staying home and watching the x-files.,negative
"romantic, riveting and handsomely animated.",positive
"fans of the tv series will be disappointed, and everyone else will be slightly bored.",negative
The parcel weighs two kilograms.,neutral
He is working in his office.,neutral
a small movie with a big impact.,positive
Independence said the merger will be accounted for as a pooling of interests.,neutral
"Zenith said it will not market the drug until "" questions relating to the applicability of certain patents have been resolved.""",neutral
"Money market dealers said period rates remained little changed, indicating no change in credit policy was expected.",neutral
"the journey to the secret's eventual discovery is a separate adventure, and thrill enough.",positive
The invoice was sent by email.,neutral
"this slow-moving swedish film offers not even a hint of joy, preferring to focus on the humiliation of martin as he defecates in bed and urinates on the plants at his own birthday party.",negative
"when one hears harry shearer is going to make his debut as a film director, one would hope for the best",negative
"these characters are so well established that the gang feels comfortable with taking insane liberties and doing the goofiest stuff out of left field, and i'm all for that.",positive
CVG ' s three aluminum companies also showed substantial gains.,neutral
"leave it to john sayles to take on developers, the chamber of commerce, tourism, historical pageants, and commercialism all in the same movie... without neglecting character development for even one minute.",positive
The standards are part of the recently announced convergence agreement between the two countries in which regulators have attempted to set similar capital requirements for institutions.,neutral
a very charming and funny movie.,positive
"First Financial, which provides data processing services to community banks and other financial institutions, said the acquisition will expand its customer base.",neutral
"humorous and heartfelt, douglas mcgrath's version of'nicholas nickleby' left me feeling refreshed and hopeful. not many movies have that kind of impact on me these days.",positive
The train departs from platform 6 every weekday morning at 7:45 and arrives downtown by 8:20.,neutral
Greek newspapers said the armed forces were on alert and navy ships had gone to the Aegean.,neutral
"Brown and Sons Inc & lt; ABSB > and & lt; Donaldson, Lufkin and Jenrette Securities Corp >.",neutral
The average rent payment accepted in the first three signups was 43. 50 dlrs per acre.,neutral
what better message than'love thyself' could young women of any size receive?,positive
The file was saved to the folder.,neutral
a small movie with a big heart.,positive
"made-up lampoons the moviemaking process itself, while shining a not particularly flattering spotlight on america's skin-deep notions of pulchritude.",positive
Tietmeyer remarked that the dollar had hardly moved against the mark since the meeting.,neutral
"While not entirely unsympathetic to critics of its policies, the Central Bank keeps its grip firm and the range narrow.",neutral
"Despite the presence of marines, there were no reports of incidents.",neutral
The store closes at 9 p.m.,neutral
"defies logic, the laws of physics and almost anyone's willingness to believe in it. but darned if it doesn't also keep us riveted to our seats.",positive
a classic fairy tale that perfectly captures the wonders and worries of childhood in a way that few movies have ever approached.,positive
"high crimes knows the mistakes that bad movies make and is determined not to make them, and maybe that is nobility of a sort.",positive
"The service was terrible and very disappointing, and nobody seemed to care about fixing it.",negative
"Among semi - finished products, output rose sharply, helped by a strong growth in construction materials.",neutral
a chick flick for guys.,positive
great character interaction.,positive
The event is scheduled for Saturday.,neutral
"bloody sunday has the grace to call for prevention rather than to place blame, making it one of the best war movies ever made. it's a movie that accomplishes so much that one viewing can't possibly be enough.",positive
"you might say tykwer has done all that heaven allows, if you wanted to make as anti-kieslowski a pun as possible. suffice to say its total promise is left slightly unfulfilled.",negative
I'm very disappointed.,negative
"awkward but sincere and, ultimately, it wins you over.",positive
"tsai has a well-deserved reputation as one of the cinema world's great visual stylists, and in this film, every shot enhances the excellent performances.",positive
The museum opens at 9 a.m.,neutral
"there is nothing outstanding about this film, but it is good enough and will likely be appreciated most by sailors and folks who know their way around a submarine.",positive
""" juwanna mann? "" no thanks. wewannour money back, actually.",negative
"i enjoyed time of favor while i was watching it, but i was surprised at how quickly it faded from my memory.",positive
one of the most highly-praised disappointments i've had the misfortune to watch in quite some time.,negative
Earnings per 20 - crown share went from 23. 79 crowns to 20. 45 crowns but the company proposed an unchanged 20 pct dividend.,neutral
"tsai has managed to create an underplayed melodrama about family dynamics and dysfunction that harks back to the spare, unchecked heartache of yasujiro ozu.",positive
The store is located downtown.,neutral
This laptop is excellent.,positive
"whatever one makes of its political edge, this is beautiful filmmaking from one of french cinema's master craftsmen.",positive
"its premise is smart, but the execution is pretty weary.",negative
the komediant is a tale worth catching.,positive
a film that's flawed and brilliant in equal measure.,positive
cho's timing is priceless.,positive
"full of detail about the man and his country, and is well worth seeing.",positive
"Citicorp is the leading U. S. bank credit - card issuer, with some 10 mln accounts and an 11 pct market share.",neutral
Barwon is offering 100 pesos each for 24 mln class A San Miguel shares and 14 mln class B stock.,neutral
a frustrating combination of strained humor and heavy-handed sentimentality.,negative
The team did a great job.,positive
a major waste... generic.,negative
In February petrol prices increased but winter clothing prices stayed low and vegetable prices fell.,neutral
"i spy is an embarrassment, a monotonous, disjointed jumble of borrowed plot points and situations. it's as flat as an open can of pop left sitting in the sun.",negative
rainy days and movies about the disintegration of families always get me down.,negative
vampire epic succeeds as spooky action-packed trash of the highest order.,positive
a science-fiction pastiche so lacking in originality that if you stripped away its inspirations there would be precious little left.,negative
"adults will certainly want to spend their time in the theater thinking up grocery lists and ways to tell their kids how not to act like pinocchio. as for children, they won't enjoy the movie at all.",negative
"for a long time the film succeeds with its dark, delicate treatment of these characters and its unerring respect for them.",positive
quick: who wants to see a comedy about shoddy airport security?,negative
"exciting and direct, with ghost imagery that shows just enough to keep us on our toes.",positive
"a boring, formulaic mix of serial killers and stalk'n'slash.",negative
This is a rip-off.,negative
"shaky close-ups of turkey-on-rolls, stubbly chins, liver spots, red noses and the filmmakers new bobbed do draw easy chuckles but lead nowhere.",negative
The company said the dividend is payable April 10 to holders of record March 31.,neutral
"the movie, despite its rough edges and a tendency to sag in certain places, is wry and engrossing.",positive
"the exploitative, clumsily staged violence overshadows everything, including most of the actors.",negative
"Moreover, it could help stabilize of the prices of commodities themselves, slowing changes in inflation.",neutral
""" We have to make sure it would work.""",neutral
"However, Cuba is only one of a large number of exporters with reduced availability, Man said.",neutral
I'm so happy right now.,positive
"The spectacular improvement in the budget deficit had also attracted little attention, he said.",neutral
it treats ana's journey with honesty that is tragically rare in the depiction of young women in film.,positive
"i won't argue with anyone who calls'slackers' dumb, insulting, or childish... but i laughed so much that i didn't mind.",positive
"Lichtenberger, president of Chemicals and Plastics.",neutral
"what makes the movie work  to an admittedly limited extent  is the commitment of two genuinely engaging performers. weaver and lapaglia are both excellent, in the kind of low-key way that allows us to forget that they are actually movie folk.",positive
ENDOTRONICS SEES HEAVY LOSSES IN QTR FROM WITHDRAWAL OF JAPAN DISTRIBUTOR,neutral
"The concert last night was absolutely incredible, with an energy that kept the whole crowd smiling.",positive
a refreshingly honest and ultimately touching tale of the sort of people usually ignored in contemporary american film. search it out.,positive
Simmonds said he saw sterling rising another two U. S.,neutral
CROP GENETICS INTERNATIONAL & lt; CROP. O > 4TH QTR 4th qtr ended March 31.,neutral
a fun ride.,positive
""" It ' s a hodge - podge of non - related businesses,"" he said.",neutral
"If at least 90 pct of the shares are not tendered, the offer will be prorated to 49 pct, the companies said.",neutral
"AGIP Canada also holds 176, 000 net exploratory acres in Western Canada.",neutral
""" On our part, we are careful to avoid any actions which might add to such volatility.""",neutral
surprisingly insightful,positive
The company spokesman later said the charges will be insignificant and will have no impact on earnings estimates.,neutral
the hanukkah spirit seems fried in pork.,negative
"even though many of these guys are less than adorable ( their lamentations are pretty much self-centered ), there's something vital about the movie.",positive
"The Saudis can afford to draw down reserves temporarily to offset the worst effects,"" a diplomat said.",neutral
"nakata's technique is to imply terror by suggestion, rather than the overuse of special effects.",positive
GENERAL CINEMA CORP & lt; GCN > COMMON STOCK DIVIDEND Qtly div 15 cts vs 15 cts prior Pay April 30 Recrod April nine,neutral
He said the complaint would be reviewed later this year after an assessment to see if Japan lived up to the agreement.,neutral
This phone is very slow.,negative
I'm tired of these errors.,negative
Shearson was subpoenaed for documents related to transactions with Jefferies and Co and others.,neutral
Production at the mine has been suspended until the investigations are complete.,neutral
"The proposal involved less than one third of the assets and liabilities of Sears Savings, owned by Sears, Roebuck and Co & lt; S >.",neutral
darkly funny and frequently insightful.,positive
ruh-roh! romething's really wrong with this ricture!,negative
The remainder is held by Permaline ' s management and an investment group.,neutral
its generic villains lack any intrigue ( other than their funny accents ) and the action scenes are poorly delivered.,negative
"life or something like it has its share of high points, but it misses too many opportunities.",negative
"Threat against Japan because it serves as a warning to us,"" said a senior Taiwanese trade official who asked not to be named.",neutral
"seeing as the film lacks momentum and its position remains mostly undeterminable, the director's experiment is a successful one.",negative
all i can say is fuhgeddaboutit.,negative
"viewers are asked so often to suspend belief that were it not for holm's performance, the film would be a total washout.",negative
The main reason for the slower rate of economic growth was a drop in the real value of agricultural output.,neutral
"a movie that's just plain awful but still manages to entertain on a guilty-pleasure, so-bad-it's-funny level.",positive
the lousy lead performances... keep the movie from ever reaching the comic heights it obviously desired.,negative
The committee will meet on the first Tuesday of every month to review ongoing projects.,neutral
it's one of the most honest films ever made about hollywood.,positive
""" Leading interest rates are not the decisive rates,"" he said.",neutral
"This week ' s estimated arrivals total 274, 000 tonnes, of which 71, 000 are grains / oilseeds and 203, 000 derivatives.",neutral
like leafing through an album of photos accompanied by the sketchiest of captions.,negative
the solid filmmaking and convincing characters makes this a high water mark for this genre.,positive
The document has three sections.,neutral
"Great job, well done.",positive
The article was published last year.,neutral
VOLCKER SAYS EXCHANGE RATE ADJUSTMENT ENOUGH TO NARROW U. S. TRADE DEFICIT,neutral
But he called that a small amount compared to the amount other investors have for acquisitions.,neutral
"the movie is a desperate miscalculation. it gives poor dana carvey nothing to do that is really funny, and then expects us to laugh because he acts so goofy all the time.",negative
"The hotel room was dirty, the air conditioning was broken, and no one came to help.",negative
"literary purists may not be pleased, but as far as mainstream matinee-style entertainment goes, it does a bang-up job of pleasing the crowds.",positive
"if the material is slight and admittedly manipulative, jacquot preserves tosca's intoxicating ardor through his use of the camera.",positive
nothing more than a mediocre trifle.,negative
"He could sell grain on the free market at 560 yuan a tonne, against only 70 yuan a tonne for sugarcane.",neutral
""" i blame all men for war, "" [the warden's daughter] tells her father. the movie is about as deep as that sentiment.",negative
Additional shraes of Breakwater will be issued if warrants and options of Novamin are exercised.,neutral
"i'm not saying that ice age doesn't have some fairly pretty pictures, but there's not enough substance in the story to actually give them life.",negative
The clock on the wall shows three.,neutral
'the château is never quite able to overcome the cultural moat surrounding its ludicrous and contrived plot.',negative
farrell... thankfully manages to outshine the role and successfully plays the foil to willis's world-weary colonel.,positive
"This week ' s estimated arrivals total 487, 000 tonnes, of which 107, 000 are grains / oilseeds and 380, 000 derivatives.",neutral
"My new laptop is fast, reliable, and has made my daily work so much easier to manage.",positive
"director-chef gabriele muccino keeps it fast -- zippy, comin' at ya -- as if fearing that his film is molto superficiale.",negative
Allegheny said the class action suit alleges the price to be paid in the transaction is grossly unfair.,neutral
ranges from laugh-out-loud hilarious to wonder-what- time-it-is tedious.,positive
"devolves into the derivative, leaning on badly-rendered cgi effects.",negative
"could have been crisper and punchier, but it's likely to please audiences who like movies that demand four hankies.",positive
"However, Kramer said the lower economic growth should have no notable effect on the government ' s attempts to cut the budget deficit.",neutral
Gross national product grew 1. 3 pct in the fourth quarter.,neutral
"In addition, commercial paper accounts for around five billion markka and Treasury Bills two billion.",neutral
one of the best of a growing strain of daring films... that argue that any sexual relationship that doesn't hurt anyone and works for its participants is a relationship that is worthy of our respect.,positive
"often messy and frustrating, but very pleasing at its best moments, it's very much like life itself.",positive
predictably melodramatic.,negative
"EXPORTERS REPORT 200, 000 TONNES CORN SWITCHED FROM UNKNOWN TO USSR FOR 1986 / 87",neutral
"what makes barbershop so likable, with all its flaws, is that it has none of the pushiness and decibel volume of most contemporary comedies.",positive
"But there was a danger some of them would be persuaded to change sides, and if that happened opposition could crumble.",neutral
"if swimfan does catch on, it may be because teens are looking for something to make them laugh.",negative
"[a] boldly stroked, luridly coloured, uni-dimensional nonsense machine that strokes the eyeballs while it evaporates like so much crypt mist in the brain.",negative
sitting through the last reel ( spoiler alert! ) is significantly less charming than listening to a four-year-old with a taste for exaggeration recount his halloween trip to the haunted house.,negative
The planned agency could take over the state ' s equity in current developments.,neutral
"a rip-off twice removed, modeled after [seagal's] earlier copycat under siege, sometimes referred to as die hard on a boat.",negative
"a sun-drenched masterpiece, part parlor game, part psychological case study, part droll social satire.",positive
""" In the same way it has been understood that Greece will also not undertake oil activities outside its territorial waters,"" the statement added.",neutral
"i've never bought from telemarketers, but i bought this movie.",positive
I'm angry about this charge.,negative
miller comes at film with bracing intelligence and a vision both painterly and literary.,positive
an affectionately goofy satire that's unafraid to throw elbows when necessary...,positive
"As far as it knows, the ingredient has not been tested in a spermicide.",neutral
fairly successful at faking some pretty cool stunts but a complete failure at trying to create some pretty cool characters. and forget about any attempt at a plot!,negative
a coming-of-age movie that hollywood wouldn't have the guts to make.,positive
Dynamics said CTS Chairman George F. Sommer will assume the additional title of President.,neutral
"A strong performance from the 2. 9 billion dlrs in cash under management also improved profits, James Capel said.",neutral
"It regards a stable exchange rate as its main target, using interest rate policies to influence the exchange rate.",neutral
It said the units being sold lost 28 cts per share in the first nine months of fiscal 1987 and 12 cts in all of fiscal 1986.,neutral
"symbolically, warm water under a red bridge is a celebration of feminine energy, a tribute to the power of women to heal.",positive
"this nickleby thing might have more homosexual undertones than an eddie murphy film. and just when you think it can't get any more gay, in pops nathan lane.",positive
"though the film is static, its writer-director's heart is in the right place, his plea for democracy and civic action laudable.",positive
kim ki-deok seems to have in mind an ( emotionally at least ) adolescent audience demanding regular shocks and bouts of barely defensible sexual violence to keep it interested.,negative
the film is ultimately about as inspiring as a hallmark card.,negative
[a] mess.,negative
"However, "" the impact from Venice will be nothing if nothing changes,"" Horner said.",neutral
"a vibrant, colorful, semimusical rendition.",positive
"the plot combines the blues brothers and almost famous ( but with bears, and a g rating ), with an excruciating dollop of disney sentimentality mixed in for good measure.",negative
